station,timestamp,measurement_type,value
DEB-KER01,2026-05-21,CO,392.85909090909087
DEB-KER01,2026-05-21,CO2,757.6363636363636
DEB-KER01,2026-05-21,Conductivity,1.1
DEB-KER01,2026-05-21,Humidity,49.5
DEB-KER01,2026-05-21,LAEQ_day,58.9
DEB-KER01,2026-05-21,LAEQ_night,50.3
DEB-KER01,2026-05-21,NO,0.6999999999999998
DEB-KER01,2026-05-21,NO2,12.490909090909092
DEB-KER01,2026-05-21,NOx,19.833333333333332
DEB-KER01,2026-05-21,O3,151.91363636363636
DEB-KER01,2026-05-21,PM10,12.113636363636363
DEB-KER01,2026-05-21,PM2.5,7.136363636363637
DEB-KER01,2026-05-21,Pressure,1003.0954545454545
DEB-KER01,2026-05-21,TVOC,2.5
DEB-KER01,2026-05-21,WaterLevel,7.0
DEB-KER01,2026-05-21,WaterTemp,12.795454545454545
DEB-KER01,2026-05-21,Wind_Direction,312.8818181818182
DEB-KER01,2026-05-21,Wind_Speed,21.922727272727272
DEB-KER01,2026-05-22,CO,395.125
DEB-KER01,2026-05-22,CO2,766.1333333333333
DEB-KER01,2026-05-22,Conductivity,1.1
DEB-KER01,2026-05-22,Humidity,61.13333333333333
DEB-KER01,2026-05-22,LAEQ_day,63.4
DEB-KER01,2026-05-22,LAEQ_night,50.9
DEB-KER01,2026-05-22,NO2,17.05
DEB-KER01,2026-05-22,O3,131.04166666666666
DEB-KER01,2026-05-22,PM10,11.358333333333334
DEB-KER01,2026-05-22,PM2.5,6.25
DEB-KER01,2026-05-22,Pressure,1006.375
DEB-KER01,2026-05-22,WaterLevel,6.916666666666667
DEB-KER01,2026-05-22,WaterTemp,12.800000000000002
DEB-KER01,2026-05-22,Wind_Direction,323.84999999999997
DEB-KER01,2026-05-22,Wind_Speed,23.65833333333333
DEB-KER01,2026-05-23,Conductivity,1.1
DEB-KER01,2026-05-23,LAEQ_day,58.7
DEB-KER01,2026-05-23,LAEQ_night,51.9
DEB-KER01,2026-05-23,WaterLevel,6.900000000000001
DEB-KER01,2026-05-23,WaterTemp,12.800000000000002
DEB-KER01,2026-05-24,Conductivity,1.1
DEB-KER01,2026-05-24,LAEQ_day,58.1
DEB-KER01,2026-05-24,LAEQ_night,49.3
DEB-KER01,2026-05-24,WaterLevel,6.900000000000001
DEB-KER01,2026-05-24,WaterTemp,12.800000000000002
DEB-KER01,2026-05-25,Conductivity,1.1
DEB-KER01,2026-05-25,LAEQ_day,56.4
DEB-KER01,2026-05-25,LAEQ_night,51.3
DEB-KER01,2026-05-25,WaterLevel,6.900000000000001
DEB-KER01,2026-05-25,WaterTemp,12.800000000000002
DEB-KER01,2026-05-26,CO,463.1166666666666
DEB-KER01,2026-05-26,CO2,756.7583333333333
DEB-KER01,2026-05-26,Conductivity,1.1
DEB-KER01,2026-05-26,Humidity,36.858333333333334
DEB-KER01,2026-05-26,LAEQ_day,57.6
DEB-KER01,2026-05-26,LAEQ_night,51.7
DEB-KER01,2026-05-26,NO2,2.075
DEB-KER01,2026-05-26,O3,279.075
DEB-KER01,2026-05-26,PM10,9.200000000000001
DEB-KER01,2026-05-26,PM2.5,3.5416666666666665
DEB-KER01,2026-05-26,Pressure,1005.7333333333332
DEB-KER01,2026-05-26,TVOC,11.125
DEB-KER01,2026-05-26,WaterLevel,6.900000000000001
DEB-KER01,2026-05-26,WaterTemp,12.800000000000002
DEB-KER01,2026-05-26,Wind_Direction,240.50833333333333
DEB-KER01,2026-05-26,Wind_Speed,13.641666666666666
DEB-KER01,2026-05-27,CO,369.74583333333334
DEB-KER01,2026-05-27,CO2,768.8874999999999
DEB-KER01,2026-05-27,Conductivity,1.1
DEB-KER01,2026-05-27,Humidity,41.541666666666664
DEB-KER01,2026-05-27,LAEQ_day,59.8
DEB-KER01,2026-05-27,LAEQ_night,53.1
DEB-KER01,2026-05-27,NO2,13.435294117647059
DEB-KER01,2026-05-27,O3,217.42916666666667
DEB-KER01,2026-05-27,PM10,29.53333333333333
DEB-KER01,2026-05-27,PM2.5,5.804166666666667
DEB-KER01,2026-05-27,Pressure,1000.6333333333333
DEB-KER01,2026-05-27,TVOC,2.5
DEB-KER01,2026-05-27,WaterLevel,6.9
DEB-KER01,2026-05-27,WaterTemp,12.8
DEB-KER01,2026-05-27,Wind_Direction,194.4958333333333
DEB-KER01,2026-05-27,Wind_Speed,14.420833333333334
DEB-KER01,2026-05-28,CO,351.1458333333333
DEB-KER01,2026-05-28,CO2,767.2166666666667
DEB-KER01,2026-05-28,Conductivity,1.1
DEB-KER01,2026-05-28,Humidity,38.6875
DEB-KER01,2026-05-28,LAEQ_day,59.2
DEB-KER01,2026-05-28,LAEQ_night,47.5
DEB-KER01,2026-05-28,NO,0.7
DEB-KER01,2026-05-28,NO2,5.7124999999999995
DEB-KER01,2026-05-28,NOx,8.3
DEB-KER01,2026-05-28,O3,153.625
DEB-KER01,2026-05-28,PM10,9.429166666666667
DEB-KER01,2026-05-28,PM2.5,2.6625
DEB-KER01,2026-05-28,Pressure,1001.6791666666667
DEB-KER01,2026-05-28,WaterLevel,6.900000000000001
DEB-KER01,2026-05-28,WaterTemp,12.800000000000002
DEB-KER01,2026-05-28,Wind_Direction,270.9375
DEB-KER01,2026-05-28,Wind_Speed,16.9375
DEB-KER01,2026-05-29,CO,362.28749999999997
DEB-KER01,2026-05-29,CO2,779.1791666666667
DEB-KER01,2026-05-29,Conductivity,1.1708333333333334
DEB-KER01,2026-05-29,Humidity,37.516666666666666
DEB-KER01,2026-05-29,LAEQ_day,57.2
DEB-KER01,2026-05-29,LAEQ_night,47.6
DEB-KER01,2026-05-29,NO,0.7
DEB-KER01,2026-05-29,NO2,8.229166666666666
DEB-KER01,2026-05-29,NOx,12.8
DEB-KER01,2026-05-29,O3,156.04999999999998
DEB-KER01,2026-05-29,PM10,5.7875000000000005
DEB-KER01,2026-05-29,PM2.5,2.154166666666667
DEB-KER01,2026-05-29,Pressure,1005.6541666666667
DEB-KER01,2026-05-29,WaterLevel,6.900000000000001
DEB-KER01,2026-05-29,WaterTemp,12.800000000000002
DEB-KER01,2026-05-29,Wind_Direction,260.84583333333336
DEB-KER01,2026-05-29,Wind_Speed,10.916666666666666
DEB-KER01,2026-05-30,CO,381.45416666666665
DEB-KER01,2026-05-30,CO2,778.6625
DEB-KER01,2026-05-30,Conductivity,1.2
DEB-KER01,2026-05-30,Humidity,43.64166666666667
DEB-KER01,2026-05-30,LAEQ_day,56.9
DEB-KER01,2026-05-30,LAEQ_night,54.2
DEB-KER01,2026-05-30,NO,0.86
DEB-KER01,2026-05-30,NO2,12.112499999999999
DEB-KER01,2026-05-30,NOx,15.14
DEB-KER01,2026-05-30,O3,158.79583333333332
DEB-KER01,2026-05-30,PM10,11.741666666666667
DEB-KER01,2026-05-30,PM2.5,3.7541666666666664
DEB-KER01,2026-05-30,Pressure,999.0791666666668
DEB-KER01,2026-05-30,WaterLevel,6.900000000000001
DEB-KER01,2026-05-30,WaterTemp,12.787500000000001
DEB-KER01,2026-05-30,Wind_Direction,197.63333333333333
DEB-KER01,2026-05-30,Wind_Speed,9.637500000000001
DEB-KER01,2026-05-31,CO,366.0291666666667
DEB-KER01,2026-05-31,CO2,793.8000000000001
DEB-KER01,2026-05-31,Conductivity,1.2
DEB-KER01,2026-05-31,Humidity,60.80833333333334
DEB-KER01,2026-05-31,LAEQ_day,59.9
DEB-KER01,2026-05-31,LAEQ_night,51.5
DEB-KER01,2026-05-31,NO,6.242857142857142
DEB-KER01,2026-05-31,NO2,12.6625
DEB-KER01,2026-05-31,NOx,21.99285714285714
DEB-KER01,2026-05-31,O3,150.74583333333334
DEB-KER01,2026-05-31,PM10,12.866666666666667
DEB-KER01,2026-05-31,PM2.5,6.075
DEB-KER01,2026-05-31,Pressure,995.8291666666668
DEB-KER01,2026-05-31,WaterLevel,6.900000000000001
DEB-KER01,2026-05-31,WaterTemp,12.783333333333333
DEB-KER01,2026-05-31,Wind_Direction,203.09166666666667
DEB-KER01,2026-05-31,Wind_Speed,8.15
DEB-KER01,2026-06-01,CO,372.9916666666666
DEB-KER01,2026-06-01,CO2,796.4833333333332
DEB-KER01,2026-06-01,Conductivity,1.2
DEB-KER01,2026-06-01,Humidity,65.37916666666666
DEB-KER01,2026-06-01,LAEQ_day,57.3
DEB-KER01,2026-06-01,LAEQ_night,45.2
DEB-KER01,2026-06-01,NO,1.0142857142857142
DEB-KER01,2026-06-01,NO2,15.825000000000001
DEB-KER01,2026-06-01,NOx,15.535714285714286
DEB-KER01,2026-06-01,O3,142.07083333333333
DEB-KER01,2026-06-01,PM10,14.929166666666667
DEB-KER01,2026-06-01,PM2.5,7.891666666666667
DEB-KER01,2026-06-01,Pressure,994.8166666666666
DEB-KER01,2026-06-01,WaterLevel,6.900000000000001
DEB-KER01,2026-06-01,WaterTemp,12.791666666666666
DEB-KER01,2026-06-01,Wind_Direction,146.80416666666667
DEB-KER01,2026-06-01,Wind_Speed,9.733333333333333
DEB-KER01,2026-06-02,CO,361.77500000000003
DEB-KER01,2026-06-02,CO2,787.1916666666666
DEB-KER01,2026-06-02,Conductivity,1.1958333333333333
DEB-KER01,2026-06-02,Humidity,69.90833333333333
DEB-KER01,2026-06-02,LAEQ_day,54.7
DEB-KER01,2026-06-02,LAEQ_night,50.5
DEB-KER01,2026-06-02,NO,4.7
DEB-KER01,2026-06-02,NO2,11.708333333333334
DEB-KER01,2026-06-02,NOx,18.207692307692305
DEB-KER01,2026-06-02,O3,134.47083333333333
DEB-KER01,2026-06-02,PM10,11.279166666666667
DEB-KER01,2026-06-02,PM2.5,6.820833333333333
DEB-KER01,2026-06-02,Pressure,995.7375000000001
DEB-KER01,2026-06-02,WaterLevel,6.900000000000001
DEB-KER01,2026-06-02,WaterTemp,12.775
DEB-KER01,2026-06-02,Wind_Direction,261.9458333333333
DEB-KER01,2026-06-02,Wind_Speed,9.620833333333334
DEB-KER01,2026-06-03,CO,358.5333333333333
DEB-KER01,2026-06-03,CO2,786.9041666666667
DEB-KER01,2026-06-03,Conductivity,1.1083333333333334
DEB-KER01,2026-06-03,Humidity,61.487500000000004
DEB-KER01,2026-06-03,LAEQ_day,58.4
DEB-KER01,2026-06-03,LAEQ_night,54.6
DEB-KER01,2026-06-03,NO,0.7
DEB-KER01,2026-06-03,NO2,17.175
DEB-KER01,2026-06-03,NOx,20.514285714285712
DEB-KER01,2026-06-03,O3,153.20416666666668
DEB-KER01,2026-06-03,PM10,10.804166666666667
DEB-KER01,2026-06-03,PM2.5,7.05
DEB-KER01,2026-06-03,Pressure,992.9208333333332
DEB-KER01,2026-06-03,WaterLevel,6.900000000000001
DEB-KER01,2026-06-03,WaterTemp,12.779166666666667
DEB-KER01,2026-06-03,Wind_Direction,154.05833333333334
DEB-KER01,2026-06-03,Wind_Speed,12.329166666666666
DEB-KER01,2026-06-04,CO,357.7166666666667
DEB-KER01,2026-06-04,CO2,801.0041666666666
DEB-KER01,2026-06-04,Conductivity,1.1
DEB-KER01,2026-06-04,Humidity,67.375
DEB-KER01,2026-06-04,LAEQ_day,60.8
DEB-KER01,2026-06-04,LAEQ_night,51.7
DEB-KER01,2026-06-04,NO,0.7
DEB-KER01,2026-06-04,NO2,16.966666666666665
DEB-KER01,2026-06-04,NOx,19.875
DEB-KER01,2026-06-04,O3,109.78750000000001
DEB-KER01,2026-06-04,PM10,13.450000000000001
DEB-KER01,2026-06-04,PM2.5,8.879166666666666
DEB-KER01,2026-06-04,Pressure,992.975
DEB-KER01,2026-06-04,WaterLevel,6.900000000000001
DEB-KER01,2026-06-04,WaterTemp,12.791666666666666
DEB-KER01,2026-06-04,Wind_Direction,180.3083333333333
DEB-KER01,2026-06-04,Wind_Speed,10.291666666666666
DEB-KER01,2026-06-05,CO,349.5916666666667
DEB-KER01,2026-06-05,CO2,789.8833333333333
DEB-KER01,2026-06-05,Conductivity,1.1
DEB-KER01,2026-06-05,Humidity,65.48333333333333
DEB-KER01,2026-06-05,LAEQ_day,59.1
DEB-KER01,2026-06-05,LAEQ_night,43.8
DEB-KER01,2026-06-05,NO,0.6999999999999998
DEB-KER01,2026-06-05,NO2,13.625
DEB-KER01,2026-06-05,NOx,19.5
DEB-KER01,2026-06-05,O3,110.99583333333334
DEB-KER01,2026-06-05,PM10,10.725
DEB-KER01,2026-06-05,PM2.5,6.854166666666667
DEB-KER01,2026-06-05,Pressure,996.6791666666667
DEB-KER01,2026-06-05,WaterLevel,6.900000000000001
DEB-KER01,2026-06-05,WaterTemp,12.775
DEB-KER01,2026-06-05,Wind_Direction,151.05416666666667
DEB-KER01,2026-06-05,Wind_Speed,11.045833333333334
DEB-KER01,2026-06-06,CO,354.9458333333334
DEB-KER01,2026-06-06,CO2,794.9166666666666
DEB-KER01,2026-06-06,Conductivity,1.1
DEB-KER01,2026-06-06,Humidity,67.87083333333334
DEB-KER01,2026-06-06,LAEQ_day,52.4
DEB-KER01,2026-06-06,LAEQ_night,44.7
DEB-KER01,2026-06-06,NO2,16.087500000000002
DEB-KER01,2026-06-06,O3,89.10833333333333
DEB-KER01,2026-06-06,PM10,5.216666666666667
DEB-KER01,2026-06-06,PM2.5,3.6125000000000003
DEB-KER01,2026-06-06,Pressure,1000.5124999999999
DEB-KER01,2026-06-06,WaterLevel,6.900000000000001
DEB-KER01,2026-06-06,WaterTemp,12.762500000000001
DEB-KER01,2026-06-06,Wind_Direction,158.99583333333334
DEB-KER01,2026-06-06,Wind_Speed,7.3625
DEB-KER01,2026-06-07,CO,352.20416666666665
DEB-KER01,2026-06-07,CO2,788.0166666666668
DEB-KER01,2026-06-07,Conductivity,1.1
DEB-KER01,2026-06-07,Humidity,58.92083333333333
DEB-KER01,2026-06-07,LAEQ_day,52.0
DEB-KER01,2026-06-07,LAEQ_night,46.5
DEB-KER01,2026-06-07,NO2,12.433333333333332
DEB-KER01,2026-06-07,O3,102.51666666666667
DEB-KER01,2026-06-07,PM10,7.404166666666666
DEB-KER01,2026-06-07,PM2.5,4.995833333333334
DEB-KER01,2026-06-07,Pressure,1002.6125000000001
DEB-KER01,2026-06-07,WaterLevel,6.900000000000001
DEB-KER01,2026-06-07,WaterTemp,12.779166666666667
DEB-KER01,2026-06-07,Wind_Direction,170.525
DEB-KER01,2026-06-07,Wind_Speed,8.245833333333334
DEB-KER01,2026-06-08,CO,356.8833333333334
DEB-KER01,2026-06-08,CO2,810.1625
DEB-KER01,2026-06-08,Conductivity,1.1
DEB-KER01,2026-06-08,Humidity,53.475
DEB-KER01,2026-06-08,LAEQ_day,56.9
DEB-KER01,2026-06-08,LAEQ_night,48.1
DEB-KER01,2026-06-08,NO,0.7
DEB-KER01,2026-06-08,NO2,11.920833333333334
DEB-KER01,2026-06-08,NOx,17.700000000000003
DEB-KER01,2026-06-08,O3,99.6875
DEB-KER01,2026-06-08,PM10,8.466666666666667
DEB-KER01,2026-06-08,PM2.5,4.041666666666667
DEB-KER01,2026-06-08,Pressure,1002.8125
DEB-KER01,2026-06-08,WaterLevel,6.900000000000001
DEB-KER01,2026-06-08,WaterTemp,12.766666666666666
DEB-KER01,2026-06-08,Wind_Direction,224.34583333333333
DEB-KER01,2026-06-08,Wind_Speed,7.1625000000000005
DEB-KER01,2026-06-09,CO,352.8125
DEB-KER01,2026-06-09,CO2,771.6708333333332
DEB-KER01,2026-06-09,Conductivity,1.1
DEB-KER01,2026-06-09,Humidity,45.75833333333333
DEB-KER01,2026-06-09,LAEQ_day,63.4
DEB-KER01,2026-06-09,LAEQ_night,57.1
DEB-KER01,2026-06-09,NO2,10.575000000000001
DEB-KER01,2026-06-09,O3,141.19166666666666
DEB-KER01,2026-06-09,PM10,9.299999999999999
DEB-KER01,2026-06-09,PM2.5,4.420833333333333
DEB-KER01,2026-06-09,Pressure,998.6875
DEB-KER01,2026-06-09,WaterLevel,6.900000000000001
DEB-KER01,2026-06-09,WaterTemp,12.762500000000001
DEB-KER01,2026-06-09,Wind_Direction,107.76666666666667
DEB-KER01,2026-06-09,Wind_Speed,8.325000000000001
DEB-KER01,2026-06-10,CO,372.6958333333334
DEB-KER01,2026-06-10,CO2,763.4541666666668
DEB-KER01,2026-06-10,Conductivity,1.1
DEB-KER01,2026-06-10,Humidity,50.57083333333333
DEB-KER01,2026-06-10,LAEQ_day,63.4
DEB-KER01,2026-06-10,LAEQ_night,55.0
DEB-KER01,2026-06-10,NO2,13.554166666666667
DEB-KER01,2026-06-10,O3,130.9375
DEB-KER01,2026-06-10,PM10,18.704166666666666
DEB-KER01,2026-06-10,PM2.5,8.1875
DEB-KER01,2026-06-10,Pressure,996.5916666666667
DEB-KER01,2026-06-10,TVOC,2.5
DEB-KER01,2026-06-10,WaterLevel,6.900000000000001
DEB-KER01,2026-06-10,WaterTemp,12.745833333333332
DEB-KER01,2026-06-10,Wind_Direction,97.66666666666667
DEB-KER01,2026-06-10,Wind_Speed,10.8375
DEB-KER01,2026-06-11,CO,363.9041666666667
DEB-KER01,2026-06-11,CO2,784.2125
DEB-KER01,2026-06-11,Conductivity,1.1
DEB-KER01,2026-06-11,Humidity,66.49166666666666
DEB-KER01,2026-06-11,LAEQ_day,61.0
DEB-KER01,2026-06-11,LAEQ_night,55.9
DEB-KER01,2026-06-11,NO,0.9375
DEB-KER01,2026-06-11,NO2,15.769565217391303
DEB-KER01,2026-06-11,NOx,17.125
DEB-KER01,2026-06-11,O3,116.94166666666666
DEB-KER01,2026-06-11,PM10,6.5375000000000005
DEB-KER01,2026-06-11,PM2.5,4.191666666666667
DEB-KER01,2026-06-11,Pressure,997.4041666666667
DEB-KER01,2026-06-11,WaterLevel,6.900000000000001
DEB-KER01,2026-06-11,WaterTemp,12.725
DEB-KER01,2026-06-11,Wind_Direction,190.83333333333334
DEB-KER01,2026-06-11,Wind_Speed,13.241666666666667
DEB-KER01,2026-06-12,CO,359.8541666666667
DEB-KER01,2026-06-12,CO2,783.1041666666666
DEB-KER01,2026-06-12,Conductivity,1.1
DEB-KER01,2026-06-12,Humidity,64.22083333333333
DEB-KER01,2026-06-12,LAEQ_day,63.8
DEB-KER01,2026-06-12,LAEQ_night,54.3
DEB-KER01,2026-06-12,NO,0.8799999999999999
DEB-KER01,2026-06-12,NO2,16.095833333333335
DEB-KER01,2026-06-12,NOx,19.85
DEB-KER01,2026-06-12,O3,92.65833333333335
DEB-KER01,2026-06-12,PM10,6.229166666666667
DEB-KER01,2026-06-12,PM2.5,4.495833333333334
DEB-KER01,2026-06-12,Pressure,1003.2541666666666
DEB-KER01,2026-06-12,WaterLevel,6.900000000000001
DEB-KER01,2026-06-12,WaterTemp,12.745833333333332
DEB-KER01,2026-06-12,Wind_Direction,246.95833333333334
DEB-KER01,2026-06-12,Wind_Speed,10.516666666666667
DEB-KER01,2026-06-13,CO,353.64166666666665
DEB-KER01,2026-06-13,CO2,809.2083333333334
DEB-KER01,2026-06-13,Conductivity,1.1
DEB-KER01,2026-06-13,Humidity,64.125
DEB-KER01,2026-06-13,LAEQ_day,62.5
DEB-KER01,2026-06-13,LAEQ_night,56.5
DEB-KER01,2026-06-13,NO,0.7
DEB-KER01,2026-06-13,NO2,15.704166666666666
DEB-KER01,2026-06-13,NOx,24.2
DEB-KER01,2026-06-13,O3,93.29166666666667
DEB-KER01,2026-06-13,PM10,5.208333333333333
DEB-KER01,2026-06-13,PM2.5,3.9625
DEB-KER01,2026-06-13,Pressure,1000.8416666666667
DEB-KER01,2026-06-13,WaterLevel,6.900000000000001
DEB-KER01,2026-06-13,WaterTemp,12.75
DEB-KER01,2026-06-13,Wind_Direction,170.74166666666667
DEB-KER01,2026-06-13,Wind_Speed,9.120833333333334
DEB-KER01,2026-06-14,CO,341.1458333333333
DEB-KER01,2026-06-14,CO2,793.9541666666668
DEB-KER01,2026-06-14,Conductivity,1.1
DEB-KER01,2026-06-14,Humidity,61.03333333333333
DEB-KER01,2026-06-14,LAEQ_day,63.6
DEB-KER01,2026-06-14,LAEQ_night,56.5
DEB-KER01,2026-06-14,NO,0.7
DEB-KER01,2026-06-14,NO2,12.504166666666668
DEB-KER01,2026-06-14,NOx,21.619999999999997
DEB-KER01,2026-06-14,O3,105.41250000000001
DEB-KER01,2026-06-14,PM10,8.470833333333333
DEB-KER01,2026-06-14,PM2.5,4.3
DEB-KER01,2026-06-14,Pressure,995.1
DEB-KER01,2026-06-14,WaterLevel,6.9
DEB-KER01,2026-06-14,WaterTemp,12.717391304347826
DEB-KER01,2026-06-14,Wind_Direction,181.55416666666667
DEB-KER01,2026-06-14,Wind_Speed,14.299999999999999
DEB-KER01,2026-06-15,CO,338.3833333333333
DEB-KER01,2026-06-15,CO2,787.5583333333334
DEB-KER01,2026-06-15,Conductivity,1.1
DEB-KER01,2026-06-15,Humidity,47.8375
DEB-KER01,2026-06-15,LAEQ_day,63.5
DEB-KER01,2026-06-15,LAEQ_night,57.5
DEB-KER01,2026-06-15,NO,0.7
DEB-KER01,2026-06-15,NO2,14.299999999999999
DEB-KER01,2026-06-15,NOx,24.7
DEB-KER01,2026-06-15,O3,103.90833333333335
DEB-KER01,2026-06-15,PM10,5.879166666666666
DEB-KER01,2026-06-15,PM2.5,2.8625000000000003
DEB-KER01,2026-06-15,Pressure,996.2083333333334
DEB-KER01,2026-06-15,WaterLevel,6.9
DEB-KER01,2026-06-15,WaterTemp,12.743478260869566
DEB-KER01,2026-06-15,Wind_Direction,217.53333333333333
DEB-KER01,2026-06-15,Wind_Speed,13.608333333333334
DEB-KER01,2026-06-16,CO,335.43333333333334
DEB-KER01,2026-06-16,CO2,769.2041666666668
DEB-KER01,2026-06-16,Conductivity,1.1
DEB-KER01,2026-06-16,Humidity,50.025
DEB-KER01,2026-06-16,LAEQ_day,64.7
DEB-KER01,2026-06-16,LAEQ_night,50.9
DEB-KER01,2026-06-16,NO,0.7
DEB-KER01,2026-06-16,NO2,20.385714285714286
DEB-KER01,2026-06-16,NOx,35.05
DEB-KER01,2026-06-16,O3,126.875
DEB-KER01,2026-06-16,PM10,6.691666666666666
DEB-KER01,2026-06-16,PM2.5,3.8791666666666664
DEB-KER01,2026-06-16,Pressure,1000.4416666666666
DEB-KER01,2026-06-16,WaterLevel,6.900000000000001
DEB-KER01,2026-06-16,WaterTemp,12.725
DEB-KER01,2026-06-16,Wind_Direction,209.3375
DEB-KER01,2026-06-16,Wind_Speed,13.058333333333332
DEB-KER01,2026-06-17,CO,351.4791666666667
DEB-KER01,2026-06-17,CO2,787.1833333333334
DEB-KER01,2026-06-17,Conductivity,1.1
DEB-KER01,2026-06-17,Humidity,53.387499999999996
DEB-KER01,2026-06-17,LAEQ_day,61.7
DEB-KER01,2026-06-17,LAEQ_night,61.0
DEB-KER01,2026-06-17,NO2,23.59047619047619
DEB-KER01,2026-06-17,O3,105.22083333333335
DEB-KER01,2026-06-17,PM10,16.220833333333335
DEB-KER01,2026-06-17,PM2.5,4.9750000000000005
DEB-KER01,2026-06-17,Pressure,1000.9375
DEB-KER01,2026-06-17,WaterLevel,6.900000000000001
DEB-KER01,2026-06-17,WaterTemp,12.720833333333333
DEB-KER01,2026-06-17,Wind_Direction,156.22083333333333
DEB-KER01,2026-06-17,Wind_Speed,8.420833333333333
DEB-KER01,2026-06-18,CO,351.98333333333335
DEB-KER01,2026-06-18,CO2,816.9583333333334
DEB-KER01,2026-06-18,Conductivity,1.1
DEB-KER01,2026-06-18,Humidity,56.90416666666667
DEB-KER01,2026-06-18,LAEQ_day,67.2
DEB-KER01,2026-06-18,LAEQ_night,51.3
DEB-KER01,2026-06-18,NO,1.5
DEB-KER01,2026-06-18,NO2,16.36
DEB-KER01,2026-06-18,NOx,16.4
DEB-KER01,2026-06-18,O3,95.60416666666667
DEB-KER01,2026-06-18,PM10,19.495833333333334
DEB-KER01,2026-06-18,PM2.5,6.858333333333333
DEB-KER01,2026-06-18,Pressure,1003.9250000000001
DEB-KER01,2026-06-18,WaterLevel,6.900000000000001
DEB-KER01,2026-06-18,WaterTemp,12.737499999999999
DEB-KER01,2026-06-18,Wind_Direction,206.48333333333335
DEB-KER01,2026-06-18,Wind_Speed,5.5125
DEB-KER01,2026-06-19,CO,389.84999999999997
DEB-KER01,2026-06-19,CO2,800.0916666666667
DEB-KER01,2026-06-19,Conductivity,1.1
DEB-KER01,2026-06-19,Humidity,56.75
DEB-KER01,2026-06-19,LAEQ_day,62.8
DEB-KER01,2026-06-19,LAEQ_night,59.9
DEB-KER01,2026-06-19,NO2,22.363636363636363
DEB-KER01,2026-06-19,O3,89.49166666666667
DEB-KER01,2026-06-19,PM10,24.40833333333333
DEB-KER01,2026-06-19,PM2.5,9.008333333333333
DEB-KER01,2026-06-19,Pressure,1004.6833333333334
DEB-KER01,2026-06-19,TVOC,2.5
DEB-KER01,2026-06-19,WaterLevel,6.900000000000001
DEB-KER01,2026-06-19,WaterTemp,12.733333333333334
DEB-KER01,2026-06-19,Wind_Direction,160.01666666666665
DEB-KER01,2026-06-19,Wind_Speed,5.316666666666666
DEB-KER02,2026-05-21,CO,384.95909090909095
DEB-KER02,2026-05-21,CO2,740.4409090909091
DEB-KER02,2026-05-21,Humidity,46.945454545454545
DEB-KER02,2026-05-21,LAEQ_day,61.1
DEB-KER02,2026-05-21,LAEQ_night,52.6
DEB-KER02,2026-05-21,NO,0.6999999999999998
DEB-KER02,2026-05-21,NO2,16.363636363636363
DEB-KER02,2026-05-21,NOx,22.55
DEB-KER02,2026-05-21,O3,135.18636363636364
DEB-KER02,2026-05-21,PM10,8.831818181818182
DEB-KER02,2026-05-21,PM2.5,5.5227272727272725
DEB-KER02,2026-05-21,Pressure,1001.9772727272727
DEB-KER02,2026-05-21,TVOC,2.5
DEB-KER02,2026-05-21,Wind_Direction,145.90454545454546
DEB-KER02,2026-05-21,Wind_Speed,18.8
DEB-KER02,2026-05-22,CO,365.8625
DEB-KER02,2026-05-22,CO2,739.0875
DEB-KER02,2026-05-22,Humidity,48.02916666666667
DEB-KER02,2026-05-22,LAEQ_day,59.6
DEB-KER02,2026-05-22,LAEQ_night,51.6
DEB-KER02,2026-05-22,NO,0.7
DEB-KER02,2026-05-22,NO2,14.866666666666667
DEB-KER02,2026-05-22,NOx,21.914285714285715
DEB-KER02,2026-05-22,O3,119.5
DEB-KER02,2026-05-22,PM10,6.4624999999999995
DEB-KER02,2026-05-22,PM2.5,3.7083333333333335
DEB-KER02,2026-05-22,Pressure,1005.475
DEB-KER02,2026-05-22,Wind_Direction,161.29166666666666
DEB-KER02,2026-05-22,Wind_Speed,20.320833333333333
DEB-KER02,2026-05-23,CO,361.7208333333333
DEB-KER02,2026-05-23,CO2,736.7333333333332
DEB-KER02,2026-05-23,Humidity,43.46666666666667
DEB-KER02,2026-05-23,LAEQ_day,58.3
DEB-KER02,2026-05-23,LAEQ_night,50.0
DEB-KER02,2026-05-23,NO,0.6999999999999998
DEB-KER02,2026-05-23,NO2,12.716666666666667
DEB-KER02,2026-05-23,NOx,22.21666666666667
DEB-KER02,2026-05-23,O3,124.67916666666667
DEB-KER02,2026-05-23,PM10,6.8500000000000005
DEB-KER02,2026-05-23,PM2.5,3.733333333333333
DEB-KER02,2026-05-23,Pressure,1006.4916666666667
DEB-KER02,2026-05-23,Wind_Direction,170.59166666666667
DEB-KER02,2026-05-23,Wind_Speed,15.579166666666666
DEB-KER02,2026-05-24,CO,356.9458333333334
DEB-KER02,2026-05-24,CO2,737.1875
DEB-KER02,2026-05-24,Humidity,42.4125
DEB-KER02,2026-05-24,LAEQ_day,57.4
DEB-KER02,2026-05-24,LAEQ_night,52.4
DEB-KER02,2026-05-24,NO,0.7
DEB-KER02,2026-05-24,NO2,9.534782608695652
DEB-KER02,2026-05-24,NOx,17.357142857142858
DEB-KER02,2026-05-24,O3,126.97083333333335
DEB-KER02,2026-05-24,PM10,5.216666666666667
DEB-KER02,2026-05-24,PM2.5,3.0083333333333333
DEB-KER02,2026-05-24,Pressure,1007.0083333333333
DEB-KER02,2026-05-24,Wind_Direction,172.04999999999998
DEB-KER02,2026-05-24,Wind_Speed,12.758333333333333
DEB-KER02,2026-05-25,CO,365.29583333333335
DEB-KER02,2026-05-25,CO2,746.6875
DEB-KER02,2026-05-25,Humidity,43.729166666666664
DEB-KER02,2026-05-25,LAEQ_day,59.5
DEB-KER02,2026-05-25,LAEQ_night,54.1
DEB-KER02,2026-05-25,NO,0.7
DEB-KER02,2026-05-25,NO2,6.656521739130435
DEB-KER02,2026-05-25,NOx,11.825
DEB-KER02,2026-05-25,O3,142.60416666666666
DEB-KER02,2026-05-25,PM10,10.445833333333333
DEB-KER02,2026-05-25,PM2.5,5.208333333333333
DEB-KER02,2026-05-25,Pressure,1007.625
DEB-KER02,2026-05-25,Wind_Direction,163.74583333333334
DEB-KER02,2026-05-25,Wind_Speed,11.895833333333334
DEB-KER02,2026-05-26,CO,353.24583333333334
DEB-KER02,2026-05-26,CO2,731.3666666666667
DEB-KER02,2026-05-26,Humidity,40.824999999999996
DEB-KER02,2026-05-26,LAEQ_day,60.1
DEB-KER02,2026-05-26,LAEQ_night,53.3
DEB-KER02,2026-05-26,NO,0.6999999999999998
DEB-KER02,2026-05-26,NO2,9.047058823529412
DEB-KER02,2026-05-26,NOx,14.966666666666669
DEB-KER02,2026-05-26,O3,146.15833333333333
DEB-KER02,2026-05-26,PM10,6.75
DEB-KER02,2026-05-26,PM2.5,2.716666666666667
DEB-KER02,2026-05-26,Pressure,1006.2458333333334
DEB-KER02,2026-05-26,TVOC,2.5
DEB-KER02,2026-05-26,Wind_Direction,158.97083333333333
DEB-KER02,2026-05-26,Wind_Speed,11.729166666666666
DEB-KER02,2026-05-27,CO,367.31666666666666
DEB-KER02,2026-05-27,CO2,735.7875
DEB-KER02,2026-05-27,Humidity,40.75
DEB-KER02,2026-05-27,LAEQ_day,61.0
DEB-KER02,2026-05-27,LAEQ_night,53.0
DEB-KER02,2026-05-27,NO,0.6999999999999998
DEB-KER02,2026-05-27,NO2,10.516666666666667
DEB-KER02,2026-05-27,NOx,14.450000000000001
DEB-KER02,2026-05-27,O3,154.18333333333334
DEB-KER02,2026-05-27,PM10,22.945833333333336
DEB-KER02,2026-05-27,PM2.5,4.895833333333333
DEB-KER02,2026-05-27,Pressure,999.2791666666667
DEB-KER02,2026-05-27,TVOC,2.5
DEB-KER02,2026-05-27,Wind_Direction,133.5125
DEB-KER02,2026-05-27,Wind_Speed,10.183333333333334
DEB-KER02,2026-05-28,CO,338.2708333333333
DEB-KER02,2026-05-28,CO2,729.4958333333334
DEB-KER02,2026-05-28,Humidity,37.12083333333333
DEB-KER02,2026-05-28,LAEQ_day,59.4
DEB-KER02,2026-05-28,LAEQ_night,52.1
DEB-KER02,2026-05-28,NO,0.6999999999999998
DEB-KER02,2026-05-28,NO2,8.229166666666666
DEB-KER02,2026-05-28,NOx,12.258333333333333
DEB-KER02,2026-05-28,O3,129.67499999999998
DEB-KER02,2026-05-28,PM10,6.2250000000000005
DEB-KER02,2026-05-28,PM2.5,1.7833333333333332
DEB-KER02,2026-05-28,Pressure,1000.2875
DEB-KER02,2026-05-28,Wind_Direction,170.76666666666665
DEB-KER02,2026-05-28,Wind_Speed,13.545833333333334
DEB-KER02,2026-05-29,CO,370.37857142857143
DEB-KER02,2026-05-29,CO2,751.3642857142858
DEB-KER02,2026-05-29,Humidity,41.69285714285714
DEB-KER02,2026-05-29,LAEQ_day,64.0
DEB-KER02,2026-05-29,LAEQ_night,55.8
DEB-KER02,2026-05-29,NO,0.6999999999999998
DEB-KER02,2026-05-29,NO2,12.235714285714286
DEB-KER02,2026-05-29,NOx,13.433333333333332
DEB-KER02,2026-05-29,O3,119.93571428571428
DEB-KER02,2026-05-29,PM10,4.621428571428572
DEB-KER02,2026-05-29,PM2.5,1.4928571428571427
DEB-KER02,2026-05-29,Pressure,1005.3857142857142
DEB-KER02,2026-05-29,Wind_Direction,143.37857142857143
DEB-KER02,2026-05-29,Wind_Speed,9.171428571428573
DEB-KER02,2026-05-30,LAEQ_day,59.0
DEB-KER02,2026-05-30,LAEQ_night,52.3
DEB-KER02,2026-05-31,LAEQ_day,58.5
DEB-KER02,2026-05-31,LAEQ_night,50.5
DEB-KER02,2026-06-01,CO,511.925
DEB-KER02,2026-06-01,Humidity,68.05833333333334
DEB-KER02,2026-06-01,LAEQ_day,58.4
DEB-KER02,2026-06-01,LAEQ_night,52.7
DEB-KER02,2026-06-01,NO,0.7
DEB-KER02,2026-06-01,NO2,14.5
DEB-KER02,2026-06-01,NOx,18.071428571428573
DEB-KER02,2026-06-01,O3,172.4416666666667
DEB-KER02,2026-06-01,PM10,12.625
DEB-KER02,2026-06-01,PM2.5,6.141666666666667
DEB-KER02,2026-06-01,Pressure,993.975
DEB-KER02,2026-06-01,TVOC,10.6
DEB-KER02,2026-06-01,Wind_Direction,175.45833333333334
DEB-KER02,2026-06-01,Wind_Speed,4.2749999999999995
DEB-KER02,2026-06-02,CO,363.98333333333335
DEB-KER02,2026-06-02,Humidity,68.325
DEB-KER02,2026-06-02,LAEQ_day,59.8
DEB-KER02,2026-06-02,LAEQ_night,51.4
DEB-KER02,2026-06-02,NO,0.7
DEB-KER02,2026-06-02,NO2,14.700000000000001
DEB-KER02,2026-06-02,NOx,17.476923076923075
DEB-KER02,2026-06-02,O3,123.86666666666667
DEB-KER02,2026-06-02,PM10,7.7625
DEB-KER02,2026-06-02,PM2.5,4.804166666666666
DEB-KER02,2026-06-02,Pressure,994.4583333333334
DEB-KER02,2026-06-02,Wind_Direction,170.13750000000002
DEB-KER02,2026-06-02,Wind_Speed,8.091666666666667
DEB-KER02,2026-06-03,CO,360.9166666666667
DEB-KER02,2026-06-03,CO2,740.5500000000001
DEB-KER02,2026-06-03,Humidity,59.39166666666667
DEB-KER02,2026-06-03,LAEQ_day,59.5
DEB-KER02,2026-06-03,LAEQ_night,52.9
DEB-KER02,2026-06-03,NO,0.7
DEB-KER02,2026-06-03,NO2,15.4375
DEB-KER02,2026-06-03,NOx,20.04
DEB-KER02,2026-06-03,O3,140.29999999999998
DEB-KER02,2026-06-03,PM10,8.112499999999999
DEB-KER02,2026-06-03,PM2.5,5.070833333333334
DEB-KER02,2026-06-03,Pressure,991.4458333333333
DEB-KER02,2026-06-03,Wind_Direction,186.35416666666666
DEB-KER02,2026-06-03,Wind_Speed,5.283333333333333
DEB-KER02,2026-06-04,CO,361.27500000000003
DEB-KER02,2026-06-04,CO2,775.7208333333333
DEB-KER02,2026-06-04,Humidity,64.075
DEB-KER02,2026-06-04,LAEQ_day,60.2
DEB-KER02,2026-06-04,LAEQ_night,51.5
DEB-KER02,2026-06-04,NO,0.7
DEB-KER02,2026-06-04,NO2,15.008333333333333
DEB-KER02,2026-06-04,NOx,19.466666666666665
DEB-KER02,2026-06-04,O3,105.6375
DEB-KER02,2026-06-04,PM10,10.1875
DEB-KER02,2026-06-04,PM2.5,6.4875
DEB-KER02,2026-06-04,Pressure,991.6083333333332
DEB-KER02,2026-06-04,Wind_Direction,228.03333333333333
DEB-KER02,2026-06-04,Wind_Speed,7.0125
DEB-KER02,2026-06-05,CO,351.31666666666666
DEB-KER02,2026-06-05,CO2,765.1666666666666
DEB-KER02,2026-06-05,Humidity,62.791666666666664
DEB-KER02,2026-06-05,LAEQ_day,59.5
DEB-KER02,2026-06-05,LAEQ_night,52.4
DEB-KER02,2026-06-05,NO,0.7
DEB-KER02,2026-06-05,NO2,13.491666666666667
DEB-KER02,2026-06-05,NOx,18.2
DEB-KER02,2026-06-05,O3,101.86666666666667
DEB-KER02,2026-06-05,PM10,8.35
DEB-KER02,2026-06-05,PM2.5,4.970833333333333
DEB-KER02,2026-06-05,Pressure,995.2125
DEB-KER02,2026-06-05,Wind_Direction,199.90416666666667
DEB-KER02,2026-06-05,Wind_Speed,6.825
DEB-KER02,2026-06-06,CO,358.46250000000003
DEB-KER02,2026-06-06,CO2,773.4041666666667
DEB-KER02,2026-06-06,Humidity,67.03750000000001
DEB-KER02,2026-06-06,LAEQ_day,58.2
DEB-KER02,2026-06-06,LAEQ_night,53.0
DEB-KER02,2026-06-06,NO,0.6999999999999998
DEB-KER02,2026-06-06,NO2,14.220833333333333
DEB-KER02,2026-06-06,NOx,15.358333333333334
DEB-KER02,2026-06-06,O3,94.07916666666667
DEB-KER02,2026-06-06,PM10,3.5875
DEB-KER02,2026-06-06,PM2.5,2.5208333333333335
DEB-KER02,2026-06-06,Pressure,999.1291666666666
DEB-KER02,2026-06-06,Wind_Direction,173.5
DEB-KER02,2026-06-06,Wind_Speed,5.254166666666666
DEB-KER02,2026-06-07,CO,353.6875
DEB-KER02,2026-06-07,CO2,769.8083333333334
DEB-KER02,2026-06-07,Humidity,57.95416666666667
DEB-KER02,2026-06-07,LAEQ_day,60.1
DEB-KER02,2026-06-07,LAEQ_night,53.5
DEB-KER02,2026-06-07,NO,0.7
DEB-KER02,2026-06-07,NO2,11.641666666666666
DEB-KER02,2026-06-07,NOx,16.6125
DEB-KER02,2026-06-07,O3,89.06666666666666
DEB-KER02,2026-06-07,PM10,5.195833333333334
DEB-KER02,2026-06-07,PM2.5,3.5416666666666665
DEB-KER02,2026-06-07,Pressure,1001.1999999999999
DEB-KER02,2026-06-07,Wind_Direction,162.88333333333333
DEB-KER02,2026-06-07,Wind_Speed,6.566666666666666
DEB-KER02,2026-06-08,CO,356.6333333333334
DEB-KER02,2026-06-08,CO2,777.4625
DEB-KER02,2026-06-08,Humidity,52.51666666666667
DEB-KER02,2026-06-08,LAEQ_day,58.9
DEB-KER02,2026-06-08,LAEQ_night,52.2
DEB-KER02,2026-06-08,NO,0.7
DEB-KER02,2026-06-08,NO2,12.262500000000001
DEB-KER02,2026-06-08,NOx,20.6
DEB-KER02,2026-06-08,O3,90.44166666666666
DEB-KER02,2026-06-08,PM10,6.2
DEB-KER02,2026-06-08,PM2.5,2.7875
DEB-KER02,2026-06-08,Pressure,1001.4125
DEB-KER02,2026-06-08,Wind_Direction,182.04583333333335
DEB-KER02,2026-06-08,Wind_Speed,6.208333333333333
DEB-KER02,2026-06-09,CO,353.98333333333335
DEB-KER02,2026-06-09,CO2,760.1333333333333
DEB-KER02,2026-06-09,Humidity,46.300000000000004
DEB-KER02,2026-06-09,LAEQ_day,60.7
DEB-KER02,2026-06-09,LAEQ_night,50.8
DEB-KER02,2026-06-09,NO,0.7
DEB-KER02,2026-06-09,NO2,9.095652173913043
DEB-KER02,2026-06-09,NOx,16.085714285714285
DEB-KER02,2026-06-09,O3,119.14166666666667
DEB-KER02,2026-06-09,PM10,7.6000000000000005
DEB-KER02,2026-06-09,PM2.5,2.9333333333333336
DEB-KER02,2026-06-09,Pressure,997.2375000000001
DEB-KER02,2026-06-09,Wind_Direction,149.37916666666666
DEB-KER02,2026-06-09,Wind_Speed,5.858333333333333
DEB-KER02,2026-06-10,CO,369.46250000000003
DEB-KER02,2026-06-10,CO2,746.3708333333334
DEB-KER02,2026-06-10,Humidity,51.22083333333333
DEB-KER02,2026-06-10,LAEQ_day,57.5
DEB-KER02,2026-06-10,LAEQ_night,62.1
DEB-KER02,2026-06-10,NO,0.6999999999999998
DEB-KER02,2026-06-10,NO2,11.252173913043478
DEB-KER02,2026-06-10,NOx,17.816666666666666
DEB-KER02,2026-06-10,O3,138.75833333333335
DEB-KER02,2026-06-10,PM10,13.525
DEB-KER02,2026-06-10,PM2.5,5.829166666666667
DEB-KER02,2026-06-10,Pressure,995.3291666666668
DEB-KER02,2026-06-10,Wind_Direction,130.34166666666667
DEB-KER02,2026-06-10,Wind_Speed,8.758333333333333
DEB-KER02,2026-06-11,CO,360.1583333333333
DEB-KER02,2026-06-11,CO2,765.8125
DEB-KER02,2026-06-11,Humidity,67.06666666666666
DEB-KER02,2026-06-11,LAEQ_day,67.7
DEB-KER02,2026-06-11,LAEQ_night,51.8
DEB-KER02,2026-06-11,NO,0.7333333333333333
DEB-KER02,2026-06-11,NO2,15.629166666666668
DEB-KER02,2026-06-11,NOx,17.20952380952381
DEB-KER02,2026-06-11,O3,111.26666666666667
DEB-KER02,2026-06-11,PM10,4.641666666666667
DEB-KER02,2026-06-11,PM2.5,2.733333333333333
DEB-KER02,2026-06-11,Pressure,996.0833333333334
DEB-KER02,2026-06-11,Wind_Direction,199.4125
DEB-KER02,2026-06-11,Wind_Speed,12.054166666666667
DEB-KER02,2026-06-12,CO,351.3833333333334
DEB-KER02,2026-06-12,CO2,761.6541666666667
DEB-KER02,2026-06-12,Humidity,63.324999999999996
DEB-KER02,2026-06-12,LAEQ_day,58.7
DEB-KER02,2026-06-12,LAEQ_night,49.9
DEB-KER02,2026-06-12,NO,1.726315789473684
DEB-KER02,2026-06-12,NO2,16.337500000000002
DEB-KER02,2026-06-12,NOx,19.86315789473684
DEB-KER02,2026-06-12,O3,100.94166666666666
DEB-KER02,2026-06-12,PM10,3.65
DEB-KER02,2026-06-12,PM2.5,2.8958333333333335
DEB-KER02,2026-06-12,Pressure,1001.8375
DEB-KER02,2026-06-12,Wind_Direction,147.70833333333334
DEB-KER02,2026-06-12,Wind_Speed,8.716666666666667
DEB-KER02,2026-06-13,CO,348.3833333333334
DEB-KER02,2026-06-13,CO2,784.4666666666667
DEB-KER02,2026-06-13,Humidity,61.68333333333334
DEB-KER02,2026-06-13,LAEQ_day,58.4
DEB-KER02,2026-06-13,LAEQ_night,48.8
DEB-KER02,2026-06-13,NO,1.6529411764705881
DEB-KER02,2026-06-13,NO2,12.579166666666666
DEB-KER02,2026-06-13,NOx,15.958823529411765
DEB-KER02,2026-06-13,O3,84.91666666666667
DEB-KER02,2026-06-13,PM10,3.391666666666667
DEB-KER02,2026-06-13,PM2.5,2.504166666666667
DEB-KER02,2026-06-13,Pressure,999.4708333333333
DEB-KER02,2026-06-13,Wind_Direction,212.86249999999998
DEB-KER02,2026-06-13,Wind_Speed,6.4750000000000005
DEB-KER02,2026-06-14,CO,336.1458333333333
DEB-KER02,2026-06-14,CO2,767.5458333333332
DEB-KER02,2026-06-14,Humidity,58.525000000000006
DEB-KER02,2026-06-14,LAEQ_day,59.3
DEB-KER02,2026-06-14,LAEQ_night,53.6
DEB-KER02,2026-06-14,NO,1.4538461538461538
DEB-KER02,2026-06-14,NO2,11.341666666666667
DEB-KER02,2026-06-14,NOx,15.946153846153845
DEB-KER02,2026-06-14,O3,93.90416666666665
DEB-KER02,2026-06-14,PM10,6.1625000000000005
DEB-KER02,2026-06-14,PM2.5,2.779166666666667
DEB-KER02,2026-06-14,Pressure,993.6916666666666
DEB-KER02,2026-06-14,Wind_Direction,214.47083333333333
DEB-KER02,2026-06-14,Wind_Speed,9.179166666666667
DEB-KER02,2026-06-15,CO,336.47083333333336
DEB-KER02,2026-06-15,CO2,771.6750000000001
DEB-KER02,2026-06-15,Humidity,46.28333333333333
DEB-KER02,2026-06-15,LAEQ_day,61.4
DEB-KER02,2026-06-15,LAEQ_night,52.8
DEB-KER02,2026-06-15,NO,1.52
DEB-KER02,2026-06-15,NO2,12.450000000000001
DEB-KER02,2026-06-15,NOx,18.59333333333333
DEB-KER02,2026-06-15,O3,84.4875
DEB-KER02,2026-06-15,PM10,3.2541666666666664
DEB-KER02,2026-06-15,PM2.5,1.6666666666666667
DEB-KER02,2026-06-15,Pressure,994.7458333333334
DEB-KER02,2026-06-15,Wind_Direction,250.85416666666666
DEB-KER02,2026-06-15,Wind_Speed,8.595833333333333
DEB-KER02,2026-06-16,CO,333.33750000000003
DEB-KER02,2026-06-16,CO2,755.3708333333334
DEB-KER02,2026-06-16,Humidity,47.291666666666664
DEB-KER02,2026-06-16,LAEQ_day,60.9
DEB-KER02,2026-06-16,LAEQ_night,54.5
DEB-KER02,2026-06-16,NO,1.2999999999999998
DEB-KER02,2026-06-16,NO2,12.860869565217392
DEB-KER02,2026-06-16,NOx,20.200000000000003
DEB-KER02,2026-06-16,O3,107.08749999999999
DEB-KER02,2026-06-16,PM10,4.558333333333333
DEB-KER02,2026-06-16,PM2.5,2.345833333333333
DEB-KER02,2026-06-16,Pressure,998.8041666666667
DEB-KER02,2026-06-16,Wind_Direction,250.72916666666666
DEB-KER02,2026-06-16,Wind_Speed,7.879166666666666
DEB-KER02,2026-06-17,CO,353.7791666666667
DEB-KER02,2026-06-17,CO2,771.4208333333332
DEB-KER02,2026-06-17,Humidity,51.37916666666666
DEB-KER02,2026-06-17,LAEQ_day,60.8
DEB-KER02,2026-06-17,LAEQ_night,51.2
DEB-KER02,2026-06-17,NO,0.8333333333333334
DEB-KER02,2026-06-17,NO2,13.858333333333334
DEB-KER02,2026-06-17,NOx,17.153333333333332
DEB-KER02,2026-06-17,O3,107.03333333333335
DEB-KER02,2026-06-17,PM10,12.445833333333333
DEB-KER02,2026-06-17,PM2.5,3.420833333333333
DEB-KER02,2026-06-17,Pressure,999.4583333333334
DEB-KER02,2026-06-17,Wind_Direction,190.59583333333333
DEB-KER02,2026-06-17,Wind_Speed,6.216666666666666
DEB-KER02,2026-06-18,CO,342.05
DEB-KER02,2026-06-18,CO2,794.9541666666668
DEB-KER02,2026-06-18,Humidity,56.887499999999996
DEB-KER02,2026-06-18,LAEQ_day,58.2
DEB-KER02,2026-06-18,LAEQ_night,53.0
DEB-KER02,2026-06-18,NO,2.0384615384615383
DEB-KER02,2026-06-18,NO2,12.804761904761904
DEB-KER02,2026-06-18,NOx,21.06153846153846
DEB-KER02,2026-06-18,O3,85.50416666666666
DEB-KER02,2026-06-18,PM10,13.695833333333333
DEB-KER02,2026-06-18,PM2.5,4.8999999999999995
DEB-KER02,2026-06-18,Pressure,1002.3916666666668
DEB-KER02,2026-06-18,Wind_Direction,120.48750000000001
DEB-KER02,2026-06-18,Wind_Speed,4.425
DEB-KER02,2026-06-19,CO,372.7583333333334
DEB-KER02,2026-06-19,CO2,841.8416666666667
DEB-KER02,2026-06-19,Humidity,61.36666666666667
DEB-KER02,2026-06-19,LAEQ_day,59.7
DEB-KER02,2026-06-19,LAEQ_night,54.4
DEB-KER02,2026-06-19,NO,1.6363636363636365
DEB-KER02,2026-06-19,NO2,15.683333333333332
DEB-KER02,2026-06-19,NOx,18.418181818181818
DEB-KER02,2026-06-19,O3,81.75
DEB-KER02,2026-06-19,PM10,15.483333333333334
DEB-KER02,2026-06-19,PM2.5,6.358333333333333
DEB-KER02,2026-06-19,Pressure,1003.0666666666666
DEB-KER02,2026-06-19,Wind_Direction,95.58333333333333
DEB-KER02,2026-06-19,Wind_Speed,3.3833333333333333
DEB-KER03,2026-05-21,CO,385.1045454545454
DEB-KER03,2026-05-21,CO2,750.8090909090909
DEB-KER03,2026-05-21,Conductivity,2.2
DEB-KER03,2026-05-21,Humidity,50.054545454545455
DEB-KER03,2026-05-21,LAEQ_day,53.4
DEB-KER03,2026-05-21,LAEQ_night,48.0
DEB-KER03,2026-05-21,NO,0.7
DEB-KER03,2026-05-21,NO2,15.595454545454546
DEB-KER03,2026-05-21,NOx,23.9
DEB-KER03,2026-05-21,O3,170.26363636363638
DEB-KER03,2026-05-21,PM10,14.818181818181818
DEB-KER03,2026-05-21,PM2.5,6.8
DEB-KER03,2026-05-21,Pressure,1005.6090909090909
DEB-KER03,2026-05-21,TVOC,2.5
DEB-KER03,2026-05-21,WaterLevel,3.9
DEB-KER03,2026-05-21,WaterTemp,12.7
DEB-KER03,2026-05-21,Wind_Direction,179.40454545454546
DEB-KER03,2026-05-21,Wind_Speed,5.181818181818182
DEB-KER03,2026-05-22,CO,368.6125
DEB-KER03,2026-05-22,CO2,746.0875
DEB-KER03,2026-05-22,Conductivity,2.2
DEB-KER03,2026-05-22,Humidity,48.699999999999996
DEB-KER03,2026-05-22,LAEQ_day,53.7
DEB-KER03,2026-05-22,LAEQ_night,45.3
DEB-KER03,2026-05-22,NO2,12.095833333333333
DEB-KER03,2026-05-22,O3,162.94166666666666
DEB-KER03,2026-05-22,PM10,12.966666666666667
DEB-KER03,2026-05-22,PM2.5,4.9875
DEB-KER03,2026-05-22,Pressure,1009.0875
DEB-KER03,2026-05-22,TVOC,2.5
DEB-KER03,2026-05-22,WaterLevel,3.9
DEB-KER03,2026-05-22,WaterTemp,12.699999999999998
DEB-KER03,2026-05-22,Wind_Direction,194.42499999999998
DEB-KER03,2026-05-22,Wind_Speed,5.229166666666667
DEB-KER03,2026-05-23,CO,368.4666666666667
DEB-KER03,2026-05-23,CO2,743.1166666666667
DEB-KER03,2026-05-23,Conductivity,2.2
DEB-KER03,2026-05-23,Humidity,44.225
DEB-KER03,2026-05-23,LAEQ_day,52.2
DEB-KER03,2026-05-23,LAEQ_night,45.1
DEB-KER03,2026-05-23,NO2,10.97
DEB-KER03,2026-05-23,O3,168.5625
DEB-KER03,2026-05-23,PM10,10.533333333333333
DEB-KER03,2026-05-23,PM2.5,4.429166666666666
DEB-KER03,2026-05-23,Pressure,1010.1166666666667
DEB-KER03,2026-05-23,TVOC,2.5
DEB-KER03,2026-05-23,WaterLevel,3.9
DEB-KER03,2026-05-23,WaterTemp,12.699999999999998
DEB-KER03,2026-05-23,Wind_Direction,207.20833333333334
DEB-KER03,2026-05-23,Wind_Speed,4.254166666666666
DEB-KER03,2026-05-24,CO,370.93333333333334
DEB-KER03,2026-05-24,CO2,741.4291666666667
DEB-KER03,2026-05-24,Conductivity,2.2
DEB-KER03,2026-05-24,Humidity,42.608333333333334
DEB-KER03,2026-05-24,LAEQ_day,51.4
DEB-KER03,2026-05-24,LAEQ_night,44.3
DEB-KER03,2026-05-24,NO2,10.581249999999999
DEB-KER03,2026-05-24,O3,165.6875
DEB-KER03,2026-05-24,PM10,9.166666666666666
DEB-KER03,2026-05-24,PM2.5,3.841666666666667
DEB-KER03,2026-05-24,Pressure,1010.5875
DEB-KER03,2026-05-24,TVOC,2.5
DEB-KER03,2026-05-24,WaterLevel,3.9
DEB-KER03,2026-05-24,WaterTemp,12.699999999999998
DEB-KER03,2026-05-24,Wind_Direction,199.79999999999998
DEB-KER03,2026-05-24,Wind_Speed,3.9458333333333333
DEB-KER03,2026-05-25,CO,384.80833333333334
DEB-KER03,2026-05-25,CO2,762.2125
DEB-KER03,2026-05-25,Conductivity,2.2
DEB-KER03,2026-05-25,Humidity,46.37916666666666
DEB-KER03,2026-05-25,LAEQ_day,52.7
DEB-KER03,2026-05-25,LAEQ_night,45.1
DEB-KER03,2026-05-25,NO2,7.711111111111112
DEB-KER03,2026-05-25,O3,171.82500000000002
DEB-KER03,2026-05-25,PM10,13.299999999999999
DEB-KER03,2026-05-25,PM2.5,6.183333333333334
DEB-KER03,2026-05-25,Pressure,1011.4958333333334
DEB-KER03,2026-05-25,TVOC,3.976923076923077
DEB-KER03,2026-05-25,WaterLevel,3.9
DEB-KER03,2026-05-25,WaterTemp,12.699999999999998
DEB-KER03,2026-05-25,Wind_Direction,182.59166666666667
DEB-KER03,2026-05-25,Wind_Speed,3.3249999999999997
DEB-KER03,2026-05-26,CO,369.425
DEB-KER03,2026-05-26,CO2,740.7375000000001
DEB-KER03,2026-05-26,Conductivity,2.2
DEB-KER03,2026-05-26,Humidity,43.4625
DEB-KER03,2026-05-26,LAEQ_day,51.2
DEB-KER03,2026-05-26,LAEQ_night,44.7
DEB-KER03,2026-05-26,NO2,8.246666666666666
DEB-KER03,2026-05-26,O3,197.29583333333335
DEB-KER03,2026-05-26,PM10,10.104166666666666
DEB-KER03,2026-05-26,PM2.5,3.391666666666667
DEB-KER03,2026-05-26,Pressure,1010.1166666666667
DEB-KER03,2026-05-26,TVOC,2.5
DEB-KER03,2026-05-26,WaterLevel,3.9
DEB-KER03,2026-05-26,WaterTemp,12.699999999999998
DEB-KER03,2026-05-26,Wind_Direction,183.57916666666665
DEB-KER03,2026-05-26,Wind_Speed,4.7875000000000005
DEB-KER03,2026-05-27,CO,381.575
DEB-KER03,2026-05-27,CO2,759.2916666666666
DEB-KER03,2026-05-27,Conductivity,2.2
DEB-KER03,2026-05-27,Humidity,44.625
DEB-KER03,2026-05-27,LAEQ_day,53.1
DEB-KER03,2026-05-27,LAEQ_night,47.3
DEB-KER03,2026-05-27,NO,0.7
DEB-KER03,2026-05-27,NO2,11.375
DEB-KER03,2026-05-27,NOx,10.3
DEB-KER03,2026-05-27,O3,200.15416666666667
DEB-KER03,2026-05-27,PM10,25.912499999999998
DEB-KER03,2026-05-27,PM2.5,5.845833333333334
DEB-KER03,2026-05-27,Pressure,1003.1416666666668
DEB-KER03,2026-05-27,TVOC,2.5
DEB-KER03,2026-05-27,WaterLevel,3.9
DEB-KER03,2026-05-27,WaterTemp,12.699999999999998
DEB-KER03,2026-05-27,Wind_Direction,148.625
DEB-KER03,2026-05-27,Wind_Speed,6.879166666666666
DEB-KER03,2026-05-28,CO,351.30833333333334
DEB-KER03,2026-05-28,CO2,736.6333333333333
DEB-KER03,2026-05-28,Conductivity,2.254166666666667
DEB-KER03,2026-05-28,Humidity,38.041666666666664
DEB-KER03,2026-05-28,LAEQ_day,53.6
DEB-KER03,2026-05-28,LAEQ_night,42.8
DEB-KER03,2026-05-28,NO2,9.016666666666667
DEB-KER03,2026-05-28,O3,170.82916666666665
DEB-KER03,2026-05-28,PM10,11.733333333333334
DEB-KER03,2026-05-28,PM2.5,2.8000000000000003
DEB-KER03,2026-05-28,Pressure,1003.9333333333334
DEB-KER03,2026-05-28,WaterLevel,3.9
DEB-KER03,2026-05-28,WaterTemp,12.699999999999998
DEB-KER03,2026-05-28,Wind_Direction,196.30416666666667
DEB-KER03,2026-05-28,Wind_Speed,4.104166666666667
DEB-KER03,2026-05-29,CO,373.8541666666667
DEB-KER03,2026-05-29,CO2,755.5625
DEB-KER03,2026-05-29,Conductivity,2.3
DEB-KER03,2026-05-29,Humidity,39.0
DEB-KER03,2026-05-29,LAEQ_day,50.4
DEB-KER03,2026-05-29,LAEQ_night,44.6
DEB-KER03,2026-05-29,NO,0.6999999999999998
DEB-KER03,2026-05-29,NO2,11.7125
DEB-KER03,2026-05-29,NOx,17.733333333333334
DEB-KER03,2026-05-29,O3,163.9125
DEB-KER03,2026-05-29,PM10,7.6875
DEB-KER03,2026-05-29,PM2.5,2.3291666666666666
DEB-KER03,2026-05-29,Pressure,1007.9291666666667
DEB-KER03,2026-05-29,WaterLevel,3.9
DEB-KER03,2026-05-29,WaterTemp,12.783333333333333
DEB-KER03,2026-05-29,Wind_Direction,161.67499999999998
DEB-KER03,2026-05-29,Wind_Speed,5.5874999999999995
DEB-KER03,2026-05-30,CO,392.40000000000003
DEB-KER03,2026-05-30,CO2,768.4041666666667
DEB-KER03,2026-05-30,Conductivity,2.3
DEB-KER03,2026-05-30,Humidity,45.57083333333333
DEB-KER03,2026-05-30,LAEQ_day,51.6
DEB-KER03,2026-05-30,LAEQ_night,48.2
DEB-KER03,2026-05-30,NO,0.8166666666666665
DEB-KER03,2026-05-30,NO2,11.299999999999999
DEB-KER03,2026-05-30,NOx,14.316666666666668
DEB-KER03,2026-05-30,O3,160.97916666666666
DEB-KER03,2026-05-30,PM10,13.245833333333332
DEB-KER03,2026-05-30,PM2.5,3.7916666666666665
DEB-KER03,2026-05-30,Pressure,1001.4916666666667
DEB-KER03,2026-05-30,WaterLevel,3.9
DEB-KER03,2026-05-30,WaterTemp,12.8375
DEB-KER03,2026-05-30,Wind_Direction,160.08333333333334
DEB-KER03,2026-05-30,Wind_Speed,4.570833333333334
DEB-KER03,2026-05-31,CO,374.56666666666666
DEB-KER03,2026-05-31,CO2,778.55
DEB-KER03,2026-05-31,Conductivity,2.3
DEB-KER03,2026-05-31,Humidity,58.79583333333333
DEB-KER03,2026-05-31,LAEQ_day,54.3
DEB-KER03,2026-05-31,LAEQ_night,45.0
DEB-KER03,2026-05-31,NO,2.6727272727272724
DEB-KER03,2026-05-31,NO2,13.820833333333333
DEB-KER03,2026-05-31,NOx,22.927272727272726
DEB-KER03,2026-05-31,O3,149.76250000000002
DEB-KER03,2026-05-31,PM10,12.862499999999999
DEB-KER03,2026-05-31,PM2.5,6.020833333333333
DEB-KER03,2026-05-31,Pressure,998.225
DEB-KER03,2026-05-31,WaterLevel,3.9
DEB-KER03,2026-05-31,WaterTemp,12.9
DEB-KER03,2026-05-31,Wind_Direction,158.75
DEB-KER03,2026-05-31,Wind_Speed,3.9499999999999997
DEB-KER03,2026-06-01,CO,389.3833333333334
DEB-KER03,2026-06-01,CO2,783.9333333333334
DEB-KER03,2026-06-01,Conductivity,2.3
DEB-KER03,2026-06-01,Humidity,66.72500000000001
DEB-KER03,2026-06-01,LAEQ_day,53.3
DEB-KER03,2026-06-01,LAEQ_night,44.9
DEB-KER03,2026-06-01,NO,0.7
DEB-KER03,2026-06-01,NO2,15.016666666666666
DEB-KER03,2026-06-01,NOx,16.68
DEB-KER03,2026-06-01,O3,127.3625
DEB-KER03,2026-06-01,PM10,17.041666666666668
DEB-KER03,2026-06-01,PM2.5,8.295833333333333
DEB-KER03,2026-06-01,Pressure,997.1333333333333
DEB-KER03,2026-06-01,WaterLevel,3.9
DEB-KER03,2026-06-01,WaterTemp,12.875
DEB-KER03,2026-06-01,Wind_Direction,160.73333333333332
DEB-KER03,2026-06-01,Wind_Speed,3.595833333333333
DEB-KER03,2026-06-02,CO,357.7
DEB-KER03,2026-06-02,CO2,773.9375
DEB-KER03,2026-06-02,Conductivity,2.2333333333333334
DEB-KER03,2026-06-02,Humidity,70.20833333333333
DEB-KER03,2026-06-02,LAEQ_day,55.2
DEB-KER03,2026-06-02,LAEQ_night,50.0
DEB-KER03,2026-06-02,NO,1.14
DEB-KER03,2026-06-02,NO2,16.212500000000002
DEB-KER03,2026-06-02,NOx,19.729999999999997
DEB-KER03,2026-06-02,O3,142.475
DEB-KER03,2026-06-02,PM10,10.029166666666667
DEB-KER03,2026-06-02,PM2.5,5.691666666666666
DEB-KER03,2026-06-02,Pressure,998.2583333333333
DEB-KER03,2026-06-02,WaterLevel,3.9
DEB-KER03,2026-06-02,WaterTemp,12.825000000000001
DEB-KER03,2026-06-02,Wind_Direction,154.27083333333334
DEB-KER03,2026-06-02,Wind_Speed,4.775
DEB-KER03,2026-06-03,CO,370.0833333333333
DEB-KER03,2026-06-03,CO2,764.8809523809524
DEB-KER03,2026-06-03,Conductivity,2.2
DEB-KER03,2026-06-03,Humidity,61.925000000000004
DEB-KER03,2026-06-03,LAEQ_day,56.7
DEB-KER03,2026-06-03,LAEQ_night,47.4
DEB-KER03,2026-06-03,NO,0.7
DEB-KER03,2026-06-03,NO2,16.191666666666666
DEB-KER03,2026-06-03,NOx,18.5
DEB-KER03,2026-06-03,O3,138.05833333333334
DEB-KER03,2026-06-03,PM10,11.1625
DEB-KER03,2026-06-03,PM2.5,5.5625
DEB-KER03,2026-06-03,Pressure,995.2916666666666
DEB-KER03,2026-06-03,TVOC,2.5
DEB-KER03,2026-06-03,WaterLevel,3.9
DEB-KER03,2026-06-03,WaterTemp,12.800000000000002
DEB-KER03,2026-06-03,Wind_Direction,145.79999999999998
DEB-KER03,2026-06-03,Wind_Speed,4.670833333333333
DEB-KER03,2026-06-04,CO,368.125
DEB-KER03,2026-06-04,Conductivity,2.2
DEB-KER03,2026-06-04,Humidity,66.62083333333334
DEB-KER03,2026-06-04,LAEQ_day,54.1
DEB-KER03,2026-06-04,LAEQ_night,45.9
DEB-KER03,2026-06-04,NO2,16.491666666666667
DEB-KER03,2026-06-04,O3,109.88333333333333
DEB-KER03,2026-06-04,PM10,10.658333333333333
DEB-KER03,2026-06-04,PM2.5,6.7
DEB-KER03,2026-06-04,Pressure,995.4125
DEB-KER03,2026-06-04,TVOC,2.5
DEB-KER03,2026-06-04,WaterLevel,3.9
DEB-KER03,2026-06-04,WaterTemp,12.800000000000002
DEB-KER03,2026-06-04,Wind_Direction,90.68333333333334
DEB-KER03,2026-06-04,Wind_Speed,5.4750000000000005
DEB-KER03,2026-06-05,CO,365.35833333333335
DEB-KER03,2026-06-05,CO2,1034.7666666666667
DEB-KER03,2026-06-05,Conductivity,2.2
DEB-KER03,2026-06-05,Humidity,65.10833333333333
DEB-KER03,2026-06-05,LAEQ_day,54.3
DEB-KER03,2026-06-05,LAEQ_night,44.1
DEB-KER03,2026-06-05,NO,0.7
DEB-KER03,2026-06-05,NO2,14.987499999999999
DEB-KER03,2026-06-05,NOx,14.7
DEB-KER03,2026-06-05,O3,103.1125
DEB-KER03,2026-06-05,PM10,11.291666666666666
DEB-KER03,2026-06-05,PM2.5,5.8500000000000005
DEB-KER03,2026-06-05,Pressure,999.0458333333332
DEB-KER03,2026-06-05,TVOC,2.5
DEB-KER03,2026-06-05,WaterLevel,3.9
DEB-KER03,2026-06-05,WaterTemp,12.833333333333334
DEB-KER03,2026-06-05,Wind_Direction,123.82083333333333
DEB-KER03,2026-06-05,Wind_Speed,4.516666666666667
DEB-KER03,2026-06-06,CO,370.3833333333334
DEB-KER03,2026-06-06,CO2,779.3166666666666
DEB-KER03,2026-06-06,Conductivity,2.2
DEB-KER03,2026-06-06,Humidity,69.14166666666667
DEB-KER03,2026-06-06,LAEQ_day,51.4
DEB-KER03,2026-06-06,LAEQ_night,43.9
DEB-KER03,2026-06-06,NO2,15.983333333333334
DEB-KER03,2026-06-06,O3,86.22083333333335
DEB-KER03,2026-06-06,PM10,5.708333333333333
DEB-KER03,2026-06-06,PM2.5,3.345833333333333
DEB-KER03,2026-06-06,Pressure,1002.9958333333334
DEB-KER03,2026-06-06,WaterLevel,3.9
DEB-KER03,2026-06-06,WaterTemp,12.887500000000001
DEB-KER03,2026-06-06,Wind_Direction,160.79583333333332
DEB-KER03,2026-06-06,Wind_Speed,3.516666666666667
DEB-KER03,2026-06-07,CO,364.2291666666667
DEB-KER03,2026-06-07,CO2,782.475
DEB-KER03,2026-06-07,Conductivity,2.2
DEB-KER03,2026-06-07,Humidity,60.475
DEB-KER03,2026-06-07,LAEQ_day,52.8
DEB-KER03,2026-06-07,LAEQ_night,44.2
DEB-KER03,2026-06-07,NO,0.7
DEB-KER03,2026-06-07,NO2,14.208333333333334
DEB-KER03,2026-06-07,NOx,21.7
DEB-KER03,2026-06-07,O3,104.25833333333334
DEB-KER03,2026-06-07,PM10,8.166666666666666
DEB-KER03,2026-06-07,PM2.5,4.354166666666667
DEB-KER03,2026-06-07,Pressure,1005.0416666666666
DEB-KER03,2026-06-07,TVOC,2.5
DEB-KER03,2026-06-07,WaterLevel,3.9
DEB-KER03,2026-06-07,WaterTemp,12.808333333333335
DEB-KER03,2026-06-07,Wind_Direction,193.62916666666663
DEB-KER03,2026-06-07,Wind_Speed,4.483333333333333
DEB-KER03,2026-06-08,CO,369.6041666666667
DEB-KER03,2026-06-08,CO2,799.0083333333333
DEB-KER03,2026-06-08,Conductivity,2.2
DEB-KER03,2026-06-08,Humidity,54.00833333333333
DEB-KER03,2026-06-08,LAEQ_day,52.2
DEB-KER03,2026-06-08,LAEQ_night,46.0
DEB-KER03,2026-06-08,NO,0.7
DEB-KER03,2026-06-08,NO2,14.045833333333334
DEB-KER03,2026-06-08,NOx,23.8
DEB-KER03,2026-06-08,O3,102.72083333333335
DEB-KER03,2026-06-08,PM10,8.487499999999999
DEB-KER03,2026-06-08,PM2.5,3.720833333333333
DEB-KER03,2026-06-08,Pressure,1005.2708333333334
DEB-KER03,2026-06-08,TVOC,2.5
DEB-KER03,2026-06-08,WaterLevel,3.9
DEB-KER03,2026-06-08,WaterTemp,12.9
DEB-KER03,2026-06-08,Wind_Direction,176.99166666666667
DEB-KER03,2026-06-08,Wind_Speed,3.4291666666666667
DEB-KER03,2026-06-09,CO,375.1041666666667
DEB-KER03,2026-06-09,CO2,761.9499999999999
DEB-KER03,2026-06-09,Conductivity,2.2
DEB-KER03,2026-06-09,Humidity,47.94166666666666
DEB-KER03,2026-06-09,LAEQ_day,54.9
DEB-KER03,2026-06-09,LAEQ_night,45.6
DEB-KER03,2026-06-09,NO2,12.955555555555556
DEB-KER03,2026-06-09,O3,118.4875
DEB-KER03,2026-06-09,PM10,11.208333333333334
DEB-KER03,2026-06-09,PM2.5,3.733333333333333
DEB-KER03,2026-06-09,Pressure,1001.1541666666667
DEB-KER03,2026-06-09,TVOC,2.5
DEB-KER03,2026-06-09,WaterLevel,3.9
DEB-KER03,2026-06-09,WaterTemp,12.9
DEB-KER03,2026-06-09,Wind_Direction,204.475
DEB-KER03,2026-06-09,Wind_Speed,3.0124999999999997
DEB-KER03,2026-06-10,CO,392.2
DEB-KER03,2026-06-10,CO2,750.5500000000001
DEB-KER03,2026-06-10,Conductivity,2.2
DEB-KER03,2026-06-10,Humidity,51.300000000000004
DEB-KER03,2026-06-10,LAEQ_day,54.3
DEB-KER03,2026-06-10,LAEQ_night,58.3
DEB-KER03,2026-06-10,NO2,10.672727272727274
DEB-KER03,2026-06-10,O3,133.17083333333332
DEB-KER03,2026-06-10,PM10,16.941666666666666
DEB-KER03,2026-06-10,PM2.5,6.379166666666666
DEB-KER03,2026-06-10,Pressure,999.1
DEB-KER03,2026-06-10,TVOC,2.5
DEB-KER03,2026-06-10,WaterLevel,3.9
DEB-KER03,2026-06-10,WaterTemp,12.8125
DEB-KER03,2026-06-10,Wind_Direction,218.5
DEB-KER03,2026-06-10,Wind_Speed,4.9624999999999995
DEB-KER03,2026-06-11,CO,377.26666666666665
DEB-KER03,2026-06-11,CO2,760.7208333333333
DEB-KER03,2026-06-11,Conductivity,2.2
DEB-KER03,2026-06-11,Humidity,66.71666666666667
DEB-KER03,2026-06-11,LAEQ_day,63.7
DEB-KER03,2026-06-11,LAEQ_night,44.2
DEB-KER03,2026-06-11,NO,0.7
DEB-KER03,2026-06-11,NO2,13.945833333333333
DEB-KER03,2026-06-11,NOx,18.477777777777778
DEB-KER03,2026-06-11,O3,109.49583333333334
DEB-KER03,2026-06-11,PM10,6.7875000000000005
DEB-KER03,2026-06-11,PM2.5,3.670833333333333
DEB-KER03,2026-06-11,Pressure,999.875
DEB-KER03,2026-06-11,TVOC,2.5
DEB-KER03,2026-06-11,WaterLevel,3.9
DEB-KER03,2026-06-11,WaterTemp,12.800000000000002
DEB-KER03,2026-06-11,Wind_Direction,134.07083333333333
DEB-KER03,2026-06-11,Wind_Speed,6.420833333333333
DEB-KER03,2026-06-12,CO,363.7083333333333
DEB-KER03,2026-06-12,CO2,755.2375000000001
DEB-KER03,2026-06-12,Conductivity,2.1375
DEB-KER03,2026-06-12,Humidity,62.18333333333334
DEB-KER03,2026-06-12,LAEQ_day,52.1
DEB-KER03,2026-06-12,LAEQ_night,44.7
DEB-KER03,2026-06-12,NO,0.823076923076923
DEB-KER03,2026-06-12,NO2,12.795833333333334
DEB-KER03,2026-06-12,NOx,18.415384615384617
DEB-KER03,2026-06-12,O3,103.47500000000001
DEB-KER03,2026-06-12,PM10,5.2375
DEB-KER03,2026-06-12,PM2.5,3.4625
DEB-KER03,2026-06-12,Pressure,1005.3708333333334
DEB-KER03,2026-06-12,WaterLevel,3.9
DEB-KER03,2026-06-12,WaterTemp,12.800000000000002
DEB-KER03,2026-06-12,Wind_Direction,190.32083333333333
DEB-KER03,2026-06-12,Wind_Speed,4.345833333333333
DEB-KER03,2026-06-13,CO,367.7291666666667
DEB-KER03,2026-06-13,CO2,786.85
DEB-KER03,2026-06-13,Conductivity,2.1625
DEB-KER03,2026-06-13,Humidity,65.125
DEB-KER03,2026-06-13,LAEQ_day,51.9
DEB-KER03,2026-06-13,LAEQ_night,43.4
DEB-KER03,2026-06-13,NO,1.0
DEB-KER03,2026-06-13,NO2,12.529166666666667
DEB-KER03,2026-06-13,NOx,19.263636363636365
DEB-KER03,2026-06-13,O3,88.6875
DEB-KER03,2026-06-13,PM10,5.825
DEB-KER03,2026-06-13,PM2.5,3.2624999999999997
DEB-KER03,2026-06-13,Pressure,1003.2791666666667
DEB-KER03,2026-06-13,WaterLevel,3.9
DEB-KER03,2026-06-13,WaterTemp,12.800000000000002
DEB-KER03,2026-06-13,Wind_Direction,113.73333333333333
DEB-KER03,2026-06-13,Wind_Speed,4.691666666666666
DEB-KER03,2026-06-14,CO,354.0958333333333
DEB-KER03,2026-06-14,CO2,764.65
DEB-KER03,2026-06-14,Conductivity,2.2
DEB-KER03,2026-06-14,Humidity,63.1
DEB-KER03,2026-06-14,LAEQ_day,52.2
DEB-KER03,2026-06-14,LAEQ_night,48.1
DEB-KER03,2026-06-14,NO,0.7
DEB-KER03,2026-06-14,NO2,10.4375
DEB-KER03,2026-06-14,NOx,14.8
DEB-KER03,2026-06-14,O3,103.175
DEB-KER03,2026-06-14,PM10,9.5875
DEB-KER03,2026-06-14,PM2.5,3.704166666666667
DEB-KER03,2026-06-14,Pressure,997.5541666666667
DEB-KER03,2026-06-14,WaterLevel,3.9
DEB-KER03,2026-06-14,WaterTemp,12.8375
DEB-KER03,2026-06-14,Wind_Direction,133.97916666666666
DEB-KER03,2026-06-14,Wind_Speed,7.7124999999999995
DEB-KER03,2026-06-15,CO,348.8875
DEB-KER03,2026-06-15,CO2,758.9250000000001
DEB-KER03,2026-06-15,Conductivity,2.1125000000000003
DEB-KER03,2026-06-15,Humidity,50.46666666666667
DEB-KER03,2026-06-15,LAEQ_day,55.4
DEB-KER03,2026-06-15,LAEQ_night,44.8
DEB-KER03,2026-06-15,NO,0.7
DEB-KER03,2026-06-15,NO2,12.654166666666667
DEB-KER03,2026-06-15,NOx,17.054545454545455
DEB-KER03,2026-06-15,O3,109.00833333333333
DEB-KER03,2026-06-15,PM10,5.616666666666667
DEB-KER03,2026-06-15,PM2.5,2.6125000000000003
DEB-KER03,2026-06-15,Pressure,998.6125000000001
DEB-KER03,2026-06-15,WaterLevel,3.9
DEB-KER03,2026-06-15,WaterTemp,12.808333333333335
DEB-KER03,2026-06-15,Wind_Direction,107.52916666666665
DEB-KER03,2026-06-15,Wind_Speed,8.345833333333333
DEB-KER03,2026-06-16,CO,352.0958333333333
DEB-KER03,2026-06-16,CO2,746.9
DEB-KER03,2026-06-16,Conductivity,2.1
DEB-KER03,2026-06-16,Humidity,51.479166666666664
DEB-KER03,2026-06-16,LAEQ_day,52.2
DEB-KER03,2026-06-16,LAEQ_night,44.7
DEB-KER03,2026-06-16,NO,0.7
DEB-KER03,2026-06-16,NO2,12.93913043478261
DEB-KER03,2026-06-16,NOx,19.288888888888888
DEB-KER03,2026-06-16,O3,122.22500000000001
DEB-KER03,2026-06-16,PM10,7.029166666666666
DEB-KER03,2026-06-16,PM2.5,3.408333333333333
DEB-KER03,2026-06-16,Pressure,1002.8333333333334
DEB-KER03,2026-06-16,WaterLevel,3.9
DEB-KER03,2026-06-16,WaterTemp,12.800000000000002
DEB-KER03,2026-06-16,Wind_Direction,75.75833333333334
DEB-KER03,2026-06-16,Wind_Speed,7.470833333333334
DEB-KER03,2026-06-17,CO,378.21250000000003
DEB-KER03,2026-06-17,CO2,767.0500000000001
DEB-KER03,2026-06-17,Conductivity,2.1
DEB-KER03,2026-06-17,Humidity,58.01666666666667
DEB-KER03,2026-06-17,LAEQ_day,52.6
DEB-KER03,2026-06-17,LAEQ_night,43.4
DEB-KER03,2026-06-17,NO,0.7
DEB-KER03,2026-06-17,NO2,12.887500000000001
DEB-KER03,2026-06-17,NOx,17.08888888888889
DEB-KER03,2026-06-17,O3,100.71666666666665
DEB-KER03,2026-06-17,PM10,15.516666666666666
DEB-KER03,2026-06-17,PM2.5,4.770833333333333
DEB-KER03,2026-06-17,Pressure,1003.3125
DEB-KER03,2026-06-17,TVOC,2.5
DEB-KER03,2026-06-17,WaterLevel,3.9
DEB-KER03,2026-06-17,WaterTemp,12.800000000000002
DEB-KER03,2026-06-17,Wind_Direction,168.70833333333334
DEB-KER03,2026-06-17,Wind_Speed,4.808333333333334
DEB-KER03,2026-06-18,CO,363.64166666666665
DEB-KER03,2026-06-18,CO2,790.3208333333333
DEB-KER03,2026-06-18,Conductivity,2.1
DEB-KER03,2026-06-18,Humidity,58.39166666666667
DEB-KER03,2026-06-18,LAEQ_day,51.0
DEB-KER03,2026-06-18,LAEQ_night,44.5
DEB-KER03,2026-06-18,NO,1.0299999999999998
DEB-KER03,2026-06-18,NO2,12.049999999999999
DEB-KER03,2026-06-18,NOx,15.559999999999999
DEB-KER03,2026-06-18,O3,98.10000000000001
DEB-KER03,2026-06-18,PM10,19.6125
DEB-KER03,2026-06-18,PM2.5,6.108333333333333
DEB-KER03,2026-06-18,Pressure,1006.2833333333333
DEB-KER03,2026-06-18,TVOC,2.5
DEB-KER03,2026-06-18,WaterLevel,3.9
DEB-KER03,2026-06-18,WaterTemp,12.804166666666667
DEB-KER03,2026-06-18,Wind_Direction,196.4416666666667
DEB-KER03,2026-06-18,Wind_Speed,2.6791666666666667
DEB-KER03,2026-06-19,CO,418.44166666666666
DEB-KER03,2026-06-19,CO2,832.3000000000001
DEB-KER03,2026-06-19,Conductivity,2.1
DEB-KER03,2026-06-19,Humidity,62.625
DEB-KER03,2026-06-19,LAEQ_day,51.4
DEB-KER03,2026-06-19,LAEQ_night,43.9
DEB-KER03,2026-06-19,NO,0.7749999999999999
DEB-KER03,2026-06-19,NO2,13.6
DEB-KER03,2026-06-19,NOx,15.175
DEB-KER03,2026-06-19,O3,81.55
DEB-KER03,2026-06-19,PM10,26.349999999999998
DEB-KER03,2026-06-19,PM2.5,8.991666666666667
DEB-KER03,2026-06-19,Pressure,1006.9166666666666
DEB-KER03,2026-06-19,TVOC,2.5
DEB-KER03,2026-06-19,WaterLevel,3.9
DEB-KER03,2026-06-19,WaterTemp,12.800000000000002
DEB-KER03,2026-06-19,Wind_Direction,235.15
DEB-KER03,2026-06-19,Wind_Speed,1.7416666666666665
DEB-KER04,2026-05-21,CO,361.07272727272726
DEB-KER04,2026-05-21,CO2,754.3363636363637
DEB-KER04,2026-05-21,Conductivity,0.2
DEB-KER04,2026-05-21,Humidity,47.095454545454544
DEB-KER04,2026-05-21,NO,0.7
DEB-KER04,2026-05-21,NO2,19.863636363636363
DEB-KER04,2026-05-21,NOx,25.425
DEB-KER04,2026-05-21,O3,167.01363636363638
DEB-KER04,2026-05-21,PM10,11.036363636363637
DEB-KER04,2026-05-21,PM2.5,5.318181818181818
DEB-KER04,2026-05-21,Pressure,1007.5409090909092
DEB-KER04,2026-05-21,WaterLevel,6.859090909090909
DEB-KER04,2026-05-21,WaterTemp,12.6
DEB-KER04,2026-05-21,Wind_Direction,228.9409090909091
DEB-KER04,2026-05-21,Wind_Speed,12.595454545454546
DEB-KER04,2026-05-22,CO,343.0833333333333
DEB-KER04,2026-05-22,CO2,752.5541666666667
DEB-KER04,2026-05-22,Conductivity,0.20000000000000004
DEB-KER04,2026-05-22,Humidity,47.74166666666667
DEB-KER04,2026-05-22,NO,0.7
DEB-KER04,2026-05-22,NO2,15.416666666666666
DEB-KER04,2026-05-22,NOx,23.7
DEB-KER04,2026-05-22,O3,165.53333333333333
DEB-KER04,2026-05-22,PM10,8.054166666666665
DEB-KER04,2026-05-22,PM2.5,3.7291666666666665
DEB-KER04,2026-05-22,Pressure,1010.8708333333334
DEB-KER04,2026-05-22,WaterLevel,6.8
DEB-KER04,2026-05-22,WaterTemp,12.587499999999999
DEB-KER04,2026-05-22,Wind_Direction,167.36666666666667
DEB-KER04,2026-05-22,Wind_Speed,14.229166666666666
DEB-KER04,2026-05-23,CO,339.04583333333335
DEB-KER04,2026-05-23,CO2,750.6750000000001
DEB-KER04,2026-05-23,Conductivity,0.20000000000000004
DEB-KER04,2026-05-23,Humidity,43.041666666666664
DEB-KER04,2026-05-23,NO,0.7
DEB-KER04,2026-05-23,NO2,11.845833333333333
DEB-KER04,2026-05-23,NOx,20.214285714285715
DEB-KER04,2026-05-23,O3,162.62083333333334
DEB-KER04,2026-05-23,PM10,7.933333333333334
DEB-KER04,2026-05-23,PM2.5,3.7541666666666664
DEB-KER04,2026-05-23,Pressure,1011.9125
DEB-KER04,2026-05-23,WaterLevel,6.8
DEB-KER04,2026-05-23,WaterTemp,12.595833333333333
DEB-KER04,2026-05-23,Wind_Direction,174.6625
DEB-KER04,2026-05-23,Wind_Speed,9.554166666666667
DEB-KER04,2026-05-24,CO,342.16249999999997
DEB-KER04,2026-05-24,CO2,751.4041666666667
DEB-KER04,2026-05-24,Conductivity,0.20000000000000004
DEB-KER04,2026-05-24,Humidity,41.75
DEB-KER04,2026-05-24,NO,0.7
DEB-KER04,2026-05-24,NO2,11.395238095238096
DEB-KER04,2026-05-24,NOx,15.65
DEB-KER04,2026-05-24,O3,152.48749999999998
DEB-KER04,2026-05-24,PM10,7.7375
DEB-KER04,2026-05-24,PM2.5,3.1125000000000003
DEB-KER04,2026-05-24,Pressure,1012.3833333333333
DEB-KER04,2026-05-24,WaterLevel,6.8
DEB-KER04,2026-05-24,WaterTemp,12.579166666666666
DEB-KER04,2026-05-24,Wind_Direction,144.68333333333334
DEB-KER04,2026-05-24,Wind_Speed,7.341666666666666
DEB-KER04,2026-05-25,CO,358.6666666666667
DEB-KER04,2026-05-25,CO2,777.5625
DEB-KER04,2026-05-25,Conductivity,0.20000000000000004
DEB-KER04,2026-05-25,Humidity,45.62083333333334
DEB-KER04,2026-05-25,NO,0.7
DEB-KER04,2026-05-25,NO2,9.142857142857142
DEB-KER04,2026-05-25,NOx,13.372727272727273
DEB-KER04,2026-05-25,O3,154.71666666666667
DEB-KER04,2026-05-25,PM10,11.450000000000001
DEB-KER04,2026-05-25,PM2.5,5.458333333333333
DEB-KER04,2026-05-25,Pressure,1013.1750000000001
DEB-KER04,2026-05-25,WaterLevel,6.8
DEB-KER04,2026-05-25,WaterTemp,12.591666666666667
DEB-KER04,2026-05-25,Wind_Direction,155.33333333333334
DEB-KER04,2026-05-25,Wind_Speed,6.375
DEB-KER04,2026-05-26,CO,346.1666666666667
DEB-KER04,2026-05-26,CO2,757.2624999999999
DEB-KER04,2026-05-26,Conductivity,0.20000000000000004
DEB-KER04,2026-05-26,Humidity,41.63333333333333
DEB-KER04,2026-05-26,NO,0.7
DEB-KER04,2026-05-26,NO2,12.782352941176471
DEB-KER04,2026-05-26,NOx,15.08888888888889
DEB-KER04,2026-05-26,O3,169.02083333333334
DEB-KER04,2026-05-26,PM10,14.770833333333334
DEB-KER04,2026-05-26,PM2.5,3.0541666666666667
DEB-KER04,2026-05-26,Pressure,1011.8125
DEB-KER04,2026-05-26,TVOC,2.5
DEB-KER04,2026-05-26,WaterLevel,6.8
DEB-KER04,2026-05-26,WaterTemp,12.595833333333333
DEB-KER04,2026-05-26,Wind_Direction,212.5041666666667
DEB-KER04,2026-05-26,Wind_Speed,7.758333333333333
DEB-KER04,2026-05-27,CO,353.6666666666667
DEB-KER04,2026-05-27,CO2,774.6904761904761
DEB-KER04,2026-05-27,Conductivity,0.20000000000000004
DEB-KER04,2026-05-27,Humidity,42.175000000000004
DEB-KER04,2026-05-27,NO,2.5384615384615383
DEB-KER04,2026-05-27,NO2,15.766666666666667
DEB-KER04,2026-05-27,NOx,19.53076923076923
DEB-KER04,2026-05-27,O3,180.77083333333334
DEB-KER04,2026-05-27,PM10,31.483333333333334
DEB-KER04,2026-05-27,PM2.5,5.4125000000000005
DEB-KER04,2026-05-27,Pressure,1004.8916666666668
DEB-KER04,2026-05-27,TVOC,2.5
DEB-KER04,2026-05-27,WaterLevel,6.779166666666666
DEB-KER04,2026-05-27,WaterTemp,12.583333333333334
DEB-KER04,2026-05-27,Wind_Direction,181.10416666666666
DEB-KER04,2026-05-27,Wind_Speed,8.795833333333333
DEB-KER04,2026-05-28,CO,325.64166666666665
DEB-KER04,2026-05-28,Conductivity,0.20000000000000004
DEB-KER04,2026-05-28,Humidity,36.56666666666667
DEB-KER04,2026-05-28,NO,0.7615384615384614
DEB-KER04,2026-05-28,NO2,7.6499999999999995
DEB-KER04,2026-05-28,NOx,11.676923076923078
DEB-KER04,2026-05-28,O3,148.0
DEB-KER04,2026-05-28,PM10,15.762500000000001
DEB-KER04,2026-05-28,PM2.5,2.525
DEB-KER04,2026-05-28,Pressure,1005.9833333333332
DEB-KER04,2026-05-28,WaterLevel,6.75
DEB-KER04,2026-05-28,WaterTemp,12.595833333333333
DEB-KER04,2026-05-28,Wind_Direction,168.84583333333333
DEB-KER04,2026-05-28,Wind_Speed,8.6
DEB-KER04,2026-05-29,CO,353.09999999999997
DEB-KER04,2026-05-29,CO2,1031.05
DEB-KER04,2026-05-29,Conductivity,0.2
DEB-KER04,2026-05-29,Humidity,36.979166666666664
DEB-KER04,2026-05-29,NO,2.8333333333333335
DEB-KER04,2026-05-29,NO2,10.475
DEB-KER04,2026-05-29,NOx,17.58
DEB-KER04,2026-05-29,O3,133.52083333333334
DEB-KER04,2026-05-29,PM10,8.491666666666667
DEB-KER04,2026-05-29,PM2.5,1.8208333333333335
DEB-KER04,2026-05-29,Pressure,1010.1666666666666
DEB-KER04,2026-05-29,WaterLevel,6.8
DEB-KER04,2026-05-29,WaterTemp,12.595454545454544
DEB-KER04,2026-05-29,Wind_Direction,189.14166666666665
DEB-KER04,2026-05-29,Wind_Speed,7.458333333333333
DEB-KER04,2026-05-30,CO,370.08750000000003
DEB-KER04,2026-05-30,CO2,783.7291666666666
DEB-KER04,2026-05-30,Conductivity,0.2
DEB-KER04,2026-05-30,Humidity,44.125
DEB-KER04,2026-05-30,NO,0.8999999999999999
DEB-KER04,2026-05-30,NO2,12.766666666666666
DEB-KER04,2026-05-30,NOx,16.075
DEB-KER04,2026-05-30,O3,134.0875
DEB-KER04,2026-05-30,PM10,7.3999999999999995
DEB-KER04,2026-05-30,PM2.5,2.625
DEB-KER04,2026-05-30,Pressure,1003.65
DEB-KER04,2026-05-30,WaterLevel,6.8
DEB-KER04,2026-05-30,WaterTemp,12.630434782608695
DEB-KER04,2026-05-30,Wind_Direction,216.63750000000002
DEB-KER04,2026-05-30,Wind_Speed,6.804166666666667
DEB-KER04,2026-05-31,CO,345.2291666666667
DEB-KER04,2026-05-31,CO2,780.5541666666667
DEB-KER04,2026-05-31,Conductivity,0.20000000000000004
DEB-KER04,2026-05-31,Humidity,56.770833333333336
DEB-KER04,2026-05-31,NO,4.3999999999999995
DEB-KER04,2026-05-31,NO2,13.358333333333334
DEB-KER04,2026-05-31,NOx,20.28235294117647
DEB-KER04,2026-05-31,O3,137.20833333333334
DEB-KER04,2026-05-31,PM10,9.737499999999999
DEB-KER04,2026-05-31,PM2.5,4.5375000000000005
DEB-KER04,2026-05-31,Pressure,1000.0916666666667
DEB-KER04,2026-05-31,WaterLevel,6.8
DEB-KER04,2026-05-31,WaterTemp,12.633333333333333
DEB-KER04,2026-05-31,Wind_Direction,208.82916666666665
DEB-KER04,2026-05-31,Wind_Speed,5.908333333333334
DEB-KER04,2026-06-01,CO,359.0954545454545
DEB-KER04,2026-06-01,CO2,784.5833333333334
DEB-KER04,2026-06-01,Conductivity,0.20000000000000004
DEB-KER04,2026-06-01,Humidity,65.76818181818182
DEB-KER04,2026-06-01,NO,1.0045454545454544
DEB-KER04,2026-06-01,NO2,19.45
DEB-KER04,2026-06-01,NOx,20.077272727272728
DEB-KER04,2026-06-01,O3,141.4
DEB-KER04,2026-06-01,PM10,15.759090909090908
DEB-KER04,2026-06-01,PM2.5,7.945454545454546
DEB-KER04,2026-06-01,Pressure,999.2136363636364
DEB-KER04,2026-06-01,WaterLevel,6.8
DEB-KER04,2026-06-01,WaterTemp,12.629166666666665
DEB-KER04,2026-06-01,Wind_Direction,169.10454545454547
DEB-KER04,2026-06-01,Wind_Speed,5.1863636363636365
DEB-KER04,2026-06-02,CO,339.04583333333335
DEB-KER04,2026-06-02,Conductivity,0.20000000000000004
DEB-KER04,2026-06-02,Humidity,67.17916666666666
DEB-KER04,2026-06-02,NO,3.493333333333333
DEB-KER04,2026-06-02,NO2,15.225
DEB-KER04,2026-06-02,NOx,20.733333333333334
DEB-KER04,2026-06-02,O3,119.375
DEB-KER04,2026-06-02,PM10,7.941666666666666
DEB-KER04,2026-06-02,PM2.5,4.641666666666667
DEB-KER04,2026-06-02,Pressure,1000.0333333333333
DEB-KER04,2026-06-02,WaterLevel,6.8
DEB-KER04,2026-06-02,WaterTemp,12.645833333333334
DEB-KER04,2026-06-02,Wind_Direction,266.4291666666667
DEB-KER04,2026-06-02,Wind_Speed,7.766666666666667
DEB-KER04,2026-06-03,CO,332.125
DEB-KER04,2026-06-03,CO2,912.3761904761906
DEB-KER04,2026-06-03,Conductivity,0.2
DEB-KER04,2026-06-03,Humidity,58.04583333333333
DEB-KER04,2026-06-03,NO,0.7538461538461537
DEB-KER04,2026-06-03,NO2,18.133333333333333
DEB-KER04,2026-06-03,NOx,23.976923076923075
DEB-KER04,2026-06-03,O3,150.37916666666666
DEB-KER04,2026-06-03,PM10,7.6875
DEB-KER04,2026-06-03,PM2.5,4.545833333333333
DEB-KER04,2026-06-03,Pressure,997.1541666666667
DEB-KER04,2026-06-03,WaterLevel,6.8
DEB-KER04,2026-06-03,WaterTemp,12.64782608695652
DEB-KER04,2026-06-03,Wind_Direction,160.625
DEB-KER04,2026-06-03,Wind_Speed,7.2250000000000005
DEB-KER04,2026-06-04,CO,335.05833333333334
DEB-KER04,2026-06-04,CO2,769.775
DEB-KER04,2026-06-04,Conductivity,0.20000000000000004
DEB-KER04,2026-06-04,Humidity,63.74166666666667
DEB-KER04,2026-06-04,NO,0.7
DEB-KER04,2026-06-04,NO2,18.870833333333334
DEB-KER04,2026-06-04,NOx,21.61875
DEB-KER04,2026-06-04,O3,121.9375
DEB-KER04,2026-06-04,PM10,8.504166666666666
DEB-KER04,2026-06-04,PM2.5,5.829166666666667
DEB-KER04,2026-06-04,Pressure,997.2916666666666
DEB-KER04,2026-06-04,WaterLevel,6.8
DEB-KER04,2026-06-04,WaterTemp,12.637500000000001
DEB-KER04,2026-06-04,Wind_Direction,184.6916666666667
DEB-KER04,2026-06-04,Wind_Speed,7.8500000000000005
DEB-KER04,2026-06-05,CO,328.5
DEB-KER04,2026-06-05,CO2,764.0166666666668
DEB-KER04,2026-06-05,Conductivity,0.20000000000000004
DEB-KER04,2026-06-05,Humidity,62.854166666666664
DEB-KER04,2026-06-05,NO,0.7
DEB-KER04,2026-06-05,NO2,14.8375
DEB-KER04,2026-06-05,NOx,18.492307692307694
DEB-KER04,2026-06-05,O3,112.96666666666665
DEB-KER04,2026-06-05,PM10,7.016666666666667
DEB-KER04,2026-06-05,PM2.5,4.6375
DEB-KER04,2026-06-05,Pressure,1000.875
DEB-KER04,2026-06-05,WaterLevel,6.8
DEB-KER04,2026-06-05,WaterTemp,12.637500000000001
DEB-KER04,2026-06-05,Wind_Direction,180.225
DEB-KER04,2026-06-05,Wind_Speed,6.933333333333334
DEB-KER04,2026-06-06,CO,337.04583333333335
DEB-KER04,2026-06-06,CO2,772.8208333333333
DEB-KER04,2026-06-06,Conductivity,0.20000000000000004
DEB-KER04,2026-06-06,Humidity,67.3125
DEB-KER04,2026-06-06,NO,0.7
DEB-KER04,2026-06-06,NO2,15.387500000000001
DEB-KER04,2026-06-06,NOx,16.829411764705885
DEB-KER04,2026-06-06,O3,86.32083333333333
DEB-KER04,2026-06-06,PM10,3.3375
DEB-KER04,2026-06-06,PM2.5,2.3916666666666666
DEB-KER04,2026-06-06,Pressure,1005.0166666666668
DEB-KER04,2026-06-06,WaterLevel,6.8
DEB-KER04,2026-06-06,WaterTemp,12.637500000000001
DEB-KER04,2026-06-06,Wind_Direction,175.15833333333333
DEB-KER04,2026-06-06,Wind_Speed,4.691666666666666
DEB-KER04,2026-06-07,CO,337.7
DEB-KER04,2026-06-07,CO2,778.7541666666666
DEB-KER04,2026-06-07,Conductivity,0.20000000000000004
DEB-KER04,2026-06-07,Humidity,57.78333333333333
DEB-KER04,2026-06-07,NO,0.7
DEB-KER04,2026-06-07,NO2,12.783333333333333
DEB-KER04,2026-06-07,NOx,16.9
DEB-KER04,2026-06-07,O3,92.3
DEB-KER04,2026-06-07,PM10,5.3875
DEB-KER04,2026-06-07,PM2.5,3.3625000000000003
DEB-KER04,2026-06-07,Pressure,1006.875
DEB-KER04,2026-06-07,WaterLevel,6.8
DEB-KER04,2026-06-07,WaterTemp,12.625
DEB-KER04,2026-06-07,Wind_Direction,159.32500000000002
DEB-KER04,2026-06-07,Wind_Speed,5.404166666666666
DEB-KER04,2026-06-08,CO,344.34999999999997
DEB-KER04,2026-06-08,CO2,795.6541666666667
DEB-KER04,2026-06-08,Conductivity,0.20000000000000004
DEB-KER04,2026-06-08,Humidity,51.833333333333336
DEB-KER04,2026-06-08,NO,3.227272727272727
DEB-KER04,2026-06-08,NO2,11.929166666666667
DEB-KER04,2026-06-08,NOx,22.71818181818182
DEB-KER04,2026-06-08,O3,95.64583333333333
DEB-KER04,2026-06-08,PM10,8.529166666666667
DEB-KER04,2026-06-08,PM2.5,2.783333333333333
DEB-KER04,2026-06-08,Pressure,1007.2375000000001
DEB-KER04,2026-06-08,WaterLevel,6.7749999999999995
DEB-KER04,2026-06-08,WaterTemp,12.616666666666667
DEB-KER04,2026-06-08,Wind_Direction,147.16666666666666
DEB-KER04,2026-06-08,Wind_Speed,5.0
DEB-KER04,2026-06-09,CO,333.2625
DEB-KER04,2026-06-09,CO2,760.6458333333334
DEB-KER04,2026-06-09,Conductivity,0.20000000000000004
DEB-KER04,2026-06-09,Humidity,44.887499999999996
DEB-KER04,2026-06-09,NO,1.6375
DEB-KER04,2026-06-09,NO2,11.128571428571428
DEB-KER04,2026-06-09,NOx,21.45
DEB-KER04,2026-06-09,O3,121.13333333333333
DEB-KER04,2026-06-09,PM10,5.179166666666666
DEB-KER04,2026-06-09,PM2.5,2.504166666666667
DEB-KER04,2026-06-09,Pressure,1002.8541666666666
DEB-KER04,2026-06-09,WaterLevel,6.7
DEB-KER04,2026-06-09,WaterTemp,12.612499999999999
DEB-KER04,2026-06-09,Wind_Direction,161.4625
DEB-KER04,2026-06-09,Wind_Speed,3.795833333333333
DEB-KER04,2026-06-10,CO,352.4375
DEB-KER04,2026-06-10,CO2,751.4208333333332
DEB-KER04,2026-06-10,Conductivity,0.2
DEB-KER04,2026-06-10,Humidity,49.07916666666667
DEB-KER04,2026-06-10,NO,0.7
DEB-KER04,2026-06-10,NO2,12.718181818181819
DEB-KER04,2026-06-10,NOx,17.418181818181818
DEB-KER04,2026-06-10,O3,127.39166666666667
DEB-KER04,2026-06-10,PM10,13.325000000000001
DEB-KER04,2026-06-10,PM2.5,5.279166666666667
DEB-KER04,2026-06-10,Pressure,1000.7624999999999
DEB-KER04,2026-06-10,WaterLevel,6.7
DEB-KER04,2026-06-10,WaterTemp,12.617391304347825
DEB-KER04,2026-06-10,Wind_Direction,134.5625
DEB-KER04,2026-06-10,Wind_Speed,5.995833333333334
DEB-KER04,2026-06-11,CO,339.95416666666665
DEB-KER04,2026-06-11,CO2,759.0791666666668
DEB-KER04,2026-06-11,Conductivity,0.2
DEB-KER04,2026-06-11,Humidity,64.24583333333334
DEB-KER04,2026-06-11,NO,1.6375
DEB-KER04,2026-06-11,NO2,15.733333333333334
DEB-KER04,2026-06-11,NOx,17.325
DEB-KER04,2026-06-11,O3,112.5625
DEB-KER04,2026-06-11,PM10,4.5625
DEB-KER04,2026-06-11,PM2.5,2.7416666666666667
DEB-KER04,2026-06-11,Pressure,1001.975
DEB-KER04,2026-06-11,WaterLevel,6.7
DEB-KER04,2026-06-11,WaterTemp,12.630434782608695
DEB-KER04,2026-06-11,Wind_Direction,204.3083333333333
DEB-KER04,2026-06-11,Wind_Speed,9.450000000000001
DEB-KER04,2026-06-12,CO,334.28333333333336
DEB-KER04,2026-06-12,CO2,758.9375
DEB-KER04,2026-06-12,Conductivity,0.2
DEB-KER04,2026-06-12,Humidity,60.425000000000004
DEB-KER04,2026-06-12,NO,2.504166666666667
DEB-KER04,2026-06-12,NO2,16.608333333333334
DEB-KER04,2026-06-12,NOx,19.1375
DEB-KER04,2026-06-12,O3,94.91250000000001
DEB-KER04,2026-06-12,PM10,3.3708333333333336
DEB-KER04,2026-06-12,PM2.5,2.591666666666667
DEB-KER04,2026-06-12,Pressure,1007.5458333333332
DEB-KER04,2026-06-12,WaterLevel,6.7
DEB-KER04,2026-06-12,WaterTemp,12.643478260869566
DEB-KER04,2026-06-12,Wind_Direction,225.14583333333334
DEB-KER04,2026-06-12,Wind_Speed,6.941666666666666
DEB-KER04,2026-06-13,CO,333.72499999999997
DEB-KER04,2026-06-13,CO2,790.4708333333333
DEB-KER04,2026-06-13,Conductivity,0.2
DEB-KER04,2026-06-13,Humidity,63.5375
DEB-KER04,2026-06-13,NO,2.1
DEB-KER04,2026-06-13,NO2,15.120833333333332
DEB-KER04,2026-06-13,NOx,17.179166666666667
DEB-KER04,2026-06-13,O3,91.83333333333333
DEB-KER04,2026-06-13,PM10,3.1833333333333336
DEB-KER04,2026-06-13,PM2.5,2.4791666666666665
DEB-KER04,2026-06-13,Pressure,1005.4499999999999
DEB-KER04,2026-06-13,WaterLevel,6.7
DEB-KER04,2026-06-13,WaterTemp,12.626086956521737
DEB-KER04,2026-06-13,Wind_Direction,191.91666666666666
DEB-KER04,2026-06-13,Wind_Speed,8.725
DEB-KER04,2026-06-14,CO,316.46250000000003
DEB-KER04,2026-06-14,CO2,763.5416666666666
DEB-KER04,2026-06-14,Conductivity,0.20000000000000004
DEB-KER04,2026-06-14,Humidity,60.449999999999996
DEB-KER04,2026-06-14,NO,1.795
DEB-KER04,2026-06-14,NO2,12.166666666666666
DEB-KER04,2026-06-14,NOx,14.98
DEB-KER04,2026-06-14,O3,107.89999999999999
DEB-KER04,2026-06-14,PM10,7.070833333333333
DEB-KER04,2026-06-14,PM2.5,2.8333333333333335
DEB-KER04,2026-06-14,Pressure,999.3833333333333
DEB-KER04,2026-06-14,WaterLevel,6.7
DEB-KER04,2026-06-14,WaterTemp,12.649999999999999
DEB-KER04,2026-06-14,Wind_Direction,205.07500000000002
DEB-KER04,2026-06-14,Wind_Speed,11.320833333333333
DEB-KER04,2026-06-15,CO,318.84583333333336
DEB-KER04,2026-06-15,CO2,767.0666666666666
DEB-KER04,2026-06-15,Conductivity,0.20000000000000004
DEB-KER04,2026-06-15,Humidity,47.262499999999996
DEB-KER04,2026-06-15,NO,1.8631578947368421
DEB-KER04,2026-06-15,NO2,11.008333333333333
DEB-KER04,2026-06-15,NOx,14.852631578947367
DEB-KER04,2026-06-15,O3,100.30416666666667
DEB-KER04,2026-06-15,PM10,7.191666666666666
DEB-KER04,2026-06-15,PM2.5,2.1625
DEB-KER04,2026-06-15,Pressure,1000.6916666666666
DEB-KER04,2026-06-15,WaterLevel,6.7
DEB-KER04,2026-06-15,WaterTemp,12.633333333333333
DEB-KER04,2026-06-15,Wind_Direction,220.98333333333335
DEB-KER04,2026-06-15,Wind_Speed,11.1625
DEB-KER04,2026-06-16,CO,316.71666666666664
DEB-KER04,2026-06-16,CO2,753.2166666666667
DEB-KER04,2026-06-16,Conductivity,0.20000000000000004
DEB-KER04,2026-06-16,Humidity,49.387499999999996
DEB-KER04,2026-06-16,NO,1.9352941176470588
DEB-KER04,2026-06-16,NO2,16.095454545454547
DEB-KER04,2026-06-16,NOx,23.45
DEB-KER04,2026-06-16,O3,124.7625
DEB-KER04,2026-06-16,PM10,7.3625
DEB-KER04,2026-06-16,PM2.5,2.8958333333333335
DEB-KER04,2026-06-16,Pressure,1004.8583333333332
DEB-KER04,2026-06-16,WaterLevel,6.7
DEB-KER04,2026-06-16,WaterTemp,12.649999999999999
DEB-KER04,2026-06-16,Wind_Direction,203.8166666666667
DEB-KER04,2026-06-16,Wind_Speed,9.570833333333333
DEB-KER04,2026-06-17,CO,356.01666666666665
DEB-KER04,2026-06-17,CO2,773.7958333333332
DEB-KER04,2026-06-17,Conductivity,0.20000000000000004
DEB-KER04,2026-06-17,Humidity,57.04583333333333
DEB-KER04,2026-06-17,NO,1.6909090909090911
DEB-KER04,2026-06-17,NO2,19.3625
DEB-KER04,2026-06-17,NOx,21.7
DEB-KER04,2026-06-17,O3,107.6375
DEB-KER04,2026-06-17,PM10,14.933333333333332
DEB-KER04,2026-06-17,PM2.5,4.683333333333334
DEB-KER04,2026-06-17,Pressure,1005.4208333333332
DEB-KER04,2026-06-17,TVOC,2.5
DEB-KER04,2026-06-17,WaterLevel,6.7
DEB-KER04,2026-06-17,WaterTemp,12.649999999999999
DEB-KER04,2026-06-17,Wind_Direction,161.98749999999998
DEB-KER04,2026-06-17,Wind_Speed,6.3875
DEB-KER04,2026-06-18,CO,347.50416666666666
DEB-KER04,2026-06-18,CO2,863.5571428571428
DEB-KER04,2026-06-18,Conductivity,0.20000000000000004
DEB-KER04,2026-06-18,Humidity,56.90416666666667
DEB-KER04,2026-06-18,NO,5.9125
DEB-KER04,2026-06-18,NO2,14.517647058823528
DEB-KER04,2026-06-18,NOx,23.166666666666668
DEB-KER04,2026-06-18,O3,86.96666666666665
DEB-KER04,2026-06-18,PM10,18.683333333333334
DEB-KER04,2026-06-18,PM2.5,5.6625000000000005
DEB-KER04,2026-06-18,Pressure,1008.125
DEB-KER04,2026-06-18,WaterLevel,6.7
DEB-KER04,2026-06-18,WaterTemp,12.6625
DEB-KER04,2026-06-18,Wind_Direction,142.97083333333333
DEB-KER04,2026-06-18,Wind_Speed,4.404166666666667
DEB-KER04,2026-06-19,CO,387.01666666666665
DEB-KER04,2026-06-19,Conductivity,0.20000000000000004
DEB-KER04,2026-06-19,Humidity,61.93333333333334
DEB-KER04,2026-06-19,NO,2.7583333333333333
DEB-KER04,2026-06-19,NO2,21.224999999999998
DEB-KER04,2026-06-19,NOx,23.933333333333334
DEB-KER04,2026-06-19,O3,77.23333333333333
DEB-KER04,2026-06-19,PM10,27.025000000000002
DEB-KER04,2026-06-19,PM2.5,7.783333333333334
DEB-KER04,2026-06-19,Pressure,1008.9416666666666
DEB-KER04,2026-06-19,TVOC,2.5
DEB-KER04,2026-06-19,WaterLevel,6.7
DEB-KER04,2026-06-19,WaterTemp,12.641666666666666
DEB-KER04,2026-06-19,Wind_Direction,121.86666666666667
DEB-KER04,2026-06-19,Wind_Speed,3.466666666666667
DEB-KER05,2026-05-21,CO,361.40909090909093
DEB-KER05,2026-05-21,CO2,759.3636363636364
DEB-KER05,2026-05-21,Conductivity,0.7
DEB-KER05,2026-05-21,Humidity,45.22727272727273
DEB-KER05,2026-05-21,NO,0.7
DEB-KER05,2026-05-21,NO2,21.563636363636363
DEB-KER05,2026-05-21,NOx,25.4
DEB-KER05,2026-05-21,O3,161.75
DEB-KER05,2026-05-21,PM10,13.218181818181819
DEB-KER05,2026-05-21,PM2.5,6.790909090909091
DEB-KER05,2026-05-21,Pressure,1003.9954545454547
DEB-KER05,2026-05-21,WaterLevel,5.3
DEB-KER05,2026-05-21,WaterTemp,13.05
DEB-KER05,2026-05-21,Wind_Direction,199.54090909090908
DEB-KER05,2026-05-21,Wind_Speed,6.854545454545455
DEB-KER05,2026-05-22,CO,346.425
DEB-KER05,2026-05-22,CO2,760.5958333333333
DEB-KER05,2026-05-22,Conductivity,0.6999999999999998
DEB-KER05,2026-05-22,Humidity,46.23333333333333
DEB-KER05,2026-05-22,NO2,18.266666666666666
DEB-KER05,2026-05-22,O3,156.00833333333333
DEB-KER05,2026-05-22,PM10,12.799999999999999
DEB-KER05,2026-05-22,PM2.5,5.925
DEB-KER05,2026-05-22,Pressure,1007.4875000000001
DEB-KER05,2026-05-22,WaterLevel,5.3
DEB-KER05,2026-05-22,WaterTemp,12.987499999999999
DEB-KER05,2026-05-22,Wind_Direction,137.91666666666666
DEB-KER05,2026-05-22,Wind_Speed,8.470833333333333
DEB-KER05,2026-05-23,CO,345.8833333333334
DEB-KER05,2026-05-23,CO2,758.0541666666667
DEB-KER05,2026-05-23,Conductivity,0.6999999999999998
DEB-KER05,2026-05-23,Humidity,41.625
DEB-KER05,2026-05-23,NO2,14.858333333333333
DEB-KER05,2026-05-23,O3,157.90833333333333
DEB-KER05,2026-05-23,PM10,11.3375
DEB-KER05,2026-05-23,PM2.5,5.8875
DEB-KER05,2026-05-23,Pressure,1008.4041666666667
DEB-KER05,2026-05-23,WaterLevel,5.295833333333333
DEB-KER05,2026-05-23,WaterTemp,12.945833333333333
DEB-KER05,2026-05-23,Wind_Direction,127.87916666666666
DEB-KER05,2026-05-23,Wind_Speed,6.3875
DEB-KER05,2026-05-24,CO,347.7791666666667
DEB-KER05,2026-05-24,CO2,754.8000000000001
DEB-KER05,2026-05-24,Conductivity,0.6999999999999998
DEB-KER05,2026-05-24,Humidity,40.387499999999996
DEB-KER05,2026-05-24,NO,0.7
DEB-KER05,2026-05-24,NO2,14.721052631578948
DEB-KER05,2026-05-24,NOx,20.6
DEB-KER05,2026-05-24,O3,152.99166666666667
DEB-KER05,2026-05-24,PM10,9.195833333333333
DEB-KER05,2026-05-24,PM2.5,5.295833333333333
DEB-KER05,2026-05-24,Pressure,1008.8791666666666
DEB-KER05,2026-05-24,TVOC,2.5
DEB-KER05,2026-05-24,WaterLevel,5.25
DEB-KER05,2026-05-24,WaterTemp,12.895833333333334
DEB-KER05,2026-05-24,Wind_Direction,143.29999999999998
DEB-KER05,2026-05-24,Wind_Speed,4.833333333333333
DEB-KER05,2026-05-25,CO,364.7791666666667
DEB-KER05,2026-05-25,CO2,776.3541666666666
DEB-KER05,2026-05-25,Conductivity,0.6999999999999998
DEB-KER05,2026-05-25,Humidity,43.25833333333333
DEB-KER05,2026-05-25,NO,0.7
DEB-KER05,2026-05-25,NO2,10.663157894736841
DEB-KER05,2026-05-25,NOx,18.85
DEB-KER05,2026-05-25,O3,154.92499999999998
DEB-KER05,2026-05-25,PM10,12.545833333333334
DEB-KER05,2026-05-25,PM2.5,6.533333333333334
DEB-KER05,2026-05-25,Pressure,1009.7541666666666
DEB-KER05,2026-05-25,TVOC,2.5
DEB-KER05,2026-05-25,WaterLevel,5.2
DEB-KER05,2026-05-25,WaterTemp,12.945833333333333
DEB-KER05,2026-05-25,Wind_Direction,163.57916666666668
DEB-KER05,2026-05-25,Wind_Speed,4.2875000000000005
DEB-KER05,2026-05-26,CO,349.74583333333334
DEB-KER05,2026-05-26,CO2,752.7666666666668
DEB-KER05,2026-05-26,Conductivity,0.6999999999999998
DEB-KER05,2026-05-26,Humidity,39.525
DEB-KER05,2026-05-26,NO2,11.929411764705883
DEB-KER05,2026-05-26,O3,169.82916666666668
DEB-KER05,2026-05-26,PM10,10.983333333333334
DEB-KER05,2026-05-26,PM2.5,5.070833333333334
DEB-KER05,2026-05-26,Pressure,1008.4
DEB-KER05,2026-05-26,TVOC,2.5
DEB-KER05,2026-05-26,WaterLevel,5.2
DEB-KER05,2026-05-26,WaterTemp,12.933333333333332
DEB-KER05,2026-05-26,Wind_Direction,187.0375
DEB-KER05,2026-05-26,Wind_Speed,4.295833333333333
DEB-KER05,2026-05-27,CO,390.4238095238095
DEB-KER05,2026-05-27,CO2,776.4875000000001
DEB-KER05,2026-05-27,Conductivity,0.6999999999999998
DEB-KER05,2026-05-27,Humidity,40.67916666666667
DEB-KER05,2026-05-27,NO,0.7
DEB-KER05,2026-05-27,NO2,16.441176470588236
DEB-KER05,2026-05-27,NOx,21.119999999999997
DEB-KER05,2026-05-27,O3,157.59047619047618
DEB-KER05,2026-05-27,PM10,33.40833333333333
DEB-KER05,2026-05-27,PM2.5,7.933333333333334
DEB-KER05,2026-05-27,Pressure,1001.475
DEB-KER05,2026-05-27,TVOC,2.5
DEB-KER05,2026-05-27,WaterLevel,5.2
DEB-KER05,2026-05-27,WaterTemp,12.920833333333334
DEB-KER05,2026-05-27,Wind_Direction,191.16666666666666
DEB-KER05,2026-05-27,Wind_Speed,4.2375
DEB-KER05,2026-05-28,CO,329.96250000000003
DEB-KER05,2026-05-28,CO2,751.0416666666666
DEB-KER05,2026-05-28,Conductivity,0.6999999999999998
DEB-KER05,2026-05-28,Humidity,37.55416666666667
DEB-KER05,2026-05-28,NO,0.9444444444444444
DEB-KER05,2026-05-28,NO2,14.808333333333332
DEB-KER05,2026-05-28,NOx,20.477777777777778
DEB-KER05,2026-05-28,O3,148.16666666666666
DEB-KER05,2026-05-28,PM10,10.875
DEB-KER05,2026-05-28,PM2.5,4.704166666666667
DEB-KER05,2026-05-28,Pressure,1002.3916666666668
DEB-KER05,2026-05-28,WaterLevel,5.2
DEB-KER05,2026-05-28,WaterTemp,12.979166666666666
DEB-KER05,2026-05-28,Wind_Direction,140.06666666666666
DEB-KER05,2026-05-28,Wind_Speed,5.5
DEB-KER05,2026-05-29,CO,364.875
DEB-KER05,2026-05-29,CO2,764.9166666666666
DEB-KER05,2026-05-29,Conductivity,0.6999999999999998
DEB-KER05,2026-05-29,Humidity,36.18333333333333
DEB-KER05,2026-05-29,NO,0.8111111111111111
DEB-KER05,2026-05-29,NO2,14.729166666666666
DEB-KER05,2026-05-29,NOx,21.355555555555554
DEB-KER05,2026-05-29,O3,133.375
DEB-KER05,2026-05-29,PM10,9.549999999999999
DEB-KER05,2026-05-29,PM2.5,4.420833333333333
DEB-KER05,2026-05-29,Pressure,1006.2458333333334
DEB-KER05,2026-05-29,WaterLevel,5.2
DEB-KER05,2026-05-29,WaterTemp,12.9625
DEB-KER05,2026-05-29,Wind_Direction,214.3125
DEB-KER05,2026-05-29,Wind_Speed,4.183333333333334
DEB-KER05,2026-05-30,CO,395.6166666666666
DEB-KER05,2026-05-30,CO2,783.1708333333332
DEB-KER05,2026-05-30,Conductivity,0.6999999999999998
DEB-KER05,2026-05-30,Humidity,43.39166666666667
DEB-KER05,2026-05-30,NO,1.4333333333333331
DEB-KER05,2026-05-30,NO2,16.6875
DEB-KER05,2026-05-30,NOx,22.788888888888888
DEB-KER05,2026-05-30,O3,131.29166666666666
DEB-KER05,2026-05-30,PM10,15.779166666666667
DEB-KER05,2026-05-30,PM2.5,5.8875
DEB-KER05,2026-05-30,Pressure,999.7708333333334
DEB-KER05,2026-05-30,WaterLevel,5.175
DEB-KER05,2026-05-30,WaterTemp,12.904166666666667
DEB-KER05,2026-05-30,Wind_Direction,200.70000000000002
DEB-KER05,2026-05-30,Wind_Speed,3.329166666666667
DEB-KER05,2026-05-31,CO,353.1541666666667
DEB-KER05,2026-05-31,CO2,773.1374999999999
DEB-KER05,2026-05-31,Conductivity,0.6999999999999998
DEB-KER05,2026-05-31,Humidity,53.9625
DEB-KER05,2026-05-31,NO,4.569230769230769
DEB-KER05,2026-05-31,NO2,17.479166666666668
DEB-KER05,2026-05-31,NOx,29.33076923076923
DEB-KER05,2026-05-31,O3,135.29583333333332
DEB-KER05,2026-05-31,PM10,14.487499999999999
DEB-KER05,2026-05-31,PM2.5,6.479166666666667
DEB-KER05,2026-05-31,Pressure,996.5041666666666
DEB-KER05,2026-05-31,WaterLevel,5.2
DEB-KER05,2026-05-31,WaterTemp,12.987499999999999
DEB-KER05,2026-05-31,Wind_Direction,182.7125
DEB-KER05,2026-05-31,Wind_Speed,3.5625
DEB-KER05,2026-06-01,CO,374.8041666666666
DEB-KER05,2026-06-01,CO2,786.65
DEB-KER05,2026-06-01,Conductivity,0.6999999999999998
DEB-KER05,2026-06-01,Humidity,59.69166666666666
DEB-KER05,2026-06-01,NO,0.9416666666666668
DEB-KER05,2026-06-01,NO2,19.066666666666666
DEB-KER05,2026-06-01,NOx,23.0
DEB-KER05,2026-06-01,O3,129.125
DEB-KER05,2026-06-01,PM10,17.283333333333335
DEB-KER05,2026-06-01,PM2.5,8.129166666666666
DEB-KER05,2026-06-01,Pressure,995.6333333333333
DEB-KER05,2026-06-01,WaterLevel,5.2
DEB-KER05,2026-06-01,WaterTemp,13.0625
DEB-KER05,2026-06-01,Wind_Direction,141.3125
DEB-KER05,2026-06-01,Wind_Speed,3.775
DEB-KER05,2026-06-02,CO,342.1666666666667
DEB-KER05,2026-06-02,CO2,775.3833333333333
DEB-KER05,2026-06-02,Conductivity,0.7
DEB-KER05,2026-06-02,Humidity,63.354166666666664
DEB-KER05,2026-06-02,NO,3.1
DEB-KER05,2026-06-02,NO2,20.383333333333333
DEB-KER05,2026-06-02,NOx,28.383333333333336
DEB-KER05,2026-06-02,O3,124.11666666666667
DEB-KER05,2026-06-02,PM10,9.975
DEB-KER05,2026-06-02,PM2.5,5.95
DEB-KER05,2026-06-02,Pressure,996.3583333333332
DEB-KER05,2026-06-02,WaterLevel,5.230434782608696
DEB-KER05,2026-06-02,WaterTemp,13.069565217391306
DEB-KER05,2026-06-02,Wind_Direction,226.9
DEB-KER05,2026-06-02,Wind_Speed,4.033333333333333
DEB-KER05,2026-06-03,CO,344.49583333333334
DEB-KER05,2026-06-03,CO2,762.3666666666667
DEB-KER05,2026-06-03,Conductivity,0.6999999999999998
DEB-KER05,2026-06-03,Humidity,53.95416666666667
DEB-KER05,2026-06-03,NO,0.7
DEB-KER05,2026-06-03,NO2,18.070833333333333
DEB-KER05,2026-06-03,NOx,24.419999999999998
DEB-KER05,2026-06-03,O3,142.62916666666666
DEB-KER05,2026-06-03,PM10,10.070833333333333
DEB-KER05,2026-06-03,PM2.5,5.925
DEB-KER05,2026-06-03,Pressure,993.5416666666666
DEB-KER05,2026-06-03,WaterLevel,5.3
DEB-KER05,2026-06-03,WaterTemp,13.066666666666668
DEB-KER05,2026-06-03,Wind_Direction,170.76250000000002
DEB-KER05,2026-06-03,Wind_Speed,4.3125
DEB-KER05,2026-06-04,CO,353.7916666666667
DEB-KER05,2026-06-04,CO2,776.4666666666667
DEB-KER05,2026-06-04,Conductivity,0.6999999999999998
DEB-KER05,2026-06-04,Humidity,58.19166666666666
DEB-KER05,2026-06-04,NO,0.7
DEB-KER05,2026-06-04,NO2,17.841666666666665
DEB-KER05,2026-06-04,NOx,16.7
DEB-KER05,2026-06-04,O3,112.49583333333334
DEB-KER05,2026-06-04,PM10,10.895833333333334
DEB-KER05,2026-06-04,PM2.5,6.620833333333334
DEB-KER05,2026-06-04,Pressure,993.6916666666666
DEB-KER05,2026-06-04,WaterLevel,5.295833333333333
DEB-KER05,2026-06-04,WaterTemp,13.083333333333334
DEB-KER05,2026-06-04,Wind_Direction,218.07083333333333
DEB-KER05,2026-06-04,Wind_Speed,4.408333333333333
DEB-KER05,2026-06-05,CO,347.26666666666665
DEB-KER05,2026-06-05,CO2,776.8916666666668
DEB-KER05,2026-06-05,Conductivity,0.6999999999999998
DEB-KER05,2026-06-05,Humidity,58.87083333333334
DEB-KER05,2026-06-05,NO,0.7
DEB-KER05,2026-06-05,NO2,17.920833333333334
DEB-KER05,2026-06-05,NOx,20.475
DEB-KER05,2026-06-05,O3,104.425
DEB-KER05,2026-06-05,PM10,9.741666666666667
DEB-KER05,2026-06-05,PM2.5,5.679166666666667
DEB-KER05,2026-06-05,Pressure,997.35
DEB-KER05,2026-06-05,TVOC,2.5
DEB-KER05,2026-06-05,WaterLevel,5.258333333333334
DEB-KER05,2026-06-05,WaterTemp,13.0625
DEB-KER05,2026-06-05,Wind_Direction,179.975
DEB-KER05,2026-06-05,Wind_Speed,4.154166666666667
DEB-KER05,2026-06-06,CO,352.71250000000003
DEB-KER05,2026-06-06,CO2,781.7166666666667
DEB-KER05,2026-06-06,Conductivity,0.7
DEB-KER05,2026-06-06,Humidity,62.083333333333336
DEB-KER05,2026-06-06,NO,0.7
DEB-KER05,2026-06-06,NO2,17.458333333333332
DEB-KER05,2026-06-06,NOx,16.4
DEB-KER05,2026-06-06,O3,91.29166666666667
DEB-KER05,2026-06-06,PM10,6.6875
DEB-KER05,2026-06-06,PM2.5,4.55
DEB-KER05,2026-06-06,Pressure,1001.4083333333333
DEB-KER05,2026-06-06,WaterLevel,5.2
DEB-KER05,2026-06-06,WaterTemp,13.095652173913043
DEB-KER05,2026-06-06,Wind_Direction,183.225
DEB-KER05,2026-06-06,Wind_Speed,2.529166666666667
DEB-KER05,2026-06-07,CO,348.9458333333334
DEB-KER05,2026-06-07,CO2,800.75
DEB-KER05,2026-06-07,Conductivity,0.6999999999999998
DEB-KER05,2026-06-07,Humidity,55.074999999999996
DEB-KER05,2026-06-07,NO,0.7
DEB-KER05,2026-06-07,NO2,16.595833333333335
DEB-KER05,2026-06-07,NOx,21.1
DEB-KER05,2026-06-07,O3,93.825
DEB-KER05,2026-06-07,PM10,7.766666666666667
DEB-KER05,2026-06-07,PM2.5,5.075
DEB-KER05,2026-06-07,Pressure,1003.2958333333332
DEB-KER05,2026-06-07,WaterLevel,5.2
DEB-KER05,2026-06-07,WaterTemp,13.083333333333334
DEB-KER05,2026-06-07,Wind_Direction,186.00833333333333
DEB-KER05,2026-06-07,Wind_Speed,2.9958333333333336
DEB-KER05,2026-06-08,CO,348.95416666666665
DEB-KER05,2026-06-08,CO2,793.5833333333334
DEB-KER05,2026-06-08,Conductivity,0.6999999999999998
DEB-KER05,2026-06-08,Humidity,49.324999999999996
DEB-KER05,2026-06-08,NO,0.7
DEB-KER05,2026-06-08,NO2,14.404166666666667
DEB-KER05,2026-06-08,NOx,19.68
DEB-KER05,2026-06-08,O3,99.25833333333333
DEB-KER05,2026-06-08,PM10,8.5625
DEB-KER05,2026-06-08,PM2.5,4.675
DEB-KER05,2026-06-08,Pressure,1003.4958333333334
DEB-KER05,2026-06-08,WaterLevel,5.2
DEB-KER05,2026-06-08,WaterTemp,13.058333333333332
DEB-KER05,2026-06-08,Wind_Direction,150.80416666666667
DEB-KER05,2026-06-08,Wind_Speed,2.9916666666666667
DEB-KER05,2026-06-09,CO,356.2625
DEB-KER05,2026-06-09,CO2,785.0375
DEB-KER05,2026-06-09,Conductivity,0.6999999999999998
DEB-KER05,2026-06-09,Humidity,44.60833333333333
DEB-KER05,2026-06-09,NO,0.6999999999999998
DEB-KER05,2026-06-09,NO2,14.826315789473684
DEB-KER05,2026-06-09,NOx,22.066666666666666
DEB-KER05,2026-06-09,O3,114.53750000000001
DEB-KER05,2026-06-09,PM10,12.075000000000001
DEB-KER05,2026-06-09,PM2.5,5.291666666666667
DEB-KER05,2026-06-09,Pressure,999.4958333333334
DEB-KER05,2026-06-09,TVOC,2.5
DEB-KER05,2026-06-09,WaterLevel,5.2
DEB-KER05,2026-06-09,WaterTemp,13.054166666666667
DEB-KER05,2026-06-09,Wind_Direction,123.47083333333335
DEB-KER05,2026-06-09,Wind_Speed,2.5791666666666666
DEB-KER05,2026-06-10,CO,370.4875
DEB-KER05,2026-06-10,CO2,758.2416666666667
DEB-KER05,2026-06-10,Conductivity,0.6999999999999998
DEB-KER05,2026-06-10,Humidity,49.395833333333336
DEB-KER05,2026-06-10,NO,0.7
DEB-KER05,2026-06-10,NO2,14.466666666666667
DEB-KER05,2026-06-10,NOx,23.4
DEB-KER05,2026-06-10,O3,126.38333333333333
DEB-KER05,2026-06-10,PM10,16.504166666666666
DEB-KER05,2026-06-10,PM2.5,7.391666666666667
DEB-KER05,2026-06-10,Pressure,997.4666666666667
DEB-KER05,2026-06-10,TVOC,2.5
DEB-KER05,2026-06-10,WaterLevel,5.2
DEB-KER05,2026-06-10,WaterTemp,13.033333333333333
DEB-KER05,2026-06-10,Wind_Direction,126.02083333333333
DEB-KER05,2026-06-10,Wind_Speed,3.4375
DEB-KER05,2026-06-11,CO,354.55
DEB-KER05,2026-06-11,CO2,774.5083333333333
DEB-KER05,2026-06-11,Conductivity,0.6999999999999998
DEB-KER05,2026-06-11,Humidity,60.15416666666667
DEB-KER05,2026-06-11,NO,0.7
DEB-KER05,2026-06-11,NO2,16.970833333333335
DEB-KER05,2026-06-11,NOx,23.29090909090909
DEB-KER05,2026-06-11,O3,106.41250000000001
DEB-KER05,2026-06-11,PM10,7.641666666666667
DEB-KER05,2026-06-11,PM2.5,4.808333333333334
DEB-KER05,2026-06-11,Pressure,998.2666666666668
DEB-KER05,2026-06-11,WaterLevel,5.2
DEB-KER05,2026-06-11,WaterTemp,13.066666666666668
DEB-KER05,2026-06-11,Wind_Direction,200.82500000000002
DEB-KER05,2026-06-11,Wind_Speed,4.883333333333334
DEB-KER05,2026-06-12,CO,345.87916666666666
DEB-KER05,2026-06-12,CO2,768.475
DEB-KER05,2026-06-12,Conductivity,0.6999999999999998
DEB-KER05,2026-06-12,Humidity,56.92083333333333
DEB-KER05,2026-06-12,NO,0.7
DEB-KER05,2026-06-12,NO2,12.920833333333334
DEB-KER05,2026-06-12,NOx,20.35
DEB-KER05,2026-06-12,O3,98.55833333333334
DEB-KER05,2026-06-12,PM10,5.916666666666667
DEB-KER05,2026-06-12,PM2.5,4.566666666666666
DEB-KER05,2026-06-12,Pressure,1003.6999999999999
DEB-KER05,2026-06-12,WaterLevel,5.2
DEB-KER05,2026-06-12,WaterTemp,13.041666666666666
DEB-KER05,2026-06-12,Wind_Direction,144.80416666666667
DEB-KER05,2026-06-12,Wind_Speed,4.3125
DEB-KER05,2026-06-13,CO,347.0958333333333
DEB-KER05,2026-06-13,CO2,798.7958333333332
DEB-KER05,2026-06-13,Conductivity,0.6999999999999998
DEB-KER05,2026-06-13,Humidity,57.675000000000004
DEB-KER05,2026-06-13,NO2,9.979166666666666
DEB-KER05,2026-06-13,O3,91.11666666666667
DEB-KER05,2026-06-13,PM10,5.995833333333334
DEB-KER05,2026-06-13,PM2.5,4.470833333333333
DEB-KER05,2026-06-13,Pressure,1001.5083333333333
DEB-KER05,2026-06-13,WaterLevel,5.2
DEB-KER05,2026-06-13,WaterTemp,13.083333333333334
DEB-KER05,2026-06-13,Wind_Direction,198.77916666666667
DEB-KER05,2026-06-13,Wind_Speed,4.5249999999999995
DEB-KER05,2026-06-14,CO,328.87916666666666
DEB-KER05,2026-06-14,CO2,771.7583333333333
DEB-KER05,2026-06-14,Conductivity,0.7
DEB-KER05,2026-06-14,Humidity,55.083333333333336
DEB-KER05,2026-06-14,NO2,10.804347826086957
DEB-KER05,2026-06-14,O3,102.89583333333333
DEB-KER05,2026-06-14,PM10,11.054166666666667
DEB-KER05,2026-06-14,PM2.5,5.125
DEB-KER05,2026-06-14,Pressure,995.875
DEB-KER05,2026-06-14,WaterLevel,5.2
DEB-KER05,2026-06-14,WaterTemp,13.08695652173913
DEB-KER05,2026-06-14,Wind_Direction,227.75
DEB-KER05,2026-06-14,Wind_Speed,5.916666666666667
DEB-KER05,2026-06-15,CO,342.16249999999997
DEB-KER05,2026-06-15,CO2,779.4625
DEB-KER05,2026-06-15,Conductivity,0.6999999999999998
DEB-KER05,2026-06-15,Humidity,45.25416666666666
DEB-KER05,2026-06-15,NO2,11.379166666666668
DEB-KER05,2026-06-15,O3,93.8875
DEB-KER05,2026-06-15,PM10,7.954166666666667
DEB-KER05,2026-06-15,PM2.5,4.554166666666666
DEB-KER05,2026-06-15,Pressure,996.8291666666668
DEB-KER05,2026-06-15,TVOC,2.5
DEB-KER05,2026-06-15,WaterLevel,5.2
DEB-KER05,2026-06-15,WaterTemp,13.025
DEB-KER05,2026-06-15,Wind_Direction,241.90416666666667
DEB-KER05,2026-06-15,Wind_Speed,4.433333333333334
DEB-KER05,2026-06-16,CO,330.425
DEB-KER05,2026-06-16,CO2,751.0
DEB-KER05,2026-06-16,Conductivity,0.6999999999999998
DEB-KER05,2026-06-16,Humidity,44.30416666666667
DEB-KER05,2026-06-16,NO2,10.80909090909091
DEB-KER05,2026-06-16,O3,118.84583333333335
DEB-KER05,2026-06-16,PM10,8.75
DEB-KER05,2026-06-16,PM2.5,4.8875
DEB-KER05,2026-06-16,Pressure,1001.0833333333334
DEB-KER05,2026-06-16,WaterLevel,5.2
DEB-KER05,2026-06-16,WaterTemp,12.975
DEB-KER05,2026-06-16,Wind_Direction,240.26666666666665
DEB-KER05,2026-06-16,Wind_Speed,5.604166666666667
DEB-KER05,2026-06-17,CO,369.04583333333335
DEB-KER05,2026-06-17,CO2,777.3541666666666
DEB-KER05,2026-06-17,Conductivity,0.6999999999999998
DEB-KER05,2026-06-17,Humidity,49.895833333333336
DEB-KER05,2026-06-17,NO2,10.5875
DEB-KER05,2026-06-17,O3,105.825
DEB-KER05,2026-06-17,PM10,20.3125
DEB-KER05,2026-06-17,PM2.5,6.516666666666667
DEB-KER05,2026-06-17,Pressure,1001.7666666666668
DEB-KER05,2026-06-17,TVOC,2.5
DEB-KER05,2026-06-17,WaterLevel,5.2
DEB-KER05,2026-06-17,WaterTemp,13.066666666666668
DEB-KER05,2026-06-17,Wind_Direction,179.29999999999998
DEB-KER05,2026-06-17,Wind_Speed,3.9625
DEB-KER05,2026-06-18,CO,340.8208333333333
DEB-KER05,2026-06-18,CO2,791.0375
DEB-KER05,2026-06-18,Conductivity,0.6999999999999998
DEB-KER05,2026-06-18,Humidity,52.833333333333336
DEB-KER05,2026-06-18,NO,2.1666666666666665
DEB-KER05,2026-06-18,NO2,13.299999999999999
DEB-KER05,2026-06-18,NOx,15.166666666666666
DEB-KER05,2026-06-18,O3,96.27083333333333
DEB-KER05,2026-06-18,PM10,19.2
DEB-KER05,2026-06-18,PM2.5,6.983333333333333
DEB-KER05,2026-06-18,Pressure,1004.525
DEB-KER05,2026-06-18,TVOC,2.5
DEB-KER05,2026-06-18,WaterLevel,5.2
DEB-KER05,2026-06-18,WaterTemp,13.1
DEB-KER05,2026-06-18,Wind_Direction,142.02083333333334
DEB-KER05,2026-06-18,Wind_Speed,2.6416666666666666
DEB-KER05,2026-06-19,CO,385.575
DEB-KER05,2026-06-19,CO2,857.8916666666668
DEB-KER05,2026-06-19,Conductivity,0.6999999999999998
DEB-KER05,2026-06-19,Humidity,58.00833333333333
DEB-KER05,2026-06-19,NO2,14.883333333333333
DEB-KER05,2026-06-19,O3,80.00833333333334
DEB-KER05,2026-06-19,PM10,22.858333333333334
DEB-KER05,2026-06-19,PM2.5,8.116666666666667
DEB-KER05,2026-06-19,Pressure,1005.3333333333334
DEB-KER05,2026-06-19,WaterLevel,5.2
DEB-KER05,2026-06-19,WaterTemp,13.083333333333334
DEB-KER05,2026-06-19,Wind_Direction,154.94166666666666
DEB-KER05,2026-06-19,Wind_Speed,1.7
DEB-KER06,2026-05-21,CO,363.1363636363636
DEB-KER06,2026-05-21,CO2,758.0
DEB-KER06,2026-05-21,Conductivity,1.0
DEB-KER06,2026-05-21,Humidity,46.78636363636363
DEB-KER06,2026-05-21,NO2,17.20909090909091
DEB-KER06,2026-05-21,O3,137.0909090909091
DEB-KER06,2026-05-21,PM10,10.363636363636363
DEB-KER06,2026-05-21,PM2.5,5.618181818181818
DEB-KER06,2026-05-21,Pressure,1002.8272727272728
DEB-KER06,2026-05-21,WaterLevel,3.1
DEB-KER06,2026-05-21,WaterTemp,14.0
DEB-KER06,2026-05-21,Wind_Direction,201.04545454545453
DEB-KER06,2026-05-21,Wind_Speed,4.668181818181818
DEB-KER06,2026-05-22,CO,347.19166666666666
DEB-KER06,2026-05-22,CO2,760.025
DEB-KER06,2026-05-22,Conductivity,1.0
DEB-KER06,2026-05-22,Humidity,47.199999999999996
DEB-KER06,2026-05-22,NO2,13.041666666666666
DEB-KER06,2026-05-22,O3,133.9375
DEB-KER06,2026-05-22,PM10,8.008333333333333
DEB-KER06,2026-05-22,PM2.5,4.066666666666666
DEB-KER06,2026-05-22,Pressure,1006.2916666666666
DEB-KER06,2026-05-22,WaterLevel,3.1
DEB-KER06,2026-05-22,WaterTemp,14.025
DEB-KER06,2026-05-22,Wind_Direction,178.82916666666665
DEB-KER06,2026-05-22,Wind_Speed,4.066666666666666
DEB-KER06,2026-05-23,CO,345.99583333333334
DEB-KER06,2026-05-23,CO2,758.3874999999999
DEB-KER06,2026-05-23,Conductivity,1.0
DEB-KER06,2026-05-23,Humidity,42.68333333333334
DEB-KER06,2026-05-23,NO,0.7
DEB-KER06,2026-05-23,NO2,12.95
DEB-KER06,2026-05-23,NOx,22.8
DEB-KER06,2026-05-23,O3,142.9625
DEB-KER06,2026-05-23,PM10,6.270833333333333
DEB-KER06,2026-05-23,PM2.5,3.6958333333333333
DEB-KER06,2026-05-23,Pressure,1007.3291666666668
DEB-KER06,2026-05-23,WaterLevel,3.1
DEB-KER06,2026-05-23,WaterTemp,14.095833333333333
DEB-KER06,2026-05-23,Wind_Direction,182.34166666666667
DEB-KER06,2026-05-23,Wind_Speed,3.3791666666666664
DEB-KER06,2026-05-24,CO,346.03043478260867
DEB-KER06,2026-05-24,CO2,757.9208333333332
DEB-KER06,2026-05-24,Conductivity,1.0
DEB-KER06,2026-05-24,Humidity,41.0625
DEB-KER06,2026-05-24,NO,0.7
DEB-KER06,2026-05-24,NO2,9.947368421052632
DEB-KER06,2026-05-24,NOx,15.65
DEB-KER06,2026-05-24,O3,142.8782608695652
DEB-KER06,2026-05-24,PM10,4.5
DEB-KER06,2026-05-24,PM2.5,2.970833333333333
DEB-KER06,2026-05-24,Pressure,1007.9083333333333
DEB-KER06,2026-05-24,TVOC,2.5
DEB-KER06,2026-05-24,WaterLevel,3.1
DEB-KER06,2026-05-24,WaterTemp,14.1
DEB-KER06,2026-05-24,Wind_Direction,173.25833333333333
DEB-KER06,2026-05-24,Wind_Speed,2.766666666666667
DEB-KER06,2026-05-25,CO,358.9083333333333
DEB-KER06,2026-05-25,CO2,769.65
DEB-KER06,2026-05-25,Conductivity,1.0
DEB-KER06,2026-05-25,Humidity,43.45416666666667
DEB-KER06,2026-05-25,NO2,8.327777777777778
DEB-KER06,2026-05-25,O3,154.04166666666666
DEB-KER06,2026-05-25,PM10,8.020833333333334
DEB-KER06,2026-05-25,PM2.5,4.795833333333333
DEB-KER06,2026-05-25,Pressure,1008.8291666666668
DEB-KER06,2026-05-25,TVOC,2.5
DEB-KER06,2026-05-25,WaterLevel,3.1
DEB-KER06,2026-05-25,WaterTemp,14.091666666666667
DEB-KER06,2026-05-25,Wind_Direction,183.47083333333333
DEB-KER06,2026-05-25,Wind_Speed,2.475
DEB-KER06,2026-05-26,CO,353.0625
DEB-KER06,2026-05-26,CO2,760.6374999999999
DEB-KER06,2026-05-26,Conductivity,1.0
DEB-KER06,2026-05-26,Humidity,40.454166666666666
DEB-KER06,2026-05-26,NO2,9.41875
DEB-KER06,2026-05-26,O3,163.35416666666666
DEB-KER06,2026-05-26,PM10,5.2749999999999995
DEB-KER06,2026-05-26,PM2.5,2.591666666666667
DEB-KER06,2026-05-26,Pressure,1007.4041666666667
DEB-KER06,2026-05-26,TVOC,2.5
DEB-KER06,2026-05-26,WaterLevel,3.1
DEB-KER06,2026-05-26,WaterTemp,14.095833333333333
DEB-KER06,2026-05-26,Wind_Direction,179.4
DEB-KER06,2026-05-26,Wind_Speed,2.8833333333333333
DEB-KER06,2026-05-27,CO,388.2136363636364
DEB-KER06,2026-05-27,CO2,771.9833333333332
DEB-KER06,2026-05-27,Conductivity,1.0
DEB-KER06,2026-05-27,Humidity,40.81666666666667
DEB-KER06,2026-05-27,NO,0.7
DEB-KER06,2026-05-27,NO2,15.05
DEB-KER06,2026-05-27,NOx,23.1
DEB-KER06,2026-05-27,O3,155.95454545454547
DEB-KER06,2026-05-27,PM10,17.504166666666666
DEB-KER06,2026-05-27,PM2.5,4.216666666666667
DEB-KER06,2026-05-27,Pressure,1000.4291666666667
DEB-KER06,2026-05-27,TVOC,2.5
DEB-KER06,2026-05-27,WaterLevel,3.1
DEB-KER06,2026-05-27,WaterTemp,14.079166666666666
DEB-KER06,2026-05-27,Wind_Direction,153.74166666666667
DEB-KER06,2026-05-27,Wind_Speed,2.2083333333333335
DEB-KER06,2026-05-28,CO,332.46666666666664
DEB-KER06,2026-05-28,CO2,759.3583333333332
DEB-KER06,2026-05-28,Conductivity,1.0
DEB-KER06,2026-05-28,Humidity,37.583333333333336
DEB-KER06,2026-05-28,NO,0.7
DEB-KER06,2026-05-28,NO2,8.208695652173914
DEB-KER06,2026-05-28,NOx,11.84
DEB-KER06,2026-05-28,O3,143.67499999999998
DEB-KER06,2026-05-28,PM10,4.508333333333334
DEB-KER06,2026-05-28,PM2.5,1.9041666666666668
DEB-KER06,2026-05-28,Pressure,1001.1958333333333
DEB-KER06,2026-05-28,WaterLevel,3.1
DEB-KER06,2026-05-28,WaterTemp,14.075000000000001
DEB-KER06,2026-05-28,Wind_Direction,186.24166666666667
DEB-KER06,2026-05-28,Wind_Speed,3.5833333333333335
DEB-KER06,2026-05-29,CO,361.9304347826087
DEB-KER06,2026-05-29,CO2,766.4875000000001
DEB-KER06,2026-05-29,Conductivity,1.0
DEB-KER06,2026-05-29,Humidity,36.020833333333336
DEB-KER06,2026-05-29,NO,0.7
DEB-KER06,2026-05-29,NO2,11.365217391304347
DEB-KER06,2026-05-29,NOx,14.600000000000001
DEB-KER06,2026-05-29,O3,131.6478260869565
DEB-KER06,2026-05-29,PM10,3.9499999999999997
DEB-KER06,2026-05-29,PM2.5,1.7791666666666668
DEB-KER06,2026-05-29,Pressure,1005.0500000000001
DEB-KER06,2026-05-29,WaterLevel,3.1
DEB-KER06,2026-05-29,WaterTemp,14.070833333333333
DEB-KER06,2026-05-29,Wind_Direction,180.1291666666667
DEB-KER06,2026-05-29,Wind_Speed,3.025
DEB-KER06,2026-05-30,CO,384.5916666666667
DEB-KER06,2026-05-30,CO2,778.875
DEB-KER06,2026-05-30,Conductivity,1.0
DEB-KER06,2026-05-30,Humidity,42.68333333333334
DEB-KER06,2026-05-30,NO,0.7
DEB-KER06,2026-05-30,NO2,12.570833333333333
DEB-KER06,2026-05-30,NOx,15.059999999999999
DEB-KER06,2026-05-30,O3,125.68333333333334
DEB-KER06,2026-05-30,PM10,5.0625
DEB-KER06,2026-05-30,PM2.5,2.5
DEB-KER06,2026-05-30,Pressure,998.7083333333334
DEB-KER06,2026-05-30,TVOC,2.5
DEB-KER06,2026-05-30,WaterLevel,3.1
DEB-KER06,2026-05-30,WaterTemp,14.0375
DEB-KER06,2026-05-30,Wind_Direction,178.85
DEB-KER06,2026-05-30,Wind_Speed,1.758333333333333
DEB-KER06,2026-05-31,CO,354.5
DEB-KER06,2026-05-31,CO2,772.375
DEB-KER06,2026-05-31,Conductivity,1.0
DEB-KER06,2026-05-31,Humidity,54.9625
DEB-KER06,2026-05-31,NO,0.7538461538461537
DEB-KER06,2026-05-31,NO2,11.808333333333332
DEB-KER06,2026-05-31,NOx,17.2
DEB-KER06,2026-05-31,O3,122.12083333333334
DEB-KER06,2026-05-31,PM10,7.770833333333333
DEB-KER06,2026-05-31,PM2.5,4.058333333333334
DEB-KER06,2026-05-31,Pressure,995.3583333333332
DEB-KER06,2026-05-31,WaterLevel,3.1
DEB-KER06,2026-05-31,WaterTemp,14.029166666666667
DEB-KER06,2026-05-31,Wind_Direction,161.70416666666668
DEB-KER06,2026-05-31,Wind_Speed,2.2916666666666665
DEB-KER06,2026-06-01,CO,377.85833333333335
DEB-KER06,2026-06-01,CO2,785.3583333333332
DEB-KER06,2026-06-01,Conductivity,1.0
DEB-KER06,2026-06-01,Humidity,60.82916666666667
DEB-KER06,2026-06-01,NO,0.7
DEB-KER06,2026-06-01,NO2,15.641666666666666
DEB-KER06,2026-06-01,NOx,19.09
DEB-KER06,2026-06-01,O3,109.89999999999999
DEB-KER06,2026-06-01,PM10,12.358333333333334
DEB-KER06,2026-06-01,PM2.5,6.854166666666667
DEB-KER06,2026-06-01,Pressure,994.4499999999999
DEB-KER06,2026-06-01,WaterLevel,3.1
DEB-KER06,2026-06-01,WaterTemp,14.008333333333333
DEB-KER06,2026-06-01,Wind_Direction,165.725
DEB-KER06,2026-06-01,Wind_Speed,1.9083333333333332
DEB-KER06,2026-06-02,CO,351.7
DEB-KER06,2026-06-02,CO2,765.4666666666667
DEB-KER06,2026-06-02,Conductivity,1.0
DEB-KER06,2026-06-02,Humidity,66.40833333333333
DEB-KER06,2026-06-02,NO,0.7
DEB-KER06,2026-06-02,NO2,13.9625
DEB-KER06,2026-06-02,NOx,17.363636363636363
DEB-KER06,2026-06-02,O3,108.38333333333333
DEB-KER06,2026-06-02,PM10,4.530434782608696
DEB-KER06,2026-06-02,PM2.5,3.473913043478261
DEB-KER06,2026-06-02,Pressure,995.3874999999999
DEB-KER06,2026-06-02,WaterLevel,3.1
DEB-KER06,2026-06-02,WaterTemp,14.0
DEB-KER06,2026-06-02,Wind_Direction,199.10416666666666
DEB-KER06,2026-06-02,Wind_Speed,2.495833333333333
DEB-KER06,2026-06-03,CO,354.05833333333334
DEB-KER06,2026-06-03,CO2,759.4291666666667
DEB-KER06,2026-06-03,Conductivity,1.0
DEB-KER06,2026-06-03,Humidity,55.137499999999996
DEB-KER06,2026-06-03,NO,0.6999999999999998
DEB-KER06,2026-06-03,NO2,14.55
DEB-KER06,2026-06-03,NOx,19.366666666666664
DEB-KER06,2026-06-03,O3,124.7375
DEB-KER06,2026-06-03,PM10,4.575
DEB-KER06,2026-06-03,PM2.5,3.475
DEB-KER06,2026-06-03,Pressure,992.525
DEB-KER06,2026-06-03,TVOC,2.5
DEB-KER06,2026-06-03,WaterLevel,3.1
DEB-KER06,2026-06-03,WaterTemp,14.004166666666668
DEB-KER06,2026-06-03,Wind_Direction,171.9625
DEB-KER06,2026-06-03,Wind_Speed,2.8541666666666665
DEB-KER06,2026-06-04,CO,362.33750000000003
DEB-KER06,2026-06-04,CO2,767.1416666666668
DEB-KER06,2026-06-04,Conductivity,1.0
DEB-KER06,2026-06-04,Humidity,59.22083333333333
DEB-KER06,2026-06-04,NO2,14.808333333333332
DEB-KER06,2026-06-04,O3,114.89999999999999
DEB-KER06,2026-06-04,PM10,5.8125
DEB-KER06,2026-06-04,PM2.5,4.25
DEB-KER06,2026-06-04,Pressure,992.775
DEB-KER06,2026-06-04,TVOC,2.5
DEB-KER06,2026-06-04,WaterLevel,3.1
DEB-KER06,2026-06-04,WaterTemp,14.0
DEB-KER06,2026-06-04,Wind_Direction,154.26250000000002
DEB-KER06,2026-06-04,Wind_Speed,2.9291666666666667
DEB-KER06,2026-06-05,CO,358.0958333333333
DEB-KER06,2026-06-05,CO2,767.8458333333333
DEB-KER06,2026-06-05,Conductivity,1.0
DEB-KER06,2026-06-05,Humidity,59.67916666666667
DEB-KER06,2026-06-05,NO,0.7
DEB-KER06,2026-06-05,NO2,13.85
DEB-KER06,2026-06-05,NOx,15.774999999999999
DEB-KER06,2026-06-05,O3,107.1875
DEB-KER06,2026-06-05,PM10,4.254166666666666
DEB-KER06,2026-06-05,PM2.5,2.954166666666667
DEB-KER06,2026-06-05,Pressure,996.2208333333333
DEB-KER06,2026-06-05,TVOC,2.5
DEB-KER06,2026-06-05,WaterLevel,3.1
DEB-KER06,2026-06-05,WaterTemp,14.0
DEB-KER06,2026-06-05,Wind_Direction,151.18333333333334
DEB-KER06,2026-06-05,Wind_Speed,2.7916666666666665
DEB-KER06,2026-06-06,CO,359.26666666666665
DEB-KER06,2026-06-06,CO2,772.5083333333333
DEB-KER06,2026-06-06,Conductivity,1.0
DEB-KER06,2026-06-06,Humidity,63.13333333333333
DEB-KER06,2026-06-06,NO2,13.504166666666668
DEB-KER06,2026-06-06,O3,101.05833333333334
DEB-KER06,2026-06-06,PM10,1.9000000000000001
DEB-KER06,2026-06-06,PM2.5,1.8208333333333335
DEB-KER06,2026-06-06,Pressure,1000.0749999999999
DEB-KER06,2026-06-06,WaterLevel,3.1
DEB-KER06,2026-06-06,WaterTemp,14.020833333333334
DEB-KER06,2026-06-06,Wind_Direction,168.89166666666668
DEB-KER06,2026-06-06,Wind_Speed,1.5374999999999999
DEB-KER06,2026-06-07,CO,352.98333333333335
DEB-KER06,2026-06-07,CO2,781.7541666666666
DEB-KER06,2026-06-07,Conductivity,1.0
DEB-KER06,2026-06-07,Humidity,56.262499999999996
DEB-KER06,2026-06-07,NO,0.7
DEB-KER06,2026-06-07,NO2,12.370000000000001
DEB-KER06,2026-06-07,NOx,14.685714285714287
DEB-KER06,2026-06-07,O3,113.72916666666667
DEB-KER06,2026-06-07,PM10,3.1958333333333333
DEB-KER06,2026-06-07,PM2.5,2.704166666666667
DEB-KER06,2026-06-07,Pressure,1002.2875
DEB-KER06,2026-06-07,TVOC,2.5
DEB-KER06,2026-06-07,WaterLevel,3.1
DEB-KER06,2026-06-07,WaterTemp,14.056521739130435
DEB-KER06,2026-06-07,Wind_Direction,169.34583333333333
DEB-KER06,2026-06-07,Wind_Speed,2.0458333333333334
DEB-KER06,2026-06-08,CO,356.10833333333335
DEB-KER06,2026-06-08,CO2,775.375
DEB-KER06,2026-06-08,Conductivity,1.0
DEB-KER06,2026-06-08,Humidity,50.15416666666667
DEB-KER06,2026-06-08,NO,1.6800000000000002
DEB-KER06,2026-06-08,NO2,14.158823529411764
DEB-KER06,2026-06-08,NOx,20.85
DEB-KER06,2026-06-08,O3,124.91666666666667
DEB-KER06,2026-06-08,PM10,2.375
DEB-KER06,2026-06-08,PM2.5,1.8791666666666667
DEB-KER06,2026-06-08,Pressure,1002.5333333333333
DEB-KER06,2026-06-08,TVOC,2.5
DEB-KER06,2026-06-08,WaterLevel,3.1
DEB-KER06,2026-06-08,WaterTemp,14.0375
DEB-KER06,2026-06-08,Wind_Direction,176.45833333333334
DEB-KER06,2026-06-08,Wind_Speed,2.0375
DEB-KER06,2026-06-09,CO,358.58750000000003
DEB-KER06,2026-06-09,CO2,773.9791666666666
DEB-KER06,2026-06-09,Conductivity,1.0
DEB-KER06,2026-06-09,Humidity,44.104166666666664
DEB-KER06,2026-06-09,NO,1.7125
DEB-KER06,2026-06-09,NO2,11.35
DEB-KER06,2026-06-09,NOx,17.0
DEB-KER06,2026-06-09,O3,143.87916666666666
DEB-KER06,2026-06-09,PM10,3.4291666666666667
DEB-KER06,2026-06-09,PM2.5,2.1374999999999997
DEB-KER06,2026-06-09,Pressure,998.4208333333332
DEB-KER06,2026-06-09,TVOC,2.5
DEB-KER06,2026-06-09,WaterLevel,3.1
DEB-KER06,2026-06-09,WaterTemp,14.008333333333333
DEB-KER06,2026-06-09,Wind_Direction,177.94583333333333
DEB-KER06,2026-06-09,Wind_Speed,1.9000000000000001
DEB-KER06,2026-06-10,CO,375.1541666666667
DEB-KER06,2026-06-10,CO2,765.1916666666666
DEB-KER06,2026-06-10,Conductivity,1.0
DEB-KER06,2026-06-10,Humidity,48.39166666666667
DEB-KER06,2026-06-10,NO,1.27
DEB-KER06,2026-06-10,NO2,11.194117647058825
DEB-KER06,2026-06-10,NOx,15.11
DEB-KER06,2026-06-10,O3,147.92916666666667
DEB-KER06,2026-06-10,PM10,6.945833333333334
DEB-KER06,2026-06-10,PM2.5,3.9874999999999994
DEB-KER06,2026-06-10,Pressure,996.4666666666667
DEB-KER06,2026-06-10,TVOC,2.5
DEB-KER06,2026-06-10,WaterLevel,3.1
DEB-KER06,2026-06-10,WaterTemp,14.008333333333333
DEB-KER06,2026-06-10,Wind_Direction,173.77916666666667
DEB-KER06,2026-06-10,Wind_Speed,2.0124999999999997
DEB-KER06,2026-06-11,CO,366.425
DEB-KER06,2026-06-11,CO2,773.6041666666666
DEB-KER06,2026-06-11,Conductivity,1.0
DEB-KER06,2026-06-11,Humidity,60.5625
DEB-KER06,2026-06-11,NO,1.8888888888888888
DEB-KER06,2026-06-11,NO2,12.969565217391304
DEB-KER06,2026-06-11,NOx,17.62777777777778
DEB-KER06,2026-06-11,O3,113.49166666666667
DEB-KER06,2026-06-11,PM10,3.483333333333333
DEB-KER06,2026-06-11,PM2.5,2.4875
DEB-KER06,2026-06-11,Pressure,997.0791666666668
DEB-KER06,2026-06-11,WaterLevel,3.1
DEB-KER06,2026-06-11,WaterTemp,14.012500000000001
DEB-KER06,2026-06-11,Wind_Direction,178.35416666666666
DEB-KER06,2026-06-11,Wind_Speed,2.3958333333333335
DEB-KER06,2026-06-12,CO,350.83750000000003
DEB-KER06,2026-06-12,CO2,768.3666666666667
DEB-KER06,2026-06-12,Conductivity,1.0
DEB-KER06,2026-06-12,Humidity,58.02916666666667
DEB-KER06,2026-06-12,NO,2.0
DEB-KER06,2026-06-12,NO2,12.700000000000001
DEB-KER06,2026-06-12,NOx,18.725
DEB-KER06,2026-06-12,O3,113.77916666666665
DEB-KER06,2026-06-12,PM10,2.441666666666667
DEB-KER06,2026-06-12,PM2.5,2.275
DEB-KER06,2026-06-12,Pressure,1002.4791666666666
DEB-KER06,2026-06-12,WaterLevel,3.1
DEB-KER06,2026-06-12,WaterTemp,14.045833333333334
DEB-KER06,2026-06-12,Wind_Direction,200.3125
DEB-KER06,2026-06-12,Wind_Speed,2.4916666666666667
DEB-KER06,2026-06-13,CO,355.18333333333334
DEB-KER06,2026-06-13,CO2,787.5791666666668
DEB-KER06,2026-06-13,Conductivity,1.0
DEB-KER06,2026-06-13,Humidity,58.62083333333334
DEB-KER06,2026-06-13,NO,2.0461538461538464
DEB-KER06,2026-06-13,NO2,10.570833333333333
DEB-KER06,2026-06-13,NOx,17.13076923076923
DEB-KER06,2026-06-13,O3,97.58333333333333
DEB-KER06,2026-06-13,PM10,1.8166666666666667
DEB-KER06,2026-06-13,PM2.5,1.7041666666666666
DEB-KER06,2026-06-13,Pressure,1000.4458333333333
DEB-KER06,2026-06-13,WaterLevel,3.1
DEB-KER06,2026-06-13,WaterTemp,14.008333333333333
DEB-KER06,2026-06-13,Wind_Direction,133.26250000000002
DEB-KER06,2026-06-13,Wind_Speed,2.4
DEB-KER06,2026-06-14,CO,339.7916666666667
DEB-KER06,2026-06-14,CO2,771.9041666666667
DEB-KER06,2026-06-14,Conductivity,1.0
DEB-KER06,2026-06-14,Humidity,56.8375
DEB-KER06,2026-06-14,NO,1.5499999999999998
DEB-KER06,2026-06-14,NO2,7.858333333333333
DEB-KER06,2026-06-14,NOx,13.491666666666667
DEB-KER06,2026-06-14,O3,107.09583333333335
DEB-KER06,2026-06-14,PM10,3.1625
DEB-KER06,2026-06-14,PM2.5,2.0083333333333333
DEB-KER06,2026-06-14,Pressure,994.6291666666666
DEB-KER06,2026-06-14,WaterLevel,3.1
DEB-KER06,2026-06-14,WaterTemp,14.004166666666668
DEB-KER06,2026-06-14,Wind_Direction,164.15833333333333
DEB-KER06,2026-06-14,Wind_Speed,2.7249999999999996
DEB-KER06,2026-06-15,CO,346.175
DEB-KER06,2026-06-15,CO2,769.6333333333333
DEB-KER06,2026-06-15,Conductivity,1.0
DEB-KER06,2026-06-15,Humidity,44.95416666666667
DEB-KER06,2026-06-15,NO,1.7000000000000002
DEB-KER06,2026-06-15,NO2,9.714285714285714
DEB-KER06,2026-06-15,NOx,15.153846153846153
DEB-KER06,2026-06-15,O3,108.17916666666667
DEB-KER06,2026-06-15,PM10,1.7083333333333333
DEB-KER06,2026-06-15,PM2.5,1.4875
DEB-KER06,2026-06-15,Pressure,995.6374999999999
DEB-KER06,2026-06-15,WaterLevel,3.1
DEB-KER06,2026-06-15,WaterTemp,14.0
DEB-KER06,2026-06-15,Wind_Direction,156.1625
DEB-KER06,2026-06-15,Wind_Speed,1.8958333333333333
DEB-KER06,2026-06-16,CO,343.5958333333333
DEB-KER06,2026-06-16,CO2,760.7791666666667
DEB-KER06,2026-06-16,Conductivity,1.0
DEB-KER06,2026-06-16,Humidity,45.55833333333334
DEB-KER06,2026-06-16,NO,1.4083333333333332
DEB-KER06,2026-06-16,NO2,14.088888888888889
DEB-KER06,2026-06-16,NOx,18.708333333333332
DEB-KER06,2026-06-16,O3,124.83749999999999
DEB-KER06,2026-06-16,PM10,2.3874999999999997
DEB-KER06,2026-06-16,PM2.5,1.8833333333333335
DEB-KER06,2026-06-16,Pressure,999.9666666666667
DEB-KER06,2026-06-16,WaterLevel,3.1
DEB-KER06,2026-06-16,WaterTemp,14.041666666666666
DEB-KER06,2026-06-16,Wind_Direction,139.07500000000002
DEB-KER06,2026-06-16,Wind_Speed,2.9
DEB-KER06,2026-06-17,CO,685.2590909090909
DEB-KER06,2026-06-17,CO2,888.5409090909089
DEB-KER06,2026-06-17,Conductivity,1.0
DEB-KER06,2026-06-17,Humidity,53.122727272727275
DEB-KER06,2026-06-17,NO,16.46818181818182
DEB-KER06,2026-06-17,NO2,14.828571428571427
DEB-KER06,2026-06-17,NOx,18.04285714285714
DEB-KER06,2026-06-17,O3,89.23636363636363
DEB-KER06,2026-06-17,PM10,2.6333333333333333
DEB-KER06,2026-06-17,PM2.5,1.6761904761904762
DEB-KER06,2026-06-17,Pressure,1000.9863636363636
DEB-KER06,2026-06-17,TVOC,22.17
DEB-KER06,2026-06-17,WaterLevel,3.1
DEB-KER06,2026-06-17,WaterTemp,14.075000000000001
DEB-KER06,2026-06-17,Wind_Direction,211.5727272727273
DEB-KER06,2026-06-17,Wind_Speed,1.3636363636363635
DEB-KER06,2026-06-18,CO,455.85833333333335
DEB-KER06,2026-06-18,CO2,830.9545454545455
DEB-KER06,2026-06-18,Conductivity,1.0
DEB-KER06,2026-06-18,Humidity,49.71666666666667
DEB-KER06,2026-06-18,NO,15.68421052631579
DEB-KER06,2026-06-18,NO2,4.238888888888889
DEB-KER06,2026-06-18,NOx,21.694117647058825
DEB-KER06,2026-06-18,O3,108.56666666666666
DEB-KER06,2026-06-18,PM10,4.725
DEB-KER06,2026-06-18,PM2.5,2.0208333333333335
DEB-KER06,2026-06-18,Pressure,1003.9291666666667
DEB-KER06,2026-06-18,TVOC,3.2285714285714286
DEB-KER06,2026-06-18,WaterLevel,3.1
DEB-KER06,2026-06-18,WaterTemp,14.066666666666668
DEB-KER06,2026-06-18,Wind_Direction,224.57916666666668
DEB-KER06,2026-06-18,Wind_Speed,1.366666666666667
DEB-KER06,2026-06-19,CO,421.01666666666665
DEB-KER06,2026-06-19,Conductivity,1.0
DEB-KER06,2026-06-19,Humidity,60.416666666666664
DEB-KER06,2026-06-19,NO,2.625
DEB-KER06,2026-06-19,NO2,15.558333333333332
DEB-KER06,2026-06-19,NOx,18.175
DEB-KER06,2026-06-19,O3,91.48333333333333
DEB-KER06,2026-06-19,PM10,6.716666666666666
DEB-KER06,2026-06-19,PM2.5,3.8333333333333335
DEB-KER06,2026-06-19,Pressure,1004.1333333333333
DEB-KER06,2026-06-19,TVOC,2.5
DEB-KER06,2026-06-19,WaterLevel,3.1
DEB-KER06,2026-06-19,WaterTemp,14.058333333333332
DEB-KER06,2026-06-19,Wind_Direction,160.95000000000002
DEB-KER06,2026-06-19,Wind_Speed,1.0583333333333333
DEB-KER07,2026-05-21,CO,386.42727272727274
DEB-KER07,2026-05-21,CO2,750.1727272727272
DEB-KER07,2026-05-21,Conductivity,0.6
DEB-KER07,2026-05-21,Humidity,46.75
DEB-KER07,2026-05-21,LAEQ_day,54.5
DEB-KER07,2026-05-21,LAEQ_night,48.8
DEB-KER07,2026-05-21,NO2,18.977272727272727
DEB-KER07,2026-05-21,O3,154.02727272727273
DEB-KER07,2026-05-21,PM10,16.777272727272727
DEB-KER07,2026-05-21,PM2.5,7.386363636363637
DEB-KER07,2026-05-21,Pressure,1003.6318181818183
DEB-KER07,2026-05-21,WaterLevel,8.8
DEB-KER07,2026-05-21,WaterTemp,13.1
DEB-KER07,2026-05-21,Wind_Direction,276.96363636363634
DEB-KER07,2026-05-21,Wind_Speed,9.527272727272727
DEB-KER07,2026-05-22,CO,371.7
DEB-KER07,2026-05-22,CO2,751.6041666666666
DEB-KER07,2026-05-22,Conductivity,0.6
DEB-KER07,2026-05-22,Humidity,48.15833333333333
DEB-KER07,2026-05-22,LAEQ_day,56.1
DEB-KER07,2026-05-22,LAEQ_night,47.0
DEB-KER07,2026-05-22,NO2,14.983333333333334
DEB-KER07,2026-05-22,O3,155.3125
DEB-KER07,2026-05-22,PM10,13.975
DEB-KER07,2026-05-22,PM2.5,6.2124999999999995
DEB-KER07,2026-05-22,Pressure,1007.0
DEB-KER07,2026-05-22,WaterLevel,8.8
DEB-KER07,2026-05-22,WaterTemp,13.049999999999999
DEB-KER07,2026-05-22,Wind_Direction,257.39166666666665
DEB-KER07,2026-05-22,Wind_Speed,11.262500000000001
DEB-KER07,2026-05-23,CO,369.4458333333334
DEB-KER07,2026-05-23,CO2,750.3083333333334
DEB-KER07,2026-05-23,Conductivity,0.6
DEB-KER07,2026-05-23,Humidity,43.375
DEB-KER07,2026-05-23,LAEQ_day,54.5
DEB-KER07,2026-05-23,LAEQ_night,46.3
DEB-KER07,2026-05-23,NO2,13.933333333333332
DEB-KER07,2026-05-23,O3,161.99583333333334
DEB-KER07,2026-05-23,PM10,12.516666666666666
DEB-KER07,2026-05-23,PM2.5,6.133333333333333
DEB-KER07,2026-05-23,Pressure,1007.9791666666666
DEB-KER07,2026-05-23,WaterLevel,8.8
DEB-KER07,2026-05-23,WaterTemp,13.041666666666666
DEB-KER07,2026-05-23,Wind_Direction,248.89166666666665
DEB-KER07,2026-05-23,Wind_Speed,8.904166666666667
DEB-KER07,2026-05-24,CO,369.9041666666667
DEB-KER07,2026-05-24,CO2,749.9083333333333
DEB-KER07,2026-05-24,Conductivity,0.6541666666666667
DEB-KER07,2026-05-24,Humidity,41.85
DEB-KER07,2026-05-24,LAEQ_day,53.6
DEB-KER07,2026-05-24,LAEQ_night,47.2
DEB-KER07,2026-05-24,NO2,10.5625
DEB-KER07,2026-05-24,O3,161.0625
DEB-KER07,2026-05-24,PM10,10.558333333333334
DEB-KER07,2026-05-24,PM2.5,5.5874999999999995
DEB-KER07,2026-05-24,Pressure,1008.5
DEB-KER07,2026-05-24,TVOC,2.5
DEB-KER07,2026-05-24,WaterLevel,8.783333333333333
DEB-KER07,2026-05-24,WaterTemp,13.029166666666667
DEB-KER07,2026-05-24,Wind_Direction,220.83333333333334
DEB-KER07,2026-05-24,Wind_Speed,6.991666666666667
DEB-KER07,2026-05-25,CO,381.3666666666666
DEB-KER07,2026-05-25,CO2,764.475
DEB-KER07,2026-05-25,Conductivity,0.6999999999999998
DEB-KER07,2026-05-25,Humidity,44.32083333333333
DEB-KER07,2026-05-25,LAEQ_day,54.6
DEB-KER07,2026-05-25,LAEQ_night,46.5
DEB-KER07,2026-05-25,NO2,7.879166666666666
DEB-KER07,2026-05-25,O3,168.15
DEB-KER07,2026-05-25,PM10,15.299999999999999
DEB-KER07,2026-05-25,PM2.5,7.295833333333333
DEB-KER07,2026-05-25,Pressure,1009.3166666666666
DEB-KER07,2026-05-25,TVOC,2.5
DEB-KER07,2026-05-25,WaterLevel,8.745833333333334
DEB-KER07,2026-05-25,WaterTemp,13.004166666666668
DEB-KER07,2026-05-25,Wind_Direction,230.48749999999998
DEB-KER07,2026-05-25,Wind_Speed,5.6125
DEB-KER07,2026-05-26,CO,367.4375
DEB-KER07,2026-05-26,CO2,750.6958333333333
DEB-KER07,2026-05-26,Conductivity,0.6999999999999998
DEB-KER07,2026-05-26,Humidity,41.329166666666666
DEB-KER07,2026-05-26,LAEQ_day,54.4
DEB-KER07,2026-05-26,LAEQ_night,49.2
DEB-KER07,2026-05-26,NO2,9.428571428571429
DEB-KER07,2026-05-26,O3,185.125
DEB-KER07,2026-05-26,PM10,12.958333333333334
DEB-KER07,2026-05-26,PM2.5,5.179166666666666
DEB-KER07,2026-05-26,Pressure,1008.0458333333332
DEB-KER07,2026-05-26,TVOC,2.5
DEB-KER07,2026-05-26,WaterLevel,8.737499999999999
DEB-KER07,2026-05-26,WaterTemp,13.0
DEB-KER07,2026-05-26,Wind_Direction,216.1833333333333
DEB-KER07,2026-05-26,Wind_Speed,6.183333333333334
DEB-KER07,2026-05-27,CO,387.5625
DEB-KER07,2026-05-27,CO2,762.625
DEB-KER07,2026-05-27,Conductivity,0.6999999999999998
DEB-KER07,2026-05-27,Humidity,42.05416666666667
DEB-KER07,2026-05-27,LAEQ_day,58.8
DEB-KER07,2026-05-27,LAEQ_night,50.5
DEB-KER07,2026-05-27,NO,0.6999999999999998
DEB-KER07,2026-05-27,NO2,17.055555555555557
DEB-KER07,2026-05-27,NOx,28.766666666666666
DEB-KER07,2026-05-27,O3,184.23333333333335
DEB-KER07,2026-05-27,PM10,36.5625
DEB-KER07,2026-05-27,PM2.5,8.15
DEB-KER07,2026-05-27,Pressure,1001.0083333333333
DEB-KER07,2026-05-27,TVOC,2.5
DEB-KER07,2026-05-27,WaterLevel,8.704166666666666
DEB-KER07,2026-05-27,WaterTemp,13.0
DEB-KER07,2026-05-27,Wind_Direction,179.14583333333334
DEB-KER07,2026-05-27,Wind_Speed,4.675
DEB-KER07,2026-05-28,CO,351.48333333333335
DEB-KER07,2026-05-28,CO2,746.5
DEB-KER07,2026-05-28,Conductivity,0.6999999999999998
DEB-KER07,2026-05-28,Humidity,37.266666666666666
DEB-KER07,2026-05-28,LAEQ_day,59.4
DEB-KER07,2026-05-28,LAEQ_night,48.4
DEB-KER07,2026-05-28,NO,0.7
DEB-KER07,2026-05-28,NO2,8.529166666666667
DEB-KER07,2026-05-28,NOx,9.9375
DEB-KER07,2026-05-28,O3,165.39583333333334
DEB-KER07,2026-05-28,PM10,14.054166666666667
DEB-KER07,2026-05-28,PM2.5,4.7875000000000005
DEB-KER07,2026-05-28,Pressure,1002.0458333333332
DEB-KER07,2026-05-28,WaterLevel,8.708333333333334
DEB-KER07,2026-05-28,WaterTemp,13.008333333333333
DEB-KER07,2026-05-28,Wind_Direction,223.9416666666667
DEB-KER07,2026-05-28,Wind_Speed,8.341666666666667
DEB-KER07,2026-05-29,CO,375.01666666666665
DEB-KER07,2026-05-29,CO2,756.0333333333333
DEB-KER07,2026-05-29,Conductivity,0.6999999999999998
DEB-KER07,2026-05-29,Humidity,36.75833333333333
DEB-KER07,2026-05-29,LAEQ_day,55.7
DEB-KER07,2026-05-29,LAEQ_night,47.9
DEB-KER07,2026-05-29,NO,0.7
DEB-KER07,2026-05-29,NO2,11.791666666666666
DEB-KER07,2026-05-29,NOx,16.67142857142857
DEB-KER07,2026-05-29,O3,146.575
DEB-KER07,2026-05-29,PM10,12.604166666666666
DEB-KER07,2026-05-29,PM2.5,4.5375000000000005
DEB-KER07,2026-05-29,Pressure,1006.1166666666667
DEB-KER07,2026-05-29,TVOC,2.5
DEB-KER07,2026-05-29,WaterLevel,8.7
DEB-KER07,2026-05-29,WaterTemp,13.020833333333334
DEB-KER07,2026-05-29,Wind_Direction,232.07083333333333
DEB-KER07,2026-05-29,Wind_Speed,4.445833333333334
DEB-KER07,2026-05-30,CO,394.09999999999997
DEB-KER07,2026-05-30,CO2,768.2666666666665
DEB-KER07,2026-05-30,Conductivity,0.6999999999999998
DEB-KER07,2026-05-30,Humidity,44.19166666666666
DEB-KER07,2026-05-30,LAEQ_day,54.7
DEB-KER07,2026-05-30,LAEQ_night,53.6
DEB-KER07,2026-05-30,NO,0.7
DEB-KER07,2026-05-30,NO2,13.200000000000001
DEB-KER07,2026-05-30,NOx,14.942857142857141
DEB-KER07,2026-05-30,O3,136.1625
DEB-KER07,2026-05-30,PM10,18.3
DEB-KER07,2026-05-30,PM2.5,5.966666666666666
DEB-KER07,2026-05-30,Pressure,999.5375
DEB-KER07,2026-05-30,WaterLevel,8.7
DEB-KER07,2026-05-30,WaterTemp,13.0
DEB-KER07,2026-05-30,Wind_Direction,219.0
DEB-KER07,2026-05-30,Wind_Speed,3.3125
DEB-KER07,2026-05-31,CO,373.35833333333335
DEB-KER07,2026-05-31,CO2,768.5833333333334
DEB-KER07,2026-05-31,Conductivity,0.6999999999999998
DEB-KER07,2026-05-31,Humidity,58.40833333333333
DEB-KER07,2026-05-31,LAEQ_day,60.0
DEB-KER07,2026-05-31,LAEQ_night,48.2
DEB-KER07,2026-05-31,NO,2.3636363636363638
DEB-KER07,2026-05-31,NO2,13.012500000000001
DEB-KER07,2026-05-31,NOx,19.518181818181816
DEB-KER07,2026-05-31,O3,139.12916666666666
DEB-KER07,2026-05-31,PM10,15.004166666666668
DEB-KER07,2026-05-31,PM2.5,7.191666666666666
DEB-KER07,2026-05-31,Pressure,996.0708333333333
DEB-KER07,2026-05-31,WaterLevel,8.745833333333334
DEB-KER07,2026-05-31,WaterTemp,13.058333333333332
DEB-KER07,2026-05-31,Wind_Direction,216.88333333333333
DEB-KER07,2026-05-31,Wind_Speed,3.358333333333333
DEB-KER07,2026-06-01,CO,382.7625
DEB-KER07,2026-06-01,CO2,778.4041666666667
DEB-KER07,2026-06-01,Conductivity,0.6999999999999998
DEB-KER07,2026-06-01,Humidity,64.09583333333333
DEB-KER07,2026-06-01,LAEQ_day,55.8
DEB-KER07,2026-06-01,LAEQ_night,47.7
DEB-KER07,2026-06-01,NO,0.7
DEB-KER07,2026-06-01,NO2,17.345833333333335
DEB-KER07,2026-06-01,NOx,20.342857142857145
DEB-KER07,2026-06-01,O3,121.47500000000001
DEB-KER07,2026-06-01,PM10,21.724999999999998
DEB-KER07,2026-06-01,PM2.5,8.674999999999999
DEB-KER07,2026-06-01,Pressure,995.4333333333334
DEB-KER07,2026-06-01,WaterLevel,8.791666666666666
DEB-KER07,2026-06-01,WaterTemp,13.091666666666667
DEB-KER07,2026-06-01,Wind_Direction,195.7458333333333
DEB-KER07,2026-06-01,Wind_Speed,2.5458333333333334
DEB-KER07,2026-06-02,CO,363.2416666666666
DEB-KER07,2026-06-02,CO2,763.2166666666667
DEB-KER07,2026-06-02,Conductivity,0.6999999999999998
DEB-KER07,2026-06-02,Humidity,67.825
DEB-KER07,2026-06-02,LAEQ_day,55.2
DEB-KER07,2026-06-02,LAEQ_night,48.0
DEB-KER07,2026-06-02,NO,0.7727272727272727
DEB-KER07,2026-06-02,NO2,13.170833333333334
DEB-KER07,2026-06-02,NOx,18.8
DEB-KER07,2026-06-02,O3,127.57083333333333
DEB-KER07,2026-06-02,PM10,10.829166666666666
DEB-KER07,2026-06-02,PM2.5,6.425
DEB-KER07,2026-06-02,Pressure,996.0833333333334
DEB-KER07,2026-06-02,WaterLevel,8.845833333333333
DEB-KER07,2026-06-02,WaterTemp,13.1
DEB-KER07,2026-06-02,Wind_Direction,250.0583333333333
DEB-KER07,2026-06-02,Wind_Speed,4.708333333333333
DEB-KER07,2026-06-03,CO,359.7416666666666
DEB-KER07,2026-06-03,CO2,755.1958333333333
DEB-KER07,2026-06-03,Conductivity,0.6999999999999998
DEB-KER07,2026-06-03,Humidity,57.69583333333333
DEB-KER07,2026-06-03,LAEQ_day,55.2
DEB-KER07,2026-06-03,LAEQ_night,48.5
DEB-KER07,2026-06-03,NO,0.6999999999999998
DEB-KER07,2026-06-03,NO2,14.641666666666666
DEB-KER07,2026-06-03,NOx,18.233333333333334
DEB-KER07,2026-06-03,O3,142.35
DEB-KER07,2026-06-03,PM10,13.445833333333333
DEB-KER07,2026-06-03,PM2.5,6.575
DEB-KER07,2026-06-03,Pressure,993.3249999999999
DEB-KER07,2026-06-03,WaterLevel,8.9
DEB-KER07,2026-06-03,WaterTemp,13.1
DEB-KER07,2026-06-03,Wind_Direction,166.12083333333334
DEB-KER07,2026-06-03,Wind_Speed,3.391666666666667
DEB-KER07,2026-06-04,CO,364.1125
DEB-KER07,2026-06-04,CO2,765.7541666666666
DEB-KER07,2026-06-04,Conductivity,0.6999999999999998
DEB-KER07,2026-06-04,Humidity,62.612500000000004
DEB-KER07,2026-06-04,LAEQ_day,55.0
DEB-KER07,2026-06-04,LAEQ_night,48.1
DEB-KER07,2026-06-04,NO2,16.1125
DEB-KER07,2026-06-04,O3,107.74166666666667
DEB-KER07,2026-06-04,PM10,13.174999999999999
DEB-KER07,2026-06-04,PM2.5,7.358333333333333
DEB-KER07,2026-06-04,Pressure,993.4
DEB-KER07,2026-06-04,WaterLevel,8.9
DEB-KER07,2026-06-04,WaterTemp,13.1
DEB-KER07,2026-06-04,Wind_Direction,174.9375
DEB-KER07,2026-06-04,Wind_Speed,4.391666666666667
DEB-KER07,2026-06-05,CO,357.1875
DEB-KER07,2026-06-05,CO2,763.5916666666667
DEB-KER07,2026-06-05,Conductivity,0.6999999999999998
DEB-KER07,2026-06-05,Humidity,62.520833333333336
DEB-KER07,2026-06-05,LAEQ_day,56.0
DEB-KER07,2026-06-05,LAEQ_night,48.0
DEB-KER07,2026-06-05,NO,0.7
DEB-KER07,2026-06-05,NO2,12.362499999999999
DEB-KER07,2026-06-05,NOx,15.8
DEB-KER07,2026-06-05,O3,102.8125
DEB-KER07,2026-06-05,PM10,13.620833333333332
DEB-KER07,2026-06-05,PM2.5,6.666666666666667
DEB-KER07,2026-06-05,Pressure,996.9416666666666
DEB-KER07,2026-06-05,WaterLevel,8.895833333333334
DEB-KER07,2026-06-05,WaterTemp,13.1
DEB-KER07,2026-06-05,Wind_Direction,162.625
DEB-KER07,2026-06-05,Wind_Speed,3.279166666666667
DEB-KER07,2026-06-06,CO,368.5
DEB-KER07,2026-06-06,CO2,770.6875
DEB-KER07,2026-06-06,Conductivity,0.6999999999999998
DEB-KER07,2026-06-06,Humidity,66.13333333333334
DEB-KER07,2026-06-06,LAEQ_day,55.0
DEB-KER07,2026-06-06,LAEQ_night,47.2
DEB-KER07,2026-06-06,NO2,15.029166666666667
DEB-KER07,2026-06-06,O3,80.54166666666667
DEB-KER07,2026-06-06,PM10,8.733333333333333
DEB-KER07,2026-06-06,PM2.5,5.116666666666666
DEB-KER07,2026-06-06,Pressure,1001.0041666666666
DEB-KER07,2026-06-06,WaterLevel,8.895833333333334
DEB-KER07,2026-06-06,WaterTemp,13.091666666666667
DEB-KER07,2026-06-06,Wind_Direction,202.26250000000002
DEB-KER07,2026-06-06,Wind_Speed,2.8041666666666667
DEB-KER07,2026-06-07,CO,366.87916666666666
DEB-KER07,2026-06-07,CO2,769.6125000000001
DEB-KER07,2026-06-07,Conductivity,0.6999999999999998
DEB-KER07,2026-06-07,Humidity,58.225
DEB-KER07,2026-06-07,LAEQ_day,56.0
DEB-KER07,2026-06-07,LAEQ_night,50.1
DEB-KER07,2026-06-07,NO,0.7
DEB-KER07,2026-06-07,NO2,12.816666666666668
DEB-KER07,2026-06-07,NOx,14.4
DEB-KER07,2026-06-07,O3,96.17916666666667
DEB-KER07,2026-06-07,PM10,8.891666666666667
DEB-KER07,2026-06-07,PM2.5,5.575
DEB-KER07,2026-06-07,Pressure,1002.9416666666666
DEB-KER07,2026-06-07,TVOC,2.5
DEB-KER07,2026-06-07,WaterLevel,8.887500000000001
DEB-KER07,2026-06-07,WaterTemp,13.087499999999999
DEB-KER07,2026-06-07,Wind_Direction,230.92083333333335
DEB-KER07,2026-06-07,Wind_Speed,3.7291666666666665
DEB-KER07,2026-06-08,CO,378.83750000000003
DEB-KER07,2026-06-08,CO2,783.4708333333333
DEB-KER07,2026-06-08,Conductivity,0.6291666666666667
DEB-KER07,2026-06-08,Humidity,52.18333333333334
DEB-KER07,2026-06-08,LAEQ_day,59.1
DEB-KER07,2026-06-08,LAEQ_night,47.4
DEB-KER07,2026-06-08,NO,0.6999999999999998
DEB-KER07,2026-06-08,NO2,12.270833333333334
DEB-KER07,2026-06-08,NOx,19.866666666666664
DEB-KER07,2026-06-08,O3,95.75416666666666
DEB-KER07,2026-06-08,PM10,10.862499999999999
DEB-KER07,2026-06-08,PM2.5,5.233333333333333
DEB-KER07,2026-06-08,Pressure,1003.2291666666666
DEB-KER07,2026-06-08,TVOC,2.5
DEB-KER07,2026-06-08,WaterLevel,8.854166666666666
DEB-KER07,2026-06-08,WaterTemp,13.041666666666666
DEB-KER07,2026-06-08,Wind_Direction,220.4333333333333
DEB-KER07,2026-06-08,Wind_Speed,3.4125
DEB-KER07,2026-06-09,CO,367.8541666666667
DEB-KER07,2026-06-09,CO2,760.9791666666666
DEB-KER07,2026-06-09,Conductivity,0.6
DEB-KER07,2026-06-09,Humidity,46.43333333333334
DEB-KER07,2026-06-09,LAEQ_day,55.2
DEB-KER07,2026-06-09,LAEQ_night,47.6
DEB-KER07,2026-06-09,NO2,10.166666666666666
DEB-KER07,2026-06-09,O3,120.175
DEB-KER07,2026-06-09,PM10,17.2625
DEB-KER07,2026-06-09,PM2.5,5.654166666666666
DEB-KER07,2026-06-09,Pressure,998.9583333333334
DEB-KER07,2026-06-09,TVOC,2.5
DEB-KER07,2026-06-09,WaterLevel,8.804347826086957
DEB-KER07,2026-06-09,WaterTemp,13.034782608695652
DEB-KER07,2026-06-09,Wind_Direction,215.14166666666665
DEB-KER07,2026-06-09,Wind_Speed,2.7916666666666665
DEB-KER07,2026-06-10,CO,385.3333333333333
DEB-KER07,2026-06-10,CO2,751.4166666666666
DEB-KER07,2026-06-10,Conductivity,0.6
DEB-KER07,2026-06-10,Humidity,49.75833333333333
DEB-KER07,2026-06-10,LAEQ_day,55.2
DEB-KER07,2026-06-10,LAEQ_night,51.7
DEB-KER07,2026-06-10,NO2,11.879166666666668
DEB-KER07,2026-06-10,O3,120.97916666666667
DEB-KER07,2026-06-10,PM10,18.8
DEB-KER07,2026-06-10,PM2.5,7.483333333333333
DEB-KER07,2026-06-10,Pressure,996.9541666666668
DEB-KER07,2026-06-10,TVOC,2.5
DEB-KER07,2026-06-10,WaterLevel,8.8
DEB-KER07,2026-06-10,WaterTemp,13.0
DEB-KER07,2026-06-10,Wind_Direction,247.74166666666667
DEB-KER07,2026-06-10,Wind_Speed,4.2375
DEB-KER07,2026-06-11,CO,367.78749999999997
DEB-KER07,2026-06-11,CO2,761.6583333333333
DEB-KER07,2026-06-11,Conductivity,0.6
DEB-KER07,2026-06-11,Humidity,63.09583333333333
DEB-KER07,2026-06-11,LAEQ_day,57.9
DEB-KER07,2026-06-11,LAEQ_night,48.3
DEB-KER07,2026-06-11,NO,0.7
DEB-KER07,2026-06-11,NO2,15.0
DEB-KER07,2026-06-11,NOx,15.142857142857142
DEB-KER07,2026-06-11,O3,102.10833333333333
DEB-KER07,2026-06-11,PM10,9.283333333333333
DEB-KER07,2026-06-11,PM2.5,5.045833333333333
DEB-KER07,2026-06-11,Pressure,997.9
DEB-KER07,2026-06-11,WaterLevel,8.8
DEB-KER07,2026-06-11,WaterTemp,13.049999999999999
DEB-KER07,2026-06-11,Wind_Direction,207.09583333333333
DEB-KER07,2026-06-11,Wind_Speed,5.166666666666667
DEB-KER07,2026-06-12,CO,377.51666666666665
DEB-KER07,2026-06-12,CO2,756.2791666666667
DEB-KER07,2026-06-12,Conductivity,0.6
DEB-KER07,2026-06-12,Humidity,60.03333333333333
DEB-KER07,2026-06-12,LAEQ_day,56.6
DEB-KER07,2026-06-12,LAEQ_night,49.1
DEB-KER07,2026-06-12,NO,0.7
DEB-KER07,2026-06-12,NO2,16.404166666666665
DEB-KER07,2026-06-12,NOx,25.427272727272726
DEB-KER07,2026-06-12,O3,91.47916666666667
DEB-KER07,2026-06-12,PM10,8.0625
DEB-KER07,2026-06-12,PM2.5,5.641666666666667
DEB-KER07,2026-06-12,Pressure,1003.5541666666667
DEB-KER07,2026-06-12,TVOC,2.5
DEB-KER07,2026-06-12,WaterLevel,8.843478260869565
DEB-KER07,2026-06-12,WaterTemp,13.08695652173913
DEB-KER07,2026-06-12,Wind_Direction,248.0875
DEB-KER07,2026-06-12,Wind_Speed,5.520833333333333
DEB-KER07,2026-06-13,CO,358.78749999999997
DEB-KER07,2026-06-13,CO2,778.2416666666667
DEB-KER07,2026-06-13,Conductivity,0.6
DEB-KER07,2026-06-13,Humidity,61.90416666666667
DEB-KER07,2026-06-13,LAEQ_day,56.2
DEB-KER07,2026-06-13,LAEQ_night,48.1
DEB-KER07,2026-06-13,NO,0.7
DEB-KER07,2026-06-13,NO2,13.491666666666667
DEB-KER07,2026-06-13,NOx,18.72
DEB-KER07,2026-06-13,O3,88.14583333333333
DEB-KER07,2026-06-13,PM10,7.270833333333333
DEB-KER07,2026-06-13,PM2.5,4.8374999999999995
DEB-KER07,2026-06-13,Pressure,1001.4208333333332
DEB-KER07,2026-06-13,WaterLevel,8.841666666666667
DEB-KER07,2026-06-13,WaterTemp,13.087499999999999
DEB-KER07,2026-06-13,Wind_Direction,177.775
DEB-KER07,2026-06-13,Wind_Speed,4.329166666666667
DEB-KER07,2026-06-14,CO,342.0333333333333
DEB-KER07,2026-06-14,CO2,762.4875000000001
DEB-KER07,2026-06-14,Conductivity,0.6
DEB-KER07,2026-06-14,Humidity,59.65416666666667
DEB-KER07,2026-06-14,LAEQ_day,55.2
DEB-KER07,2026-06-14,LAEQ_night,51.0
DEB-KER07,2026-06-14,NO,0.7
DEB-KER07,2026-06-14,NO2,9.9
DEB-KER07,2026-06-14,NOx,16.1875
DEB-KER07,2026-06-14,O3,102.30416666666667
DEB-KER07,2026-06-14,PM10,11.033333333333333
DEB-KER07,2026-06-14,PM2.5,5.2
DEB-KER07,2026-06-14,Pressure,995.3583333333332
DEB-KER07,2026-06-14,WaterLevel,8.854166666666666
DEB-KER07,2026-06-14,WaterTemp,13.1
DEB-KER07,2026-06-14,Wind_Direction,187.34166666666667
DEB-KER07,2026-06-14,Wind_Speed,5.266666666666667
DEB-KER07,2026-06-15,CO,347.04583333333335
DEB-KER07,2026-06-15,CO2,760.3291666666668
DEB-KER07,2026-06-15,Conductivity,0.6
DEB-KER07,2026-06-15,Humidity,46.6625
DEB-KER07,2026-06-15,LAEQ_day,57.8
DEB-KER07,2026-06-15,LAEQ_night,47.8
DEB-KER07,2026-06-15,NO,0.7
DEB-KER07,2026-06-15,NO2,11.2125
DEB-KER07,2026-06-15,NOx,20.422222222222224
DEB-KER07,2026-06-15,O3,97.0625
DEB-KER07,2026-06-15,PM10,10.35
DEB-KER07,2026-06-15,PM2.5,4.633333333333334
DEB-KER07,2026-06-15,Pressure,996.5458333333332
DEB-KER07,2026-06-15,WaterLevel,8.8
DEB-KER07,2026-06-15,WaterTemp,13.079166666666666
DEB-KER07,2026-06-15,Wind_Direction,172.91666666666666
DEB-KER07,2026-06-15,Wind_Speed,4.220833333333333
DEB-KER07,2026-06-16,CO,343.4583333333333
DEB-KER07,2026-06-16,CO2,749.6625
DEB-KER07,2026-06-16,Conductivity,0.6
DEB-KER07,2026-06-16,Humidity,48.479166666666664
DEB-KER07,2026-06-16,LAEQ_day,55.4
DEB-KER07,2026-06-16,LAEQ_night,49.6
DEB-KER07,2026-06-16,NO,0.7
DEB-KER07,2026-06-16,NO2,15.704347826086956
DEB-KER07,2026-06-16,NOx,24.82857142857143
DEB-KER07,2026-06-16,O3,119.175
DEB-KER07,2026-06-16,PM10,10.75
DEB-KER07,2026-06-16,PM2.5,5.0874999999999995
DEB-KER07,2026-06-16,Pressure,1000.7833333333333
DEB-KER07,2026-06-16,WaterLevel,8.8
DEB-KER07,2026-06-16,WaterTemp,13.045833333333334
DEB-KER07,2026-06-16,Wind_Direction,176.77916666666667
DEB-KER07,2026-06-16,Wind_Speed,5.075
DEB-KER07,2026-06-17,CO,368.98333333333335
DEB-KER07,2026-06-17,CO2,768.2125
DEB-KER07,2026-06-17,Conductivity,0.6
DEB-KER07,2026-06-17,Humidity,53.94166666666666
DEB-KER07,2026-06-17,LAEQ_day,56.9
DEB-KER07,2026-06-17,LAEQ_night,47.8
DEB-KER07,2026-06-17,NO,0.7
DEB-KER07,2026-06-17,NO2,17.479166666666668
DEB-KER07,2026-06-17,NOx,31.35
DEB-KER07,2026-06-17,O3,94.96249999999999
DEB-KER07,2026-06-17,PM10,18.3
DEB-KER07,2026-06-17,PM2.5,6.429166666666667
DEB-KER07,2026-06-17,Pressure,1001.3041666666667
DEB-KER07,2026-06-17,WaterLevel,8.8
DEB-KER07,2026-06-17,WaterTemp,13.033333333333333
DEB-KER07,2026-06-17,Wind_Direction,181.3708333333333
DEB-KER07,2026-06-17,Wind_Speed,3.845833333333333
DEB-KER07,2026-06-18,CO,363.4375
DEB-KER07,2026-06-18,CO2,773.2166666666667
DEB-KER07,2026-06-18,Conductivity,0.6
DEB-KER07,2026-06-18,Humidity,56.36666666666667
DEB-KER07,2026-06-18,LAEQ_day,55.0
DEB-KER07,2026-06-18,LAEQ_night,48.3
DEB-KER07,2026-06-18,NO,0.7
DEB-KER07,2026-06-18,NO2,13.25
DEB-KER07,2026-06-18,NOx,16.66
DEB-KER07,2026-06-18,O3,95.59166666666665
DEB-KER07,2026-06-18,PM10,17.775000000000002
DEB-KER07,2026-06-18,PM2.5,7.233333333333333
DEB-KER07,2026-06-18,Pressure,1004.1291666666666
DEB-KER07,2026-06-18,TVOC,2.5
DEB-KER07,2026-06-18,WaterLevel,8.786956521739132
DEB-KER07,2026-06-18,WaterTemp,13.043478260869565
DEB-KER07,2026-06-18,Wind_Direction,201.9375
DEB-KER07,2026-06-18,Wind_Speed,3.233333333333333
DEB-KER07,2026-06-19,CO,429.44166666666666
DEB-KER07,2026-06-19,CO2,824.2666666666668
DEB-KER07,2026-06-19,Conductivity,0.6
DEB-KER07,2026-06-19,Humidity,60.75833333333333
DEB-KER07,2026-06-19,LAEQ_day,56.7
DEB-KER07,2026-06-19,LAEQ_night,49.2
DEB-KER07,2026-06-19,NO,0.7
DEB-KER07,2026-06-19,NO2,17.6
DEB-KER07,2026-06-19,NOx,21.714285714285715
DEB-KER07,2026-06-19,O3,70.34166666666667
DEB-KER07,2026-06-19,PM10,22.349999999999998
DEB-KER07,2026-06-19,PM2.5,9.058333333333334
DEB-KER07,2026-06-19,Pressure,1004.8916666666668
DEB-KER07,2026-06-19,WaterLevel,8.716666666666667
DEB-KER07,2026-06-19,WaterTemp,13.033333333333333
DEB-KER07,2026-06-19,Wind_Direction,184.07500000000002
DEB-KER07,2026-06-19,Wind_Speed,1.8083333333333333
DEB-KER08,2026-05-21,CO,389.1318181818182
DEB-KER08,2026-05-21,CO2,761.5590909090909
DEB-KER08,2026-05-21,Conductivity,0.9
DEB-KER08,2026-05-21,Humidity,43.809090909090905
DEB-KER08,2026-05-21,NO,0.7
DEB-KER08,2026-05-21,NO2,23.904545454545453
DEB-KER08,2026-05-21,NOx,29.7
DEB-KER08,2026-05-21,O3,132.38636363636363
DEB-KER08,2026-05-21,PM10,7.945454545454546
DEB-KER08,2026-05-21,PM2.5,4.527272727272727
DEB-KER08,2026-05-21,Pressure,1003.4909090909091
DEB-KER08,2026-05-21,WaterLevel,2.8
DEB-KER08,2026-05-21,WaterTemp,13.6
DEB-KER08,2026-05-21,Wind_Direction,242.48636363636362
DEB-KER08,2026-05-21,Wind_Speed,3.209090909090909
DEB-KER08,2026-05-22,CO,371.7625
DEB-KER08,2026-05-22,CO2,756.1291666666666
DEB-KER08,2026-05-22,Conductivity,0.9
DEB-KER08,2026-05-22,Humidity,43.04583333333333
DEB-KER08,2026-05-22,NO2,17.658333333333335
DEB-KER08,2026-05-22,O3,131.9
DEB-KER08,2026-05-22,PM10,7.008333333333333
DEB-KER08,2026-05-22,PM2.5,3.6166666666666667
DEB-KER08,2026-05-22,Pressure,1006.975
DEB-KER08,2026-05-22,WaterLevel,2.7999999999999994
DEB-KER08,2026-05-22,WaterTemp,13.6
DEB-KER08,2026-05-22,Wind_Direction,216.975
DEB-KER08,2026-05-22,Wind_Speed,3.625
DEB-KER08,2026-05-23,CO,369.0416666666667
DEB-KER08,2026-05-23,CO2,751.7375000000001
DEB-KER08,2026-05-23,Conductivity,0.9
DEB-KER08,2026-05-23,Humidity,39.07083333333333
DEB-KER08,2026-05-23,NO2,15.9375
DEB-KER08,2026-05-23,O3,141.5625
DEB-KER08,2026-05-23,PM10,5.783333333333334
DEB-KER08,2026-05-23,PM2.5,3.433333333333333
DEB-KER08,2026-05-23,Pressure,1008.0916666666667
DEB-KER08,2026-05-23,WaterLevel,2.8
DEB-KER08,2026-05-23,WaterTemp,13.6
DEB-KER08,2026-05-23,Wind_Direction,218.1208333333333
DEB-KER08,2026-05-23,Wind_Speed,3.3041666666666667
DEB-KER08,2026-05-24,CO,376.26
DEB-KER08,2026-05-24,CO2,752.4291666666667
DEB-KER08,2026-05-24,Conductivity,0.9
DEB-KER08,2026-05-24,Humidity,37.925000000000004
DEB-KER08,2026-05-24,NO2,12.678947368421053
DEB-KER08,2026-05-24,O3,136.22
DEB-KER08,2026-05-24,PM10,4.3999999999999995
DEB-KER08,2026-05-24,PM2.5,2.9166666666666665
DEB-KER08,2026-05-24,Pressure,1008.5791666666668
DEB-KER08,2026-05-24,WaterLevel,2.7999999999999994
DEB-KER08,2026-05-24,WaterTemp,13.6
DEB-KER08,2026-05-24,Wind_Direction,165.9625
DEB-KER08,2026-05-24,Wind_Speed,2.9458333333333333
DEB-KER08,2026-05-25,CO,396.60909090909087
DEB-KER08,2026-05-25,CO2,771.1083333333332
DEB-KER08,2026-05-25,Conductivity,0.9
DEB-KER08,2026-05-25,Humidity,42.324999999999996
DEB-KER08,2026-05-25,NO2,8.247619047619047
DEB-KER08,2026-05-25,O3,142.75
DEB-KER08,2026-05-25,PM10,7.25
DEB-KER08,2026-05-25,PM2.5,4.091666666666667
DEB-KER08,2026-05-25,Pressure,1009.2833333333333
DEB-KER08,2026-05-25,TVOC,2.5
DEB-KER08,2026-05-25,WaterLevel,2.7999999999999994
DEB-KER08,2026-05-25,WaterTemp,13.6
DEB-KER08,2026-05-25,Wind_Direction,156.19583333333335
DEB-KER08,2026-05-25,Wind_Speed,2.3291666666666666
DEB-KER08,2026-05-26,CO,379.37083333333334
DEB-KER08,2026-05-26,CO2,753.3791666666666
DEB-KER08,2026-05-26,Conductivity,0.9
DEB-KER08,2026-05-26,Humidity,37.362500000000004
DEB-KER08,2026-05-26,NO2,10.926666666666668
DEB-KER08,2026-05-26,O3,158.275
DEB-KER08,2026-05-26,PM10,6.2749999999999995
DEB-KER08,2026-05-26,PM2.5,2.9291666666666667
DEB-KER08,2026-05-26,Pressure,1007.9499999999999
DEB-KER08,2026-05-26,TVOC,2.5
DEB-KER08,2026-05-26,WaterLevel,2.7999999999999994
DEB-KER08,2026-05-26,WaterTemp,13.6
DEB-KER08,2026-05-26,Wind_Direction,222.70000000000002
DEB-KER08,2026-05-26,Wind_Speed,3.029166666666667
DEB-KER08,2026-05-27,CO,423.3666666666667
DEB-KER08,2026-05-27,CO2,760.2583333333333
DEB-KER08,2026-05-27,Conductivity,0.9
DEB-KER08,2026-05-27,Humidity,39.75416666666667
DEB-KER08,2026-05-27,NO,0.6999999999999998
DEB-KER08,2026-05-27,NO2,16.576470588235296
DEB-KER08,2026-05-27,NOx,8.9
DEB-KER08,2026-05-27,O3,139.8722222222222
DEB-KER08,2026-05-27,PM10,19.849999999999998
DEB-KER08,2026-05-27,PM2.5,4.783333333333333
DEB-KER08,2026-05-27,Pressure,1000.9666666666667
DEB-KER08,2026-05-27,TVOC,2.5
DEB-KER08,2026-05-27,WaterLevel,2.7999999999999994
DEB-KER08,2026-05-27,WaterTemp,13.6
DEB-KER08,2026-05-27,Wind_Direction,178.34583333333333
DEB-KER08,2026-05-27,Wind_Speed,2.8249999999999997
DEB-KER08,2026-05-28,CO,360.08750000000003
DEB-KER08,2026-05-28,CO2,748.1541666666667
DEB-KER08,2026-05-28,Conductivity,0.9
DEB-KER08,2026-05-28,Humidity,35.15
DEB-KER08,2026-05-28,NO,0.7
DEB-KER08,2026-05-28,NO2,7.95
DEB-KER08,2026-05-28,NOx,6.714285714285714
DEB-KER08,2026-05-28,O3,143.32083333333333
DEB-KER08,2026-05-28,PM10,5.229166666666667
DEB-KER08,2026-05-28,PM2.5,2.529166666666667
DEB-KER08,2026-05-28,Pressure,1001.975
DEB-KER08,2026-05-28,WaterLevel,2.7999999999999994
DEB-KER08,2026-05-28,WaterTemp,13.6
DEB-KER08,2026-05-28,Wind_Direction,189.64583333333334
DEB-KER08,2026-05-28,Wind_Speed,2.470833333333333
DEB-KER08,2026-05-29,CO,408.12083333333334
DEB-KER08,2026-05-29,CO2,758.0875
DEB-KER08,2026-05-29,Conductivity,0.9
DEB-KER08,2026-05-29,Humidity,34.641666666666666
DEB-KER08,2026-05-29,NO,4.7
DEB-KER08,2026-05-29,NO2,13.3125
DEB-KER08,2026-05-29,NOx,20.38888888888889
DEB-KER08,2026-05-29,O3,129.39583333333334
DEB-KER08,2026-05-29,PM10,36.84166666666667
DEB-KER08,2026-05-29,PM2.5,4.879166666666666
DEB-KER08,2026-05-29,Pressure,1005.75
DEB-KER08,2026-05-29,TVOC,2.5
DEB-KER08,2026-05-29,WaterLevel,2.7999999999999994
DEB-KER08,2026-05-29,WaterTemp,13.6
DEB-KER08,2026-05-29,Wind_Direction,173.73749999999998
DEB-KER08,2026-05-29,Wind_Speed,2.1958333333333333
DEB-KER08,2026-05-30,CO,426.8041666666666
DEB-KER08,2026-05-30,CO2,770.2458333333334
DEB-KER08,2026-05-30,Conductivity,0.9
DEB-KER08,2026-05-30,Humidity,42.84166666666667
DEB-KER08,2026-05-30,NO,1.8625
DEB-KER08,2026-05-30,NO2,15.237499999999999
DEB-KER08,2026-05-30,NOx,17.725
DEB-KER08,2026-05-30,O3,119.90833333333335
DEB-KER08,2026-05-30,PM10,27.125
DEB-KER08,2026-05-30,PM2.5,4.7875000000000005
DEB-KER08,2026-05-30,Pressure,999.4208333333332
DEB-KER08,2026-05-30,TVOC,2.5
DEB-KER08,2026-05-30,WaterLevel,2.8
DEB-KER08,2026-05-30,WaterTemp,13.6
DEB-KER08,2026-05-30,Wind_Direction,168.1875
DEB-KER08,2026-05-30,Wind_Speed,2.1625
DEB-KER08,2026-05-31,CO,395.7708333333333
DEB-KER08,2026-05-31,CO2,775.1333333333333
DEB-KER08,2026-05-31,Conductivity,0.9
DEB-KER08,2026-05-31,Humidity,53.22083333333333
DEB-KER08,2026-05-31,NO,2.090909090909091
DEB-KER08,2026-05-31,NO2,12.325000000000001
DEB-KER08,2026-05-31,NOx,15.47272727272727
DEB-KER08,2026-05-31,O3,122.30833333333334
DEB-KER08,2026-05-31,PM10,9.729166666666666
DEB-KER08,2026-05-31,PM2.5,4.270833333333333
DEB-KER08,2026-05-31,Pressure,995.9833333333332
DEB-KER08,2026-05-31,TVOC,2.5
DEB-KER08,2026-05-31,WaterLevel,2.7999999999999994
DEB-KER08,2026-05-31,WaterTemp,13.6
DEB-KER08,2026-05-31,Wind_Direction,161.71666666666667
DEB-KER08,2026-05-31,Wind_Speed,2.191666666666667
DEB-KER08,2026-06-01,CO,395.1791666666666
DEB-KER08,2026-06-01,CO2,773.4166666666666
DEB-KER08,2026-06-01,Conductivity,0.9
DEB-KER08,2026-06-01,Humidity,56.895833333333336
DEB-KER08,2026-06-01,NO,0.6999999999999998
DEB-KER08,2026-06-01,NO2,14.941666666666668
DEB-KER08,2026-06-01,NOx,16.400000000000002
DEB-KER08,2026-06-01,O3,112.70833333333333
DEB-KER08,2026-06-01,PM10,9.424999999999999
DEB-KER08,2026-06-01,PM2.5,5.170833333333333
DEB-KER08,2026-06-01,Pressure,995.1875
DEB-KER08,2026-06-01,WaterLevel,2.7999999999999994
DEB-KER08,2026-06-01,WaterTemp,13.6
DEB-KER08,2026-06-01,Wind_Direction,156.54583333333332
DEB-KER08,2026-06-01,Wind_Speed,1.9958333333333333
DEB-KER08,2026-06-02,CO,380.7217391304348
DEB-KER08,2026-06-02,CO2,764.9478260869565
DEB-KER08,2026-06-02,Conductivity,0.9
DEB-KER08,2026-06-02,Humidity,63.13913043478261
DEB-KER08,2026-06-02,NO,0.7
DEB-KER08,2026-06-02,NO2,12.58695652173913
DEB-KER08,2026-06-02,NOx,15.02727272727273
DEB-KER08,2026-06-02,O3,116.29130434782608
DEB-KER08,2026-06-02,PM10,5.043478260869565
DEB-KER08,2026-06-02,PM2.5,3.4434782608695653
DEB-KER08,2026-06-02,Pressure,995.8739130434782
DEB-KER08,2026-06-02,WaterLevel,2.7999999999999994
DEB-KER08,2026-06-02,WaterTemp,13.6
DEB-KER08,2026-06-02,Wind_Direction,188.70869565217393
DEB-KER08,2026-06-02,Wind_Speed,2.243478260869565
DEB-KER08,2026-06-03,CO,398.69166666666666
DEB-KER08,2026-06-03,Conductivity,0.9
DEB-KER08,2026-06-03,Humidity,53.25
DEB-KER08,2026-06-03,NO2,15.612499999999999
DEB-KER08,2026-06-03,O3,130.97083333333333
DEB-KER08,2026-06-03,PM10,5.5249999999999995
DEB-KER08,2026-06-03,PM2.5,3.625
DEB-KER08,2026-06-03,Pressure,993.1625
DEB-KER08,2026-06-03,TVOC,7.166666666666667
DEB-KER08,2026-06-03,WaterLevel,2.7999999999999994
DEB-KER08,2026-06-03,WaterTemp,13.6
DEB-KER08,2026-06-03,Wind_Direction,154.05416666666667
DEB-KER08,2026-06-03,Wind_Speed,2.7375000000000003
DEB-KER08,2026-06-04,CO,385.51666666666665
DEB-KER08,2026-06-04,CO2,1162.725
DEB-KER08,2026-06-04,Conductivity,0.9
DEB-KER08,2026-06-04,Humidity,56.68333333333334
DEB-KER08,2026-06-04,NO2,15.329166666666666
DEB-KER08,2026-06-04,O3,99.71249999999999
DEB-KER08,2026-06-04,PM10,6.2124999999999995
DEB-KER08,2026-06-04,PM2.5,4.325
DEB-KER08,2026-06-04,Pressure,993.2708333333334
DEB-KER08,2026-06-04,TVOC,2.5
DEB-KER08,2026-06-04,WaterLevel,2.7999999999999994
DEB-KER08,2026-06-04,WaterTemp,13.6
DEB-KER08,2026-06-04,Wind_Direction,171.94583333333333
DEB-KER08,2026-06-04,Wind_Speed,2.8083333333333336
DEB-KER08,2026-06-05,CO,373.6958333333334
DEB-KER08,2026-06-05,CO2,776.2125
DEB-KER08,2026-06-05,Conductivity,0.9
DEB-KER08,2026-06-05,Humidity,56.75416666666666
DEB-KER08,2026-06-05,NO2,14.033333333333333
DEB-KER08,2026-06-05,O3,96.90833333333335
DEB-KER08,2026-06-05,PM10,4.633333333333334
DEB-KER08,2026-06-05,PM2.5,3.0749999999999997
DEB-KER08,2026-06-05,Pressure,996.7916666666666
DEB-KER08,2026-06-05,WaterLevel,2.7999999999999994
DEB-KER08,2026-06-05,WaterTemp,13.6
DEB-KER08,2026-06-05,Wind_Direction,148.04999999999998
DEB-KER08,2026-06-05,Wind_Speed,2.85
DEB-KER08,2026-06-06,CO,375.3666666666666
DEB-KER08,2026-06-06,CO2,787.8083333333334
DEB-KER08,2026-06-06,Conductivity,0.9
DEB-KER08,2026-06-06,Humidity,60.72083333333333
DEB-KER08,2026-06-06,NO2,14.466666666666667
DEB-KER08,2026-06-06,O3,83.45
DEB-KER08,2026-06-06,PM10,2.6791666666666667
DEB-KER08,2026-06-06,PM2.5,2.2666666666666666
DEB-KER08,2026-06-06,Pressure,1000.6625
DEB-KER08,2026-06-06,WaterLevel,2.7291666666666665
DEB-KER08,2026-06-06,WaterTemp,13.6
DEB-KER08,2026-06-06,Wind_Direction,154.10416666666666
DEB-KER08,2026-06-06,Wind_Speed,1.7041666666666666
DEB-KER08,2026-06-07,CO,371.51666666666665
DEB-KER08,2026-06-07,CO2,803.2624999999999
DEB-KER08,2026-06-07,Conductivity,0.9
DEB-KER08,2026-06-07,Humidity,54.82083333333333
DEB-KER08,2026-06-07,NO,0.7
DEB-KER08,2026-06-07,NO2,12.395833333333334
DEB-KER08,2026-06-07,NOx,11.8
DEB-KER08,2026-06-07,O3,91.37916666666666
DEB-KER08,2026-06-07,PM10,3.4875000000000003
DEB-KER08,2026-06-07,PM2.5,2.8041666666666667
DEB-KER08,2026-06-07,Pressure,1002.9875000000001
DEB-KER08,2026-06-07,WaterLevel,2.7000000000000006
DEB-KER08,2026-06-07,WaterTemp,13.6
DEB-KER08,2026-06-07,Wind_Direction,132.45416666666668
DEB-KER08,2026-06-07,Wind_Speed,2.3125
DEB-KER08,2026-06-08,CO,381.1041666666667
DEB-KER08,2026-06-08,CO2,796.1958333333333
DEB-KER08,2026-06-08,Conductivity,0.9
DEB-KER08,2026-06-08,Humidity,48.95416666666667
DEB-KER08,2026-06-08,NO,0.7
DEB-KER08,2026-06-08,NO2,10.658333333333333
DEB-KER08,2026-06-08,NOx,8.275
DEB-KER08,2026-06-08,O3,96.81666666666666
DEB-KER08,2026-06-08,PM10,4.125
DEB-KER08,2026-06-08,PM2.5,2.4916666666666667
DEB-KER08,2026-06-08,Pressure,1003.2666666666668
DEB-KER08,2026-06-08,WaterLevel,2.7000000000000006
DEB-KER08,2026-06-08,WaterTemp,13.6
DEB-KER08,2026-06-08,Wind_Direction,136.37916666666666
DEB-KER08,2026-06-08,Wind_Speed,2.0375
DEB-KER08,2026-06-09,CO,388.80434782608694
DEB-KER08,2026-06-09,CO2,791.4333333333334
DEB-KER08,2026-06-09,Conductivity,0.9
DEB-KER08,2026-06-09,Humidity,45.25
DEB-KER08,2026-06-09,NO,0.6999999999999998
DEB-KER08,2026-06-09,NO2,13.5
DEB-KER08,2026-06-09,NOx,15.033333333333333
DEB-KER08,2026-06-09,O3,106.0304347826087
DEB-KER08,2026-06-09,PM10,9.716666666666667
DEB-KER08,2026-06-09,PM2.5,3.170833333333333
DEB-KER08,2026-06-09,Pressure,999.0291666666667
DEB-KER08,2026-06-09,TVOC,2.5
DEB-KER08,2026-06-09,WaterLevel,2.7000000000000006
DEB-KER08,2026-06-09,WaterTemp,13.6
DEB-KER08,2026-06-09,Wind_Direction,96.46666666666665
DEB-KER08,2026-06-09,Wind_Speed,2.0749999999999997
DEB-KER08,2026-06-10,CO,399.45
DEB-KER08,2026-06-10,CO2,779.2166666666667
DEB-KER08,2026-06-10,Conductivity,0.9
DEB-KER08,2026-06-10,Humidity,50.666666666666664
DEB-KER08,2026-06-10,NO2,16.075
DEB-KER08,2026-06-10,O3,107.52916666666665
DEB-KER08,2026-06-10,PM10,8.491666666666667
DEB-KER08,2026-06-10,PM2.5,4.466666666666667
DEB-KER08,2026-06-10,Pressure,997.0833333333334
DEB-KER08,2026-06-10,TVOC,2.5
DEB-KER08,2026-06-10,WaterLevel,2.7000000000000006
DEB-KER08,2026-06-10,WaterTemp,13.6
DEB-KER08,2026-06-10,Wind_Direction,116.45
DEB-KER08,2026-06-10,Wind_Speed,2.3916666666666666
DEB-KER08,2026-06-11,CO,378.2833333333333
DEB-KER08,2026-06-11,CO2,791.1041666666666
DEB-KER08,2026-06-11,Conductivity,0.9
DEB-KER08,2026-06-11,Humidity,60.5875
DEB-KER08,2026-06-11,NO,0.8142857142857142
DEB-KER08,2026-06-11,NO2,14.104166666666666
DEB-KER08,2026-06-11,NOx,10.87142857142857
DEB-KER08,2026-06-11,O3,92.46249999999999
DEB-KER08,2026-06-11,PM10,3.329166666666667
DEB-KER08,2026-06-11,PM2.5,2.5458333333333334
DEB-KER08,2026-06-11,Pressure,997.7583333333333
DEB-KER08,2026-06-11,WaterLevel,2.7125000000000004
DEB-KER08,2026-06-11,WaterTemp,13.6
DEB-KER08,2026-06-11,Wind_Direction,187.57500000000002
DEB-KER08,2026-06-11,Wind_Speed,2.904166666666667
DEB-KER08,2026-06-12,CO,376.43333333333334
DEB-KER08,2026-06-12,CO2,787.3458333333333
DEB-KER08,2026-06-12,Conductivity,0.9
DEB-KER08,2026-06-12,Humidity,56.487500000000004
DEB-KER08,2026-06-12,NO,1.075
DEB-KER08,2026-06-12,NO2,14.441666666666668
DEB-KER08,2026-06-12,NOx,16.83125
DEB-KER08,2026-06-12,O3,87.04166666666667
DEB-KER08,2026-06-12,PM10,2.7458333333333336
DEB-KER08,2026-06-12,PM2.5,2.379166666666667
DEB-KER08,2026-06-12,Pressure,1003.3249999999999
DEB-KER08,2026-06-12,WaterLevel,2.7000000000000006
DEB-KER08,2026-06-12,WaterTemp,13.6
DEB-KER08,2026-06-12,Wind_Direction,165.20416666666668
DEB-KER08,2026-06-12,Wind_Speed,1.8791666666666667
DEB-KER08,2026-06-13,CO,373.6041666666667
DEB-KER08,2026-06-13,CO2,803.225
DEB-KER08,2026-06-13,Conductivity,0.9
DEB-KER08,2026-06-13,Humidity,57.50833333333333
DEB-KER08,2026-06-13,NO,1.2181818181818183
DEB-KER08,2026-06-13,NO2,10.658333333333333
DEB-KER08,2026-06-13,NOx,14.854545454545455
DEB-KER08,2026-06-13,O3,82.8625
DEB-KER08,2026-06-13,PM10,2.595833333333333
DEB-KER08,2026-06-13,PM2.5,2.254166666666667
DEB-KER08,2026-06-13,Pressure,1001.15
DEB-KER08,2026-06-13,WaterLevel,2.7000000000000006
DEB-KER08,2026-06-13,WaterTemp,13.6
DEB-KER08,2026-06-13,Wind_Direction,168.69166666666666
DEB-KER08,2026-06-13,Wind_Speed,2.5791666666666666
DEB-KER08,2026-06-14,CO,356.4666666666667
DEB-KER08,2026-06-14,CO2,778.8041666666667
DEB-KER08,2026-06-14,Conductivity,0.9
DEB-KER08,2026-06-14,Humidity,53.2875
DEB-KER08,2026-06-14,NO,0.7
DEB-KER08,2026-06-14,NO2,12.154166666666667
DEB-KER08,2026-06-14,NOx,16.58888888888889
DEB-KER08,2026-06-14,O3,96.37916666666666
DEB-KER08,2026-06-14,PM10,4.195833333333334
DEB-KER08,2026-06-14,PM2.5,2.5749999999999997
DEB-KER08,2026-06-14,Pressure,995.2416666666667
DEB-KER08,2026-06-14,WaterLevel,2.7000000000000006
DEB-KER08,2026-06-14,WaterTemp,13.6
DEB-KER08,2026-06-14,Wind_Direction,200.85416666666666
DEB-KER08,2026-06-14,Wind_Speed,3.4958333333333336
DEB-KER08,2026-06-15,CO,366.0708333333334
DEB-KER08,2026-06-15,CO2,787.2583333333333
DEB-KER08,2026-06-15,Conductivity,0.9
DEB-KER08,2026-06-15,Humidity,44.425000000000004
DEB-KER08,2026-06-15,NO,0.9454545454545453
DEB-KER08,2026-06-15,NO2,12.958333333333334
DEB-KER08,2026-06-15,NOx,16.80909090909091
DEB-KER08,2026-06-15,O3,90.37083333333334
DEB-KER08,2026-06-15,PM10,3.125
DEB-KER08,2026-06-15,PM2.5,2.1999999999999997
DEB-KER08,2026-06-15,Pressure,996.4291666666667
DEB-KER08,2026-06-15,WaterLevel,2.7
DEB-KER08,2026-06-15,WaterTemp,13.6
DEB-KER08,2026-06-15,Wind_Direction,187.7875
DEB-KER08,2026-06-15,Wind_Speed,2.9875000000000003
DEB-KER08,2026-06-16,CO,356.4083333333333
DEB-KER08,2026-06-16,CO2,764.3249999999999
DEB-KER08,2026-06-16,Conductivity,0.9
DEB-KER08,2026-06-16,Humidity,42.52916666666667
DEB-KER08,2026-06-16,NO,0.7
DEB-KER08,2026-06-16,NO2,16.42608695652174
DEB-KER08,2026-06-16,NOx,25.577777777777776
DEB-KER08,2026-06-16,O3,109.90833333333335
DEB-KER08,2026-06-16,PM10,3.525
DEB-KER08,2026-06-16,PM2.5,2.5208333333333335
DEB-KER08,2026-06-16,Pressure,1000.5625
DEB-KER08,2026-06-16,WaterLevel,2.7000000000000006
DEB-KER08,2026-06-16,WaterTemp,13.6
DEB-KER08,2026-06-16,Wind_Direction,201.9625
DEB-KER08,2026-06-16,Wind_Speed,3.125
DEB-KER08,2026-06-17,CO,387.1791666666666
DEB-KER08,2026-06-17,CO2,792.875
DEB-KER08,2026-06-17,Conductivity,0.9
DEB-KER08,2026-06-17,Humidity,48.22083333333333
DEB-KER08,2026-06-17,NO,0.6999999999999998
DEB-KER08,2026-06-17,NO2,19.400000000000002
DEB-KER08,2026-06-17,NOx,23.608333333333334
DEB-KER08,2026-06-17,O3,90.875
DEB-KER08,2026-06-17,PM10,8.083333333333334
DEB-KER08,2026-06-17,PM2.5,3.1916666666666664
DEB-KER08,2026-06-17,Pressure,1001.2208333333333
DEB-KER08,2026-06-17,WaterLevel,2.7000000000000006
DEB-KER08,2026-06-17,WaterTemp,13.6
DEB-KER08,2026-06-17,Wind_Direction,147.25833333333333
DEB-KER08,2026-06-17,Wind_Speed,2.566666666666667
DEB-KER08,2026-06-18,CO,366.04583333333335
DEB-KER08,2026-06-18,CO2,799.6916666666666
DEB-KER08,2026-06-18,Conductivity,0.9
DEB-KER08,2026-06-18,Humidity,52.487500000000004
DEB-KER08,2026-06-18,NO,1.0583333333333333
DEB-KER08,2026-06-18,NO2,8.605555555555556
DEB-KER08,2026-06-18,NOx,11.477777777777778
DEB-KER08,2026-06-18,O3,96.6875
DEB-KER08,2026-06-18,PM10,7.679166666666667
DEB-KER08,2026-06-18,PM2.5,3.4583333333333335
DEB-KER08,2026-06-18,Pressure,1004.2583333333333
DEB-KER08,2026-06-18,WaterLevel,2.7000000000000006
DEB-KER08,2026-06-18,WaterTemp,13.6
DEB-KER08,2026-06-18,Wind_Direction,123.08333333333333
DEB-KER08,2026-06-18,Wind_Speed,2.1083333333333334
DEB-KER08,2026-06-19,CO,404.4666666666667
DEB-KER08,2026-06-19,CO2,832.5333333333333
DEB-KER08,2026-06-19,Conductivity,0.9
DEB-KER08,2026-06-19,Humidity,59.800000000000004
DEB-KER08,2026-06-19,NO,0.96
DEB-KER08,2026-06-19,NO2,13.745454545454544
DEB-KER08,2026-06-19,NOx,16.266666666666666
DEB-KER08,2026-06-19,O3,82.41666666666667
DEB-KER08,2026-06-19,PM10,10.575000000000001
DEB-KER08,2026-06-19,PM2.5,4.791666666666667
DEB-KER08,2026-06-19,Pressure,1004.9166666666666
DEB-KER08,2026-06-19,WaterLevel,2.7000000000000006
DEB-KER08,2026-06-19,WaterTemp,13.6
DEB-KER08,2026-06-19,Wind_Direction,96.71666666666665
DEB-KER08,2026-06-19,Wind_Speed,1.5666666666666667
DEB-KER09,2026-05-21,CO,43.48
DEB-KER09,2026-05-21,CO2,754.2818181818183
DEB-KER09,2026-05-21,Conductivity,2.3
DEB-KER09,2026-05-21,Humidity,49.059090909090905
DEB-KER09,2026-05-21,NO,0.6999999999999998
DEB-KER09,2026-05-21,NO2,18.099999999999998
DEB-KER09,2026-05-21,NOx,21.483333333333334
DEB-KER09,2026-05-21,O3,116.19090909090909
DEB-KER09,2026-05-21,PM10,14.572727272727274
DEB-KER09,2026-05-21,PM2.5,7.945454545454544
DEB-KER09,2026-05-21,Pressure,1003.3454545454545
DEB-KER09,2026-05-21,TVOC,2.5
DEB-KER09,2026-05-21,WaterLevel,1.6
DEB-KER09,2026-05-21,WaterTemp,13.8
DEB-KER09,2026-05-21,Wind_Direction,215.48181818181817
DEB-KER09,2026-05-21,Wind_Speed,0.0
DEB-KER09,2026-05-22,CO2,754.1208333333334
DEB-KER09,2026-05-22,Conductivity,2.3
DEB-KER09,2026-05-22,Humidity,49.25833333333333
DEB-KER09,2026-05-22,NO,0.7
DEB-KER09,2026-05-22,NO2,14.841666666666667
DEB-KER09,2026-05-22,NOx,19.5
DEB-KER09,2026-05-22,O3,111.97500000000001
DEB-KER09,2026-05-22,PM10,11.375
DEB-KER09,2026-05-22,PM2.5,5.995833333333334
DEB-KER09,2026-05-22,Pressure,1006.7708333333334
DEB-KER09,2026-05-22,TVOC,2.5
DEB-KER09,2026-05-22,WaterLevel,1.5625
DEB-KER09,2026-05-22,WaterTemp,13.800000000000002
DEB-KER09,2026-05-22,Wind_Direction,178.89583333333334
DEB-KER09,2026-05-22,Wind_Speed,0.0
DEB-KER09,2026-05-23,CO2,751.8874999999999
DEB-KER09,2026-05-23,Conductivity,2.3
DEB-KER09,2026-05-23,Humidity,44.84583333333333
DEB-KER09,2026-05-23,NO,0.6999999999999998
DEB-KER09,2026-05-23,NO2,11.154166666666667
DEB-KER09,2026-05-23,NOx,19.5
DEB-KER09,2026-05-23,O3,119.575
DEB-KER09,2026-05-23,PM10,9.1
DEB-KER09,2026-05-23,PM2.5,5.504166666666666
DEB-KER09,2026-05-23,Pressure,1007.8249999999999
DEB-KER09,2026-05-23,TVOC,2.5
DEB-KER09,2026-05-23,WaterLevel,1.5
DEB-KER09,2026-05-23,WaterTemp,13.800000000000002
DEB-KER09,2026-05-23,Wind_Direction,171.90416666666667
DEB-KER09,2026-05-23,Wind_Speed,0.0
DEB-KER09,2026-05-24,CO,17.5
DEB-KER09,2026-05-24,CO2,749.8333333333334
DEB-KER09,2026-05-24,Conductivity,2.3
DEB-KER09,2026-05-24,Humidity,43.4375
DEB-KER09,2026-05-24,NO,0.6999999999999998
DEB-KER09,2026-05-24,NO2,10.727777777777778
DEB-KER09,2026-05-24,NOx,14.033333333333331
DEB-KER09,2026-05-24,O3,115.83333333333333
DEB-KER09,2026-05-24,PM10,7.233333333333333
DEB-KER09,2026-05-24,PM2.5,4.691666666666666
DEB-KER09,2026-05-24,Pressure,1008.3416666666667
DEB-KER09,2026-05-24,TVOC,2.5
DEB-KER09,2026-05-24,WaterLevel,1.5
DEB-KER09,2026-05-24,WaterTemp,13.800000000000002
DEB-KER09,2026-05-24,Wind_Direction,176.95833333333334
DEB-KER09,2026-05-24,Wind_Speed,0.0
DEB-KER09,2026-05-25,CO,17.5
DEB-KER09,2026-05-25,CO2,762.35
DEB-KER09,2026-05-25,Conductivity,2.3
DEB-KER09,2026-05-25,Humidity,46.84583333333333
DEB-KER09,2026-05-25,NO,0.7
DEB-KER09,2026-05-25,NO2,7.273684210526315
DEB-KER09,2026-05-25,NOx,10.4
DEB-KER09,2026-05-25,O3,119.94166666666666
DEB-KER09,2026-05-25,PM10,11.404166666666667
DEB-KER09,2026-05-25,PM2.5,6.654166666666666
DEB-KER09,2026-05-25,Pressure,1009.0708333333333
DEB-KER09,2026-05-25,TVOC,3.9333333333333336
DEB-KER09,2026-05-25,WaterLevel,1.5
DEB-KER09,2026-05-25,WaterTemp,13.800000000000002
DEB-KER09,2026-05-25,Wind_Direction,183.75833333333333
DEB-KER09,2026-05-25,Wind_Speed,0.0
DEB-KER09,2026-05-26,CO,40.55
DEB-KER09,2026-05-26,CO2,750.0541666666667
DEB-KER09,2026-05-26,Conductivity,2.3
DEB-KER09,2026-05-26,Humidity,42.84166666666667
DEB-KER09,2026-05-26,NO,0.7
DEB-KER09,2026-05-26,NO2,9.2
DEB-KER09,2026-05-26,NOx,11.049999999999999
DEB-KER09,2026-05-26,O3,133.0875
DEB-KER09,2026-05-26,PM10,8.112499999999999
DEB-KER09,2026-05-26,PM2.5,4.333333333333333
DEB-KER09,2026-05-26,Pressure,1007.7416666666667
DEB-KER09,2026-05-26,TVOC,5.095833333333333
DEB-KER09,2026-05-26,WaterLevel,1.5
DEB-KER09,2026-05-26,WaterTemp,13.800000000000002
DEB-KER09,2026-05-26,Wind_Direction,182.40833333333333
DEB-KER09,2026-05-26,Wind_Speed,0.0
DEB-KER09,2026-05-27,CO,88.41999999999999
DEB-KER09,2026-05-27,CO2,760.3166666666666
DEB-KER09,2026-05-27,Conductivity,2.3
DEB-KER09,2026-05-27,Humidity,44.02916666666667
DEB-KER09,2026-05-27,NO,0.7
DEB-KER09,2026-05-27,NO2,12.49375
DEB-KER09,2026-05-27,NOx,14.057142857142859
DEB-KER09,2026-05-27,O3,131.87916666666666
DEB-KER09,2026-05-27,PM10,26.004166666666666
DEB-KER09,2026-05-27,PM2.5,6.641666666666667
DEB-KER09,2026-05-27,Pressure,1000.7291666666666
DEB-KER09,2026-05-27,TVOC,3.8833333333333333
DEB-KER09,2026-05-27,WaterLevel,1.4708333333333332
DEB-KER09,2026-05-27,WaterTemp,13.800000000000002
DEB-KER09,2026-05-27,Wind_Direction,184.025
DEB-KER09,2026-05-27,Wind_Speed,0.0
DEB-KER09,2026-05-28,CO,17.5
DEB-KER09,2026-05-28,CO2,743.1083333333332
DEB-KER09,2026-05-28,Conductivity,2.3
DEB-KER09,2026-05-28,Humidity,38.979166666666664
DEB-KER09,2026-05-28,NO,0.7
DEB-KER09,2026-05-28,NO2,9.98695652173913
DEB-KER09,2026-05-28,NOx,14.854545454545455
DEB-KER09,2026-05-28,O3,114.46249999999999
DEB-KER09,2026-05-28,PM10,10.641666666666667
DEB-KER09,2026-05-28,PM2.5,3.9250000000000003
DEB-KER09,2026-05-28,Pressure,1001.7666666666668
DEB-KER09,2026-05-28,TVOC,2.5
DEB-KER09,2026-05-28,WaterLevel,1.3999999999999997
DEB-KER09,2026-05-28,WaterTemp,13.800000000000002
DEB-KER09,2026-05-28,Wind_Direction,180.50833333333333
DEB-KER09,2026-05-28,Wind_Speed,0.0
DEB-KER09,2026-05-29,CO,40.71818181818182
DEB-KER09,2026-05-29,CO2,751.25
DEB-KER09,2026-05-29,Conductivity,2.3
DEB-KER09,2026-05-29,Humidity,38.63333333333333
DEB-KER09,2026-05-29,NO,0.7
DEB-KER09,2026-05-29,NO2,10.021739130434783
DEB-KER09,2026-05-29,NOx,12.772727272727273
DEB-KER09,2026-05-29,O3,104.875
DEB-KER09,2026-05-29,PM10,7.5625
DEB-KER09,2026-05-29,PM2.5,3.529166666666667
DEB-KER09,2026-05-29,Pressure,1005.9166666666666
DEB-KER09,2026-05-29,TVOC,2.620833333333333
DEB-KER09,2026-05-29,WaterLevel,1.4
DEB-KER09,2026-05-29,WaterTemp,13.8
DEB-KER09,2026-05-29,Wind_Direction,220.6916666666667
DEB-KER09,2026-05-29,Wind_Speed,0.0
DEB-KER09,2026-05-30,CO,79.28571428571429
DEB-KER09,2026-05-30,CO2,765.7208333333333
DEB-KER09,2026-05-30,Conductivity,2.3
DEB-KER09,2026-05-30,Humidity,45.57083333333333
DEB-KER09,2026-05-30,NO,0.7
DEB-KER09,2026-05-30,NO2,12.291666666666666
DEB-KER09,2026-05-30,NOx,17.169230769230772
DEB-KER09,2026-05-30,O3,96.96249999999999
DEB-KER09,2026-05-30,PM10,11.975
DEB-KER09,2026-05-30,PM2.5,5.104166666666667
DEB-KER09,2026-05-30,Pressure,999.2333333333332
DEB-KER09,2026-05-30,TVOC,2.75
DEB-KER09,2026-05-30,WaterLevel,1.3999999999999997
DEB-KER09,2026-05-30,WaterTemp,13.800000000000002
DEB-KER09,2026-05-30,Wind_Direction,205.1875
DEB-KER09,2026-05-30,Wind_Speed,0.0
DEB-KER09,2026-05-31,CO,29.022222222222222
DEB-KER09,2026-05-31,CO2,767.4208333333332
DEB-KER09,2026-05-31,Conductivity,2.3
DEB-KER09,2026-05-31,Humidity,60.083333333333336
DEB-KER09,2026-05-31,NO,0.95
DEB-KER09,2026-05-31,NO2,12.225
DEB-KER09,2026-05-31,NOx,17.357142857142858
DEB-KER09,2026-05-31,O3,99.84583333333335
DEB-KER09,2026-05-31,PM10,12.729166666666666
DEB-KER09,2026-05-31,PM2.5,6.633333333333333
DEB-KER09,2026-05-31,Pressure,995.7791666666667
DEB-KER09,2026-05-31,TVOC,2.5
DEB-KER09,2026-05-31,WaterLevel,1.3999999999999997
DEB-KER09,2026-05-31,WaterTemp,13.800000000000002
DEB-KER09,2026-05-31,Wind_Direction,182.275
DEB-KER09,2026-05-31,Wind_Speed,0.0
DEB-KER09,2026-06-01,CO,17.5
DEB-KER09,2026-06-01,CO2,780.2791666666667
DEB-KER09,2026-06-01,Conductivity,2.3
DEB-KER09,2026-06-01,Humidity,63.49166666666667
DEB-KER09,2026-06-01,NO,0.7
DEB-KER09,2026-06-01,NO2,12.4125
DEB-KER09,2026-06-01,NOx,12.827777777777778
DEB-KER09,2026-06-01,O3,89.59583333333335
DEB-KER09,2026-06-01,PM10,17.004166666666666
DEB-KER09,2026-06-01,PM2.5,9.345833333333333
DEB-KER09,2026-06-01,Pressure,995.0
DEB-KER09,2026-06-01,TVOC,2.5
DEB-KER09,2026-06-01,WaterLevel,1.3999999999999997
DEB-KER09,2026-06-01,WaterTemp,13.800000000000002
DEB-KER09,2026-06-01,Wind_Direction,145.67499999999998
DEB-KER09,2026-06-01,Wind_Speed,0.0
DEB-KER09,2026-06-02,CO,53.025
DEB-KER09,2026-06-02,CO2,770.8249999999999
DEB-KER09,2026-06-02,Conductivity,2.3
DEB-KER09,2026-06-02,Humidity,69.71666666666667
DEB-KER09,2026-06-02,NO,0.6999999999999998
DEB-KER09,2026-06-02,NO2,13.987499999999999
DEB-KER09,2026-06-02,NOx,15.441666666666668
DEB-KER09,2026-06-02,O3,92.53333333333335
DEB-KER09,2026-06-02,PM10,11.141666666666666
DEB-KER09,2026-06-02,PM2.5,6.670833333333333
DEB-KER09,2026-06-02,Pressure,995.6416666666668
DEB-KER09,2026-06-02,TVOC,2.5
DEB-KER09,2026-06-02,WaterLevel,1.3999999999999997
DEB-KER09,2026-06-02,WaterTemp,13.800000000000002
DEB-KER09,2026-06-02,Wind_Direction,229.1875
DEB-KER09,2026-06-02,Wind_Speed,0.0
DEB-KER09,2026-06-03,CO,17.5
DEB-KER09,2026-06-03,CO2,758.1583333333333
DEB-KER09,2026-06-03,Conductivity,2.3
DEB-KER09,2026-06-03,Humidity,58.56666666666666
DEB-KER09,2026-06-03,NO,0.7
DEB-KER09,2026-06-03,NO2,14.208333333333334
DEB-KER09,2026-06-03,NOx,16.8875
DEB-KER09,2026-06-03,O3,120.26666666666667
DEB-KER09,2026-06-03,PM10,11.75
DEB-KER09,2026-06-03,PM2.5,6.695833333333333
DEB-KER09,2026-06-03,Pressure,992.8833333333333
DEB-KER09,2026-06-03,TVOC,2.5
DEB-KER09,2026-06-03,WaterLevel,1.3999999999999997
DEB-KER09,2026-06-03,WaterTemp,13.800000000000002
DEB-KER09,2026-06-03,Wind_Direction,177.65833333333333
DEB-KER09,2026-06-03,Wind_Speed,0.0
DEB-KER09,2026-06-04,CO,17.5
DEB-KER09,2026-06-04,CO2,768.2208333333333
DEB-KER09,2026-06-04,Conductivity,2.3
DEB-KER09,2026-06-04,Humidity,63.3375
DEB-KER09,2026-06-04,NO,0.6999999999999998
DEB-KER09,2026-06-04,NO2,14.079166666666666
DEB-KER09,2026-06-04,NOx,18.2
DEB-KER09,2026-06-04,O3,88.04583333333333
DEB-KER09,2026-06-04,PM10,12.295833333333334
DEB-KER09,2026-06-04,PM2.5,7.779166666666666
DEB-KER09,2026-06-04,Pressure,993.1
DEB-KER09,2026-06-04,TVOC,2.5
DEB-KER09,2026-06-04,WaterLevel,1.3999999999999997
DEB-KER09,2026-06-04,WaterTemp,13.791666666666666
DEB-KER09,2026-06-04,Wind_Direction,182.69583333333333
DEB-KER09,2026-06-04,Wind_Speed,0.0
DEB-KER09,2026-06-05,CO,68.55000000000001
DEB-KER09,2026-06-05,CO2,767.3874999999999
DEB-KER09,2026-06-05,Conductivity,2.3
DEB-KER09,2026-06-05,Humidity,63.275
DEB-KER09,2026-06-05,NO,0.7
DEB-KER09,2026-06-05,NO2,13.295833333333334
DEB-KER09,2026-06-05,NOx,14.520000000000001
DEB-KER09,2026-06-05,O3,63.625
DEB-KER09,2026-06-05,PM10,12.1875
DEB-KER09,2026-06-05,PM2.5,7.033333333333334
DEB-KER09,2026-06-05,Pressure,996.5791666666668
DEB-KER09,2026-06-05,TVOC,2.5
DEB-KER09,2026-06-05,WaterLevel,1.3999999999999997
DEB-KER09,2026-06-05,WaterTemp,13.787500000000001
DEB-KER09,2026-06-05,Wind_Direction,177.23749999999998
DEB-KER09,2026-06-05,Wind_Speed,0.0
DEB-KER09,2026-06-06,CO,17.5
DEB-KER09,2026-06-06,CO2,772.9916666666667
DEB-KER09,2026-06-06,Conductivity,2.3
DEB-KER09,2026-06-06,Humidity,66.03333333333333
DEB-KER09,2026-06-06,NO,0.7
DEB-KER09,2026-06-06,NO2,11.475
DEB-KER09,2026-06-06,NOx,12.118181818181819
DEB-KER09,2026-06-06,O3,51.21666666666667
DEB-KER09,2026-06-06,PM10,7.204166666666667
DEB-KER09,2026-06-06,PM2.5,4.545833333333333
DEB-KER09,2026-06-06,Pressure,1000.6125000000001
DEB-KER09,2026-06-06,TVOC,2.5
DEB-KER09,2026-06-06,WaterLevel,1.3999999999999997
DEB-KER09,2026-06-06,WaterTemp,13.733333333333334
DEB-KER09,2026-06-06,Wind_Direction,186.72916666666666
DEB-KER09,2026-06-06,Wind_Speed,0.0
DEB-KER09,2026-06-07,CO,20.9625
DEB-KER09,2026-06-07,CO2,773.1041666666666
DEB-KER09,2026-06-07,Conductivity,2.3
DEB-KER09,2026-06-07,Humidity,59.395833333333336
DEB-KER09,2026-06-07,NO,0.7
DEB-KER09,2026-06-07,NO2,10.85
DEB-KER09,2026-06-07,NOx,12.919999999999998
DEB-KER09,2026-06-07,O3,58.050000000000004
DEB-KER09,2026-06-07,PM10,8.329166666666667
DEB-KER09,2026-06-07,PM2.5,5.345833333333334
DEB-KER09,2026-06-07,Pressure,1002.6458333333334
DEB-KER09,2026-06-07,TVOC,2.5
DEB-KER09,2026-06-07,WaterLevel,1.3999999999999997
DEB-KER09,2026-06-07,WaterTemp,13.712499999999999
DEB-KER09,2026-06-07,Wind_Direction,196.79166666666666
DEB-KER09,2026-06-07,Wind_Speed,0.0
DEB-KER09,2026-06-08,CO,38.86153846153846
DEB-KER09,2026-06-08,CO2,772.5166666666668
DEB-KER09,2026-06-08,Conductivity,2.3
DEB-KER09,2026-06-08,Humidity,53.63333333333333
DEB-KER09,2026-06-08,NO,0.7
DEB-KER09,2026-06-08,NO2,9.779166666666667
DEB-KER09,2026-06-08,NOx,14.9125
DEB-KER09,2026-06-08,O3,69.44583333333334
DEB-KER09,2026-06-08,PM10,8.333333333333334
DEB-KER09,2026-06-08,PM2.5,4.654166666666667
DEB-KER09,2026-06-08,Pressure,1003.0416666666666
DEB-KER09,2026-06-08,TVOC,2.9583333333333335
DEB-KER09,2026-06-08,WaterLevel,1.3999999999999997
DEB-KER09,2026-06-08,WaterTemp,13.708333333333334
DEB-KER09,2026-06-08,Wind_Direction,184.50833333333333
DEB-KER09,2026-06-08,Wind_Speed,0.0
DEB-KER09,2026-06-09,CO,46.48888888888889
DEB-KER09,2026-06-09,CO2,763.0166666666668
DEB-KER09,2026-06-09,Conductivity,2.3
DEB-KER09,2026-06-09,Humidity,47.229166666666664
DEB-KER09,2026-06-09,NO,0.7
DEB-KER09,2026-06-09,NO2,12.544444444444444
DEB-KER09,2026-06-09,NOx,14.642857142857142
DEB-KER09,2026-06-09,O3,87.9375
DEB-KER09,2026-06-09,PM10,11.291666666666666
DEB-KER09,2026-06-09,PM2.5,4.954166666666667
DEB-KER09,2026-06-09,Pressure,998.7624999999999
DEB-KER09,2026-06-09,TVOC,3.1458333333333335
DEB-KER09,2026-06-09,WaterLevel,1.3999999999999997
DEB-KER09,2026-06-09,WaterTemp,13.699999999999998
DEB-KER09,2026-06-09,Wind_Direction,158.50416666666666
DEB-KER09,2026-06-09,Wind_Speed,0.0
DEB-KER09,2026-06-10,CO,55.51818181818182
DEB-KER09,2026-06-10,CO2,754.5
DEB-KER09,2026-06-10,Conductivity,2.3
DEB-KER09,2026-06-10,Humidity,53.00416666666666
DEB-KER09,2026-06-10,NO,0.7
DEB-KER09,2026-06-10,NO2,11.878260869565217
DEB-KER09,2026-06-10,NOx,15.142857142857142
DEB-KER09,2026-06-10,O3,87.7
DEB-KER09,2026-06-10,PM10,15.0625
DEB-KER09,2026-06-10,PM2.5,7.2875000000000005
DEB-KER09,2026-06-10,Pressure,996.7208333333333
DEB-KER09,2026-06-10,TVOC,3.3208333333333333
DEB-KER09,2026-06-10,WaterLevel,1.3999999999999997
DEB-KER09,2026-06-10,WaterTemp,13.699999999999998
DEB-KER09,2026-06-10,Wind_Direction,122.69583333333333
DEB-KER09,2026-06-10,Wind_Speed,0.0
DEB-KER09,2026-06-11,CO,27.2
DEB-KER09,2026-06-11,CO2,768.1833333333334
DEB-KER09,2026-06-11,Conductivity,2.2875
DEB-KER09,2026-06-11,Humidity,65.20416666666667
DEB-KER09,2026-06-11,NO,0.6999999999999998
DEB-KER09,2026-06-11,NO2,13.345833333333333
DEB-KER09,2026-06-11,NOx,15.725
DEB-KER09,2026-06-11,O3,76.1375
DEB-KER09,2026-06-11,PM10,7.6875
DEB-KER09,2026-06-11,PM2.5,4.758333333333334
DEB-KER09,2026-06-11,Pressure,997.5583333333334
DEB-KER09,2026-06-11,TVOC,2.5
DEB-KER09,2026-06-11,WaterLevel,1.3999999999999997
DEB-KER09,2026-06-11,WaterTemp,13.733333333333334
DEB-KER09,2026-06-11,Wind_Direction,173.0375
DEB-KER09,2026-06-11,Wind_Speed,0.0
DEB-KER09,2026-06-12,CO,17.5
DEB-KER09,2026-06-12,CO2,763.0083333333333
DEB-KER09,2026-06-12,Conductivity,2.3
DEB-KER09,2026-06-12,Humidity,62.2125
DEB-KER09,2026-06-12,NO,0.6999999999999998
DEB-KER09,2026-06-12,NO2,15.0
DEB-KER09,2026-06-12,NOx,19.8
DEB-KER09,2026-06-12,O3,70.61666666666666
DEB-KER09,2026-06-12,PM10,5.954166666666667
DEB-KER09,2026-06-12,PM2.5,4.4624999999999995
DEB-KER09,2026-06-12,Pressure,1003.1875
DEB-KER09,2026-06-12,TVOC,2.5
DEB-KER09,2026-06-12,WaterLevel,1.3999999999999997
DEB-KER09,2026-06-12,WaterTemp,13.787500000000001
DEB-KER09,2026-06-12,Wind_Direction,203.29166666666666
DEB-KER09,2026-06-12,Wind_Speed,0.0
DEB-KER09,2026-06-13,CO,17.5
DEB-KER09,2026-06-13,CO2,778.7583333333333
DEB-KER09,2026-06-13,Conductivity,2.3
DEB-KER09,2026-06-13,Humidity,61.925000000000004
DEB-KER09,2026-06-13,NO,0.7
DEB-KER09,2026-06-13,NO2,12.620833333333335
DEB-KER09,2026-06-13,NOx,16.55
DEB-KER09,2026-06-13,O3,67.72916666666667
DEB-KER09,2026-06-13,PM10,5.95
DEB-KER09,2026-06-13,PM2.5,4.358333333333333
DEB-KER09,2026-06-13,Pressure,1000.8874999999999
DEB-KER09,2026-06-13,TVOC,2.5
DEB-KER09,2026-06-13,WaterLevel,1.3999999999999997
DEB-KER09,2026-06-13,WaterTemp,13.779166666666667
DEB-KER09,2026-06-13,Wind_Direction,184.42916666666667
DEB-KER09,2026-06-13,Wind_Speed,0.0
DEB-KER09,2026-06-14,CO2,767.3958333333334
DEB-KER09,2026-06-14,Conductivity,2.3
DEB-KER09,2026-06-14,Humidity,59.69166666666666
DEB-KER09,2026-06-14,NO,0.7
DEB-KER09,2026-06-14,NO2,11.729166666666666
DEB-KER09,2026-06-14,NOx,11.042857142857143
DEB-KER09,2026-06-14,O3,75.9875
DEB-KER09,2026-06-14,PM10,8.799999999999999
DEB-KER09,2026-06-14,PM2.5,4.645833333333333
DEB-KER09,2026-06-14,Pressure,995.0666666666666
DEB-KER09,2026-06-14,TVOC,2.5
DEB-KER09,2026-06-14,WaterLevel,1.3999999999999997
DEB-KER09,2026-06-14,WaterTemp,13.716666666666667
DEB-KER09,2026-06-14,Wind_Direction,185.42083333333335
DEB-KER09,2026-06-14,Wind_Speed,0.0
DEB-KER09,2026-06-15,CO2,761.0041666666666
DEB-KER09,2026-06-15,Conductivity,2.3
DEB-KER09,2026-06-15,Humidity,47.43333333333334
DEB-KER09,2026-06-15,NO,0.7
DEB-KER09,2026-06-15,NO2,10.854166666666666
DEB-KER09,2026-06-15,NOx,12.188888888888888
DEB-KER09,2026-06-15,O3,72.78750000000001
DEB-KER09,2026-06-15,PM10,6.2
DEB-KER09,2026-06-15,PM2.5,3.8041666666666667
DEB-KER09,2026-06-15,Pressure,996.2166666666667
DEB-KER09,2026-06-15,TVOC,2.5
DEB-KER09,2026-06-15,WaterLevel,1.3999999999999997
DEB-KER09,2026-06-15,WaterTemp,13.716666666666667
DEB-KER09,2026-06-15,Wind_Direction,212.28750000000002
DEB-KER09,2026-06-15,Wind_Speed,0.0
DEB-KER09,2026-06-16,CO,17.5
DEB-KER09,2026-06-16,CO2,751.1208333333334
DEB-KER09,2026-06-16,Conductivity,2.3
DEB-KER09,2026-06-16,Humidity,48.958333333333336
DEB-KER09,2026-06-16,NO,0.7
DEB-KER09,2026-06-16,NO2,12.0625
DEB-KER09,2026-06-16,NOx,17.54285714285714
DEB-KER09,2026-06-16,O3,89.625
DEB-KER09,2026-06-16,PM10,7.666666666666667
DEB-KER09,2026-06-16,PM2.5,4.533333333333333
DEB-KER09,2026-06-16,Pressure,1000.3916666666668
DEB-KER09,2026-06-16,TVOC,2.5
DEB-KER09,2026-06-16,WaterLevel,1.3999999999999997
DEB-KER09,2026-06-16,WaterTemp,13.708333333333334
DEB-KER09,2026-06-16,Wind_Direction,171.30416666666667
DEB-KER09,2026-06-16,Wind_Speed,0.0
DEB-KER09,2026-06-17,CO,270.165
DEB-KER09,2026-06-17,CO2,768.625
DEB-KER09,2026-06-17,Conductivity,2.3
DEB-KER09,2026-06-17,Humidity,54.87916666666666
DEB-KER09,2026-06-17,NO,0.7
DEB-KER09,2026-06-17,NO2,14.1875
DEB-KER09,2026-06-17,NOx,18.985714285714288
DEB-KER09,2026-06-17,O3,73.79166666666667
DEB-KER09,2026-06-17,PM10,14.145833333333334
DEB-KER09,2026-06-17,PM2.5,5.458333333333333
DEB-KER09,2026-06-17,Pressure,1000.975
DEB-KER09,2026-06-17,TVOC,2.5
DEB-KER09,2026-06-17,WaterLevel,1.3999999999999997
DEB-KER09,2026-06-17,WaterTemp,13.704166666666666
DEB-KER09,2026-06-17,Wind_Direction,161.7125
DEB-KER09,2026-06-17,Wind_Speed,0.0
DEB-KER09,2026-06-18,CO,378.5916666666667
DEB-KER09,2026-06-18,CO2,787.4499999999999
DEB-KER09,2026-06-18,Conductivity,2.3
DEB-KER09,2026-06-18,Humidity,59.51666666666667
DEB-KER09,2026-06-18,NO,1.8818181818181818
DEB-KER09,2026-06-18,NO2,11.416666666666666
DEB-KER09,2026-06-18,NOx,16.7
DEB-KER09,2026-06-18,O3,67.40833333333333
DEB-KER09,2026-06-18,PM10,14.170833333333334
DEB-KER09,2026-06-18,PM2.5,6.1000000000000005
DEB-KER09,2026-06-18,Pressure,1003.9083333333333
DEB-KER09,2026-06-18,TVOC,2.5
DEB-KER09,2026-06-18,WaterLevel,1.3999999999999997
DEB-KER09,2026-06-18,WaterTemp,13.699999999999998
DEB-KER09,2026-06-18,Wind_Direction,185.45000000000002
DEB-KER09,2026-06-18,Wind_Speed,0.0
DEB-KER09,2026-06-19,CO,435.125
DEB-KER09,2026-06-19,CO2,825.1333333333333
DEB-KER09,2026-06-19,Conductivity,2.3
DEB-KER09,2026-06-19,Humidity,63.99166666666667
DEB-KER09,2026-06-19,NO,1.58
DEB-KER09,2026-06-19,NO2,15.666666666666666
DEB-KER09,2026-06-19,NOx,15.830000000000002
DEB-KER09,2026-06-19,O3,52.74166666666667
DEB-KER09,2026-06-19,PM10,17.975
DEB-KER09,2026-06-19,PM2.5,8.216666666666667
DEB-KER09,2026-06-19,Pressure,1004.5749999999999
DEB-KER09,2026-06-19,TVOC,2.5
DEB-KER09,2026-06-19,WaterLevel,1.3999999999999997
DEB-KER09,2026-06-19,WaterTemp,13.699999999999998
DEB-KER09,2026-06-19,Wind_Direction,169.64166666666665
DEB-KER09,2026-06-19,Wind_Speed,0.0
DEB-KER10,2026-05-21,CO,39.62222222222222
DEB-KER10,2026-05-21,CO2,753.8
DEB-KER10,2026-05-21,Conductivity,3.2
DEB-KER10,2026-05-21,Humidity,47.14090909090908
DEB-KER10,2026-05-21,NO,0.7999999999999999
DEB-KER10,2026-05-21,NO2,24.113636363636363
DEB-KER10,2026-05-21,NOx,22.6875
DEB-KER10,2026-05-21,O3,109.73636363636363
DEB-KER10,2026-05-21,PM10,15.804545454545455
DEB-KER10,2026-05-21,PM2.5,7.495454545454546
DEB-KER10,2026-05-21,Pressure,1006.9909090909091
DEB-KER10,2026-05-21,TVOC,2.5
DEB-KER10,2026-05-21,WaterLevel,4.2
DEB-KER10,2026-05-21,WaterTemp,15.1
DEB-KER10,2026-05-21,Wind_Direction,275.8454545454546
DEB-KER10,2026-05-21,Wind_Speed,5.618181818181818
DEB-KER10,2026-05-22,CO,17.5
DEB-KER10,2026-05-22,CO2,752.8833333333333
DEB-KER10,2026-05-22,Conductivity,3.2
DEB-KER10,2026-05-22,Humidity,47.14166666666667
DEB-KER10,2026-05-22,NO,0.7
DEB-KER10,2026-05-22,NO2,21.958333333333332
DEB-KER10,2026-05-22,NOx,27.385714285714283
DEB-KER10,2026-05-22,O3,106.01666666666667
DEB-KER10,2026-05-22,PM10,13.604166666666666
DEB-KER10,2026-05-22,PM2.5,6.266666666666667
DEB-KER10,2026-05-22,Pressure,1010.375
DEB-KER10,2026-05-22,TVOC,2.5
DEB-KER10,2026-05-22,WaterLevel,4.2
DEB-KER10,2026-05-22,WaterTemp,15.1
DEB-KER10,2026-05-22,Wind_Direction,298.52500000000003
DEB-KER10,2026-05-22,Wind_Speed,7.7375
DEB-KER10,2026-05-23,CO,17.5
DEB-KER10,2026-05-23,CO2,751.4041666666667
DEB-KER10,2026-05-23,Conductivity,3.2000000000000006
DEB-KER10,2026-05-23,Humidity,42.49583333333333
DEB-KER10,2026-05-23,NO,0.6999999999999998
DEB-KER10,2026-05-23,NO2,19.504166666666666
DEB-KER10,2026-05-23,NOx,26.933333333333334
DEB-KER10,2026-05-23,O3,112.19166666666666
DEB-KER10,2026-05-23,PM10,12.229166666666666
DEB-KER10,2026-05-23,PM2.5,6.170833333333333
DEB-KER10,2026-05-23,Pressure,1011.3416666666667
DEB-KER10,2026-05-23,TVOC,2.5
DEB-KER10,2026-05-23,WaterLevel,4.2
DEB-KER10,2026-05-23,WaterTemp,15.1
DEB-KER10,2026-05-23,Wind_Direction,285.23333333333335
DEB-KER10,2026-05-23,Wind_Speed,6.470833333333334
DEB-KER10,2026-05-24,CO,25.080000000000002
DEB-KER10,2026-05-24,CO2,751.0541666666667
DEB-KER10,2026-05-24,Conductivity,3.2000000000000006
DEB-KER10,2026-05-24,Humidity,40.766666666666666
DEB-KER10,2026-05-24,NO,0.7
DEB-KER10,2026-05-24,NO2,16.1125
DEB-KER10,2026-05-24,NOx,24.775
DEB-KER10,2026-05-24,O3,107.20833333333333
DEB-KER10,2026-05-24,PM10,10.762500000000001
DEB-KER10,2026-05-24,PM2.5,5.608333333333333
DEB-KER10,2026-05-24,Pressure,1011.8666666666667
DEB-KER10,2026-05-24,TVOC,2.5
DEB-KER10,2026-05-24,WaterLevel,4.2
DEB-KER10,2026-05-24,WaterTemp,15.1
DEB-KER10,2026-05-24,Wind_Direction,274.09583333333336
DEB-KER10,2026-05-24,Wind_Speed,5.066666666666666
DEB-KER10,2026-05-25,CO,17.5
DEB-KER10,2026-05-25,CO2,763.7541666666666
DEB-KER10,2026-05-25,Conductivity,3.2000000000000006
DEB-KER10,2026-05-25,Humidity,43.67916666666667
DEB-KER10,2026-05-25,NO,4.371428571428572
DEB-KER10,2026-05-25,NO2,14.6625
DEB-KER10,2026-05-25,NOx,23.52857142857143
DEB-KER10,2026-05-25,O3,105.95833333333333
DEB-KER10,2026-05-25,PM10,14.570833333333333
DEB-KER10,2026-05-25,PM2.5,7.220833333333334
DEB-KER10,2026-05-25,Pressure,1012.7166666666667
DEB-KER10,2026-05-25,TVOC,4.729166666666667
DEB-KER10,2026-05-25,WaterLevel,4.1375
DEB-KER10,2026-05-25,WaterTemp,15.1
DEB-KER10,2026-05-25,Wind_Direction,273.45
DEB-KER10,2026-05-25,Wind_Speed,4.270833333333333
DEB-KER10,2026-05-26,CO,38.166666666666664
DEB-KER10,2026-05-26,CO2,752.6875
DEB-KER10,2026-05-26,Conductivity,3.2000000000000006
DEB-KER10,2026-05-26,Humidity,40.21666666666667
DEB-KER10,2026-05-26,NO,2.1384615384615384
DEB-KER10,2026-05-26,NO2,14.686363636363637
DEB-KER10,2026-05-26,NOx,22.846153846153847
DEB-KER10,2026-05-26,O3,117.39583333333333
DEB-KER10,2026-05-26,PM10,13.320833333333333
DEB-KER10,2026-05-26,PM2.5,5.4750000000000005
DEB-KER10,2026-05-26,Pressure,1011.2624999999999
DEB-KER10,2026-05-26,TVOC,5.966666666666666
DEB-KER10,2026-05-26,WaterLevel,4.1
DEB-KER10,2026-05-26,WaterTemp,15.1
DEB-KER10,2026-05-26,Wind_Direction,266.47083333333336
DEB-KER10,2026-05-26,Wind_Speed,5.0375
DEB-KER10,2026-05-27,CO,81.9090909090909
DEB-KER10,2026-05-27,CO2,759.5124999999999
DEB-KER10,2026-05-27,Conductivity,3.2000000000000006
DEB-KER10,2026-05-27,Humidity,40.208333333333336
DEB-KER10,2026-05-27,NO,8.046153846153846
DEB-KER10,2026-05-27,NO2,17.763157894736842
DEB-KER10,2026-05-27,NOx,29.107692307692307
DEB-KER10,2026-05-27,O3,118.27499999999999
DEB-KER10,2026-05-27,PM10,36.57083333333333
DEB-KER10,2026-05-27,PM2.5,8.233333333333333
DEB-KER10,2026-05-27,Pressure,1004.2833333333333
DEB-KER10,2026-05-27,TVOC,3.9458333333333333
DEB-KER10,2026-05-27,WaterLevel,4.1
DEB-KER10,2026-05-27,WaterTemp,15.1
DEB-KER10,2026-05-27,Wind_Direction,235.1916666666667
DEB-KER10,2026-05-27,Wind_Speed,4.291666666666667
DEB-KER10,2026-05-28,CO,17.5
DEB-KER10,2026-05-28,CO2,750.1125000000001
DEB-KER10,2026-05-28,Conductivity,3.2000000000000006
DEB-KER10,2026-05-28,Humidity,35.824999999999996
DEB-KER10,2026-05-28,NO,4.476923076923077
DEB-KER10,2026-05-28,NO2,23.741666666666664
DEB-KER10,2026-05-28,NOx,33.53076923076923
DEB-KER10,2026-05-28,O3,108.86666666666667
DEB-KER10,2026-05-28,PM10,12.666666666666666
DEB-KER10,2026-05-28,PM2.5,5.058333333333334
DEB-KER10,2026-05-28,Pressure,1005.4416666666666
DEB-KER10,2026-05-28,TVOC,2.5
DEB-KER10,2026-05-28,WaterLevel,4.1
DEB-KER10,2026-05-28,WaterTemp,15.1
DEB-KER10,2026-05-28,Wind_Direction,281.9375
DEB-KER10,2026-05-28,Wind_Speed,6.229166666666667
DEB-KER10,2026-05-29,CO,46.58461538461539
DEB-KER10,2026-05-29,CO2,760.6999999999999
DEB-KER10,2026-05-29,Conductivity,3.2000000000000006
DEB-KER10,2026-05-29,Humidity,36.1625
DEB-KER10,2026-05-29,NO,2.35
DEB-KER10,2026-05-29,NO2,21.669565217391302
DEB-KER10,2026-05-29,NOx,26.092857142857145
DEB-KER10,2026-05-29,O3,101.36666666666667
DEB-KER10,2026-05-29,PM10,10.466666666666667
DEB-KER10,2026-05-29,PM2.5,4.6875
DEB-KER10,2026-05-29,Pressure,1009.5875
DEB-KER10,2026-05-29,TVOC,2.5
DEB-KER10,2026-05-29,WaterLevel,4.1
DEB-KER10,2026-05-29,WaterTemp,15.1
DEB-KER10,2026-05-29,Wind_Direction,238.04583333333335
DEB-KER10,2026-05-29,Wind_Speed,3.5500000000000003
DEB-KER10,2026-05-30,CO,48.60666666666667
DEB-KER10,2026-05-30,CO2,766.8333333333334
DEB-KER10,2026-05-30,Conductivity,3.2000000000000006
DEB-KER10,2026-05-30,Humidity,42.108333333333334
DEB-KER10,2026-05-30,NO,2.7473684210526317
DEB-KER10,2026-05-30,NO2,17.208333333333332
DEB-KER10,2026-05-30,NOx,21.721052631578946
DEB-KER10,2026-05-30,O3,96.72500000000001
DEB-KER10,2026-05-30,PM10,15.083333333333334
DEB-KER10,2026-05-30,PM2.5,5.791666666666667
DEB-KER10,2026-05-30,Pressure,1002.9916666666667
DEB-KER10,2026-05-30,TVOC,2.5
DEB-KER10,2026-05-30,WaterLevel,4.1
DEB-KER10,2026-05-30,WaterTemp,15.1
DEB-KER10,2026-05-30,Wind_Direction,216.70833333333334
DEB-KER10,2026-05-30,Wind_Speed,3.025
DEB-KER10,2026-05-31,CO,49.93
DEB-KER10,2026-05-31,CO2,768.0625
DEB-KER10,2026-05-31,Conductivity,3.2000000000000006
DEB-KER10,2026-05-31,Humidity,57.87083333333334
DEB-KER10,2026-05-31,NO,9.365217391304347
DEB-KER10,2026-05-31,NO2,20.704166666666666
DEB-KER10,2026-05-31,NOx,30.721739130434784
DEB-KER10,2026-05-31,O3,87.73333333333333
DEB-KER10,2026-05-31,PM10,16.233333333333334
DEB-KER10,2026-05-31,PM2.5,7.416666666666667
DEB-KER10,2026-05-31,Pressure,999.6458333333334
DEB-KER10,2026-05-31,TVOC,2.5
DEB-KER10,2026-05-31,WaterLevel,4.1
DEB-KER10,2026-05-31,WaterTemp,15.1
DEB-KER10,2026-05-31,Wind_Direction,182.6625
DEB-KER10,2026-05-31,Wind_Speed,3.275
DEB-KER10,2026-06-01,CO,22.27777777777778
DEB-KER10,2026-06-01,CO2,775.9458333333333
DEB-KER10,2026-06-01,Conductivity,3.2000000000000006
DEB-KER10,2026-06-01,Humidity,61.48333333333333
DEB-KER10,2026-06-01,NO,5.575
DEB-KER10,2026-06-01,NO2,16.545833333333334
DEB-KER10,2026-06-01,NOx,22.208333333333332
DEB-KER10,2026-06-01,O3,84.5125
DEB-KER10,2026-06-01,PM10,18.1375
DEB-KER10,2026-06-01,PM2.5,8.320833333333333
DEB-KER10,2026-06-01,Pressure,998.4583333333334
DEB-KER10,2026-06-01,TVOC,2.5
DEB-KER10,2026-06-01,WaterLevel,4.1
DEB-KER10,2026-06-01,WaterTemp,15.1
DEB-KER10,2026-06-01,Wind_Direction,156.63750000000002
DEB-KER10,2026-06-01,Wind_Speed,3.3958333333333335
DEB-KER10,2026-06-02,CO,21.54
DEB-KER10,2026-06-02,CO2,759.4791666666666
DEB-KER10,2026-06-02,Conductivity,3.2000000000000006
DEB-KER10,2026-06-02,Humidity,65.39166666666667
DEB-KER10,2026-06-02,NO,8.866666666666667
DEB-KER10,2026-06-02,NO2,23.383333333333336
DEB-KER10,2026-06-02,NOx,35.855555555555554
DEB-KER10,2026-06-02,O3,81.02083333333333
DEB-KER10,2026-06-02,PM10,11.591666666666667
DEB-KER10,2026-06-02,PM2.5,6.779166666666666
DEB-KER10,2026-06-02,Pressure,999.5500000000001
DEB-KER10,2026-06-02,TVOC,2.5
DEB-KER10,2026-06-02,WaterLevel,4.1
DEB-KER10,2026-06-02,WaterTemp,15.095833333333333
DEB-KER10,2026-06-02,Wind_Direction,240.3708333333333
DEB-KER10,2026-06-02,Wind_Speed,3.283333333333333
DEB-KER10,2026-06-03,CO,17.5
DEB-KER10,2026-06-03,CO2,754.2624999999999
DEB-KER10,2026-06-03,Conductivity,3.2000000000000006
DEB-KER10,2026-06-03,Humidity,56.45416666666667
DEB-KER10,2026-06-03,NO,4.529411764705882
DEB-KER10,2026-06-03,NO2,22.88695652173913
DEB-KER10,2026-06-03,NOx,30.34705882352941
DEB-KER10,2026-06-03,O3,99.99166666666667
DEB-KER10,2026-06-03,PM10,13.704166666666666
DEB-KER10,2026-06-03,PM2.5,6.8999999999999995
DEB-KER10,2026-06-03,Pressure,996.5458333333332
DEB-KER10,2026-06-03,TVOC,2.5
DEB-KER10,2026-06-03,WaterLevel,4.1
DEB-KER10,2026-06-03,WaterTemp,15.075000000000001
DEB-KER10,2026-06-03,Wind_Direction,125.52916666666665
DEB-KER10,2026-06-03,Wind_Speed,4.5
DEB-KER10,2026-06-04,CO,17.5
DEB-KER10,2026-06-04,CO2,766.6541666666667
DEB-KER10,2026-06-04,Conductivity,3.2000000000000006
DEB-KER10,2026-06-04,Humidity,61.00416666666666
DEB-KER10,2026-06-04,NO,5.05
DEB-KER10,2026-06-04,NO2,18.320833333333333
DEB-KER10,2026-06-04,NOx,26.060000000000002
DEB-KER10,2026-06-04,O3,66.58333333333333
DEB-KER10,2026-06-04,PM10,13.6875
DEB-KER10,2026-06-04,PM2.5,7.7749999999999995
DEB-KER10,2026-06-04,Pressure,996.6458333333334
DEB-KER10,2026-06-04,TVOC,2.5
DEB-KER10,2026-06-04,WaterLevel,4.0249999999999995
DEB-KER10,2026-06-04,WaterTemp,15.045833333333334
DEB-KER10,2026-06-04,Wind_Direction,159.17916666666667
DEB-KER10,2026-06-04,Wind_Speed,3.3708333333333336
DEB-KER10,2026-06-05,CO,17.5
DEB-KER10,2026-06-05,CO2,760.5541666666667
DEB-KER10,2026-06-05,Conductivity,3.2000000000000006
DEB-KER10,2026-06-05,Humidity,60.79583333333333
DEB-KER10,2026-06-05,NO,3.6
DEB-KER10,2026-06-05,NO2,20.704166666666666
DEB-KER10,2026-06-05,NOx,27.80625
DEB-KER10,2026-06-05,O3,44.237500000000004
DEB-KER10,2026-06-05,PM10,13.908333333333333
DEB-KER10,2026-06-05,PM2.5,6.916666666666667
DEB-KER10,2026-06-05,Pressure,1000.3166666666666
DEB-KER10,2026-06-05,TVOC,2.5
DEB-KER10,2026-06-05,WaterLevel,4.0
DEB-KER10,2026-06-05,WaterTemp,15.054166666666667
DEB-KER10,2026-06-05,Wind_Direction,137.6
DEB-KER10,2026-06-05,Wind_Speed,4.220833333333333
DEB-KER10,2026-06-06,CO,17.5
DEB-KER10,2026-06-06,CO2,768.1374999999999
DEB-KER10,2026-06-06,Conductivity,3.2000000000000006
DEB-KER10,2026-06-06,Humidity,64.11666666666666
DEB-KER10,2026-06-06,NO,1.9684210526315788
DEB-KER10,2026-06-06,NO2,18.333333333333332
DEB-KER10,2026-06-06,NOx,22.342105263157894
DEB-KER10,2026-06-06,O3,40.324999999999996
DEB-KER10,2026-06-06,PM10,8.695833333333333
DEB-KER10,2026-06-06,PM2.5,5.3125
DEB-KER10,2026-06-06,Pressure,1004.3541666666666
DEB-KER10,2026-06-06,TVOC,2.5
DEB-KER10,2026-06-06,WaterLevel,4.0
DEB-KER10,2026-06-06,WaterTemp,15.054166666666667
DEB-KER10,2026-06-06,Wind_Direction,178.77916666666667
DEB-KER10,2026-06-06,Wind_Speed,2.9791666666666665
DEB-KER10,2026-06-07,CO,21.844444444444445
DEB-KER10,2026-06-07,CO2,759.6
DEB-KER10,2026-06-07,Conductivity,3.2
DEB-KER10,2026-06-07,Humidity,55.38333333333333
DEB-KER10,2026-06-07,NO,1.2714285714285716
DEB-KER10,2026-06-07,NO2,21.641666666666666
DEB-KER10,2026-06-07,NOx,27.114285714285717
DEB-KER10,2026-06-07,O3,46.05416666666667
DEB-KER10,2026-06-07,PM10,9.3875
DEB-KER10,2026-06-07,PM2.5,5.8999999999999995
DEB-KER10,2026-06-07,Pressure,1006.3541666666666
DEB-KER10,2026-06-07,TVOC,2.5
DEB-KER10,2026-06-07,WaterLevel,4.0
DEB-KER10,2026-06-07,WaterTemp,15.052173913043477
DEB-KER10,2026-06-07,Wind_Direction,184.76250000000002
DEB-KER10,2026-06-07,Wind_Speed,3.154166666666667
DEB-KER10,2026-06-08,CO,36.02727272727273
DEB-KER10,2026-06-08,CO2,773.4458333333333
DEB-KER10,2026-06-08,Conductivity,3.2000000000000006
DEB-KER10,2026-06-08,Humidity,50.60833333333333
DEB-KER10,2026-06-08,NO,2.5
DEB-KER10,2026-06-08,NO2,20.645833333333332
DEB-KER10,2026-06-08,NOx,28.299999999999997
DEB-KER10,2026-06-08,O3,59.854166666666664
DEB-KER10,2026-06-08,PM10,10.875
DEB-KER10,2026-06-08,PM2.5,5.620833333333334
DEB-KER10,2026-06-08,Pressure,1006.5375
DEB-KER10,2026-06-08,TVOC,2.5
DEB-KER10,2026-06-08,WaterLevel,4.0
DEB-KER10,2026-06-08,WaterTemp,15.058333333333332
DEB-KER10,2026-06-08,Wind_Direction,211.52083333333334
DEB-KER10,2026-06-08,Wind_Speed,3.4625
DEB-KER10,2026-06-09,CO,33.371428571428574
DEB-KER10,2026-06-09,CO2,747.4565217391304
DEB-KER10,2026-06-09,Conductivity,3.2000000000000006
DEB-KER10,2026-06-09,Humidity,43.0
DEB-KER10,2026-06-09,NO,1.0833333333333333
DEB-KER10,2026-06-09,NO2,16.956521739130434
DEB-KER10,2026-06-09,NOx,25.724999999999998
DEB-KER10,2026-06-09,O3,97.3695652173913
DEB-KER10,2026-06-09,PM10,15.200000000000001
DEB-KER10,2026-06-09,PM2.5,5.770833333333333
DEB-KER10,2026-06-09,Pressure,1002.3217391304348
DEB-KER10,2026-06-09,TVOC,3.152173913043478
DEB-KER10,2026-06-09,WaterLevel,4.0
DEB-KER10,2026-06-09,WaterTemp,15.033333333333333
DEB-KER10,2026-06-09,Wind_Direction,125.84347826086957
DEB-KER10,2026-06-09,Wind_Speed,3.143478260869565
DEB-KER10,2026-06-10,CO,28.33125
DEB-KER10,2026-06-10,CO2,741.8333333333334
DEB-KER10,2026-06-10,Conductivity,3.2000000000000006
DEB-KER10,2026-06-10,Humidity,48.04583333333333
DEB-KER10,2026-06-10,NO,6.800000000000001
DEB-KER10,2026-06-10,NO2,17.55
DEB-KER10,2026-06-10,NOx,29.5
DEB-KER10,2026-06-10,O3,84.22083333333333
DEB-KER10,2026-06-10,PM10,20.320833333333333
DEB-KER10,2026-06-10,PM2.5,8.1625
DEB-KER10,2026-06-10,Pressure,1000.1125000000001
DEB-KER10,2026-06-10,TVOC,3.7416666666666667
DEB-KER10,2026-06-10,WaterLevel,4.0
DEB-KER10,2026-06-10,WaterTemp,15.033333333333333
DEB-KER10,2026-06-10,Wind_Direction,148.27916666666667
DEB-KER10,2026-06-10,Wind_Speed,4.125
DEB-KER10,2026-06-11,CO,25.5
DEB-KER10,2026-06-11,CO2,754.0458333333332
DEB-KER10,2026-06-11,Conductivity,3.2000000000000006
DEB-KER10,2026-06-11,Humidity,60.729166666666664
DEB-KER10,2026-06-11,NO,5.718181818181818
DEB-KER10,2026-06-11,NO2,20.116666666666667
DEB-KER10,2026-06-11,NOx,27.15
DEB-KER10,2026-06-11,O3,72.03750000000001
DEB-KER10,2026-06-11,PM10,9.720833333333333
DEB-KER10,2026-06-11,PM2.5,5.479166666666667
DEB-KER10,2026-06-11,Pressure,1001.1875
DEB-KER10,2026-06-11,TVOC,2.5
DEB-KER10,2026-06-11,WaterLevel,3.983333333333333
DEB-KER10,2026-06-11,WaterTemp,15.025
DEB-KER10,2026-06-11,Wind_Direction,194.6916666666667
DEB-KER10,2026-06-11,Wind_Speed,4.854166666666667
DEB-KER10,2026-06-12,CO,29.15
DEB-KER10,2026-06-12,CO2,749.0166666666668
DEB-KER10,2026-06-12,Conductivity,3.2000000000000006
DEB-KER10,2026-06-12,Humidity,58.25416666666666
DEB-KER10,2026-06-12,NO,2.92
DEB-KER10,2026-06-12,NO2,22.430434782608696
DEB-KER10,2026-06-12,NOx,28.6
DEB-KER10,2026-06-12,O3,69.31666666666666
DEB-KER10,2026-06-12,PM10,7.595833333333334
DEB-KER10,2026-06-12,PM2.5,5.291666666666667
DEB-KER10,2026-06-12,Pressure,1006.7624999999999
DEB-KER10,2026-06-12,TVOC,2.5
DEB-KER10,2026-06-12,WaterLevel,3.9
DEB-KER10,2026-06-12,WaterTemp,15.058333333333332
DEB-KER10,2026-06-12,Wind_Direction,252.3791666666667
DEB-KER10,2026-06-12,Wind_Speed,4.254166666666666
DEB-KER10,2026-06-13,CO,17.5
DEB-KER10,2026-06-13,CO2,767.8291666666668
DEB-KER10,2026-06-13,Conductivity,3.2
DEB-KER10,2026-06-13,Humidity,58.19166666666666
DEB-KER10,2026-06-13,NO,1.4052631578947368
DEB-KER10,2026-06-13,NO2,18.383333333333333
DEB-KER10,2026-06-13,NOx,21.178947368421053
DEB-KER10,2026-06-13,O3,60.0875
DEB-KER10,2026-06-13,PM10,7.8
DEB-KER10,2026-06-13,PM2.5,5.191666666666666
DEB-KER10,2026-06-13,Pressure,1004.6374999999999
DEB-KER10,2026-06-13,TVOC,2.5
DEB-KER10,2026-06-13,WaterLevel,3.9
DEB-KER10,2026-06-13,WaterTemp,15.052173913043477
DEB-KER10,2026-06-13,Wind_Direction,155.75833333333333
DEB-KER10,2026-06-13,Wind_Speed,3.3000000000000003
DEB-KER10,2026-06-14,CO2,755.4291666666667
DEB-KER10,2026-06-14,Conductivity,3.2000000000000006
DEB-KER10,2026-06-14,Humidity,57.770833333333336
DEB-KER10,2026-06-14,NO,2.05
DEB-KER10,2026-06-14,NO2,21.154166666666665
DEB-KER10,2026-06-14,NOx,25.50625
DEB-KER10,2026-06-14,O3,66.67083333333333
DEB-KER10,2026-06-14,PM10,13.370833333333332
DEB-KER10,2026-06-14,PM2.5,5.716666666666666
DEB-KER10,2026-06-14,Pressure,998.9083333333333
DEB-KER10,2026-06-14,TVOC,2.5
DEB-KER10,2026-06-14,WaterLevel,3.9
DEB-KER10,2026-06-14,WaterTemp,15.004166666666668
DEB-KER10,2026-06-14,Wind_Direction,176.1833333333333
DEB-KER10,2026-06-14,Wind_Speed,4.716666666666667
DEB-KER10,2026-06-15,CO,17.5
DEB-KER10,2026-06-15,CO2,752.4291666666667
DEB-KER10,2026-06-15,Conductivity,3.2000000000000006
DEB-KER10,2026-06-15,Humidity,45.229166666666664
DEB-KER10,2026-06-15,NO,0.9833333333333333
DEB-KER10,2026-06-15,NO2,21.216666666666665
DEB-KER10,2026-06-15,NOx,20.741666666666667
DEB-KER10,2026-06-15,O3,71.00416666666666
DEB-KER10,2026-06-15,PM10,11.625
DEB-KER10,2026-06-15,PM2.5,5.0625
DEB-KER10,2026-06-15,Pressure,1000.1208333333334
DEB-KER10,2026-06-15,TVOC,2.5
DEB-KER10,2026-06-15,WaterLevel,3.9
DEB-KER10,2026-06-15,WaterTemp,15.0
DEB-KER10,2026-06-15,Wind_Direction,215.19583333333333
DEB-KER10,2026-06-15,Wind_Speed,4.716666666666667
DEB-KER10,2026-06-16,CO,284.94444444444446
DEB-KER10,2026-06-16,CO2,740.8208333333333
DEB-KER10,2026-06-16,Conductivity,3.2000000000000006
DEB-KER10,2026-06-16,Humidity,46.229166666666664
DEB-KER10,2026-06-16,NO,1.3846153846153846
DEB-KER10,2026-06-16,NO2,20.366666666666667
DEB-KER10,2026-06-16,NOx,25.653846153846153
DEB-KER10,2026-06-16,O3,82.01666666666667
DEB-KER10,2026-06-16,PM10,13.954166666666666
DEB-KER10,2026-06-16,PM2.5,5.55
DEB-KER10,2026-06-16,Pressure,1004.2541666666666
DEB-KER10,2026-06-16,TVOC,2.5
DEB-KER10,2026-06-16,WaterLevel,3.9
DEB-KER10,2026-06-16,WaterTemp,15.045833333333334
DEB-KER10,2026-06-16,Wind_Direction,183.32083333333333
DEB-KER10,2026-06-16,Wind_Speed,4.358333333333333
DEB-KER10,2026-06-17,CO,398.1166666666666
DEB-KER10,2026-06-17,CO2,759.9250000000001
DEB-KER10,2026-06-17,Conductivity,3.2000000000000006
DEB-KER10,2026-06-17,Humidity,50.9
DEB-KER10,2026-06-17,NO,7.642857142857143
DEB-KER10,2026-06-17,NO2,17.7
DEB-KER10,2026-06-17,NOx,35.8
DEB-KER10,2026-06-17,O3,69.54583333333333
DEB-KER10,2026-06-17,PM10,22.333333333333332
DEB-KER10,2026-06-17,PM2.5,7.004166666666666
DEB-KER10,2026-06-17,Pressure,1004.7458333333334
DEB-KER10,2026-06-17,TVOC,2.5
DEB-KER10,2026-06-17,WaterLevel,3.9
DEB-KER10,2026-06-17,WaterTemp,15.058333333333332
DEB-KER10,2026-06-17,Wind_Direction,157.35
DEB-KER10,2026-06-17,Wind_Speed,3.879166666666667
DEB-KER10,2026-06-18,CO,385.6166666666666
DEB-KER10,2026-06-18,CO2,765.65
DEB-KER10,2026-06-18,Conductivity,3.2000000000000006
DEB-KER10,2026-06-18,Humidity,54.275
DEB-KER10,2026-06-18,NO,15.6
DEB-KER10,2026-06-18,NO2,19.849999999999998
DEB-KER10,2026-06-18,NOx,41.41428571428571
DEB-KER10,2026-06-18,O3,59.70416666666667
DEB-KER10,2026-06-18,PM10,19.779166666666665
DEB-KER10,2026-06-18,PM2.5,7.633333333333333
DEB-KER10,2026-06-18,Pressure,1007.6125000000001
DEB-KER10,2026-06-18,TVOC,2.5
DEB-KER10,2026-06-18,WaterLevel,3.9
DEB-KER10,2026-06-18,WaterTemp,15.0625
DEB-KER10,2026-06-18,Wind_Direction,232.7875
DEB-KER10,2026-06-18,Wind_Speed,2.670833333333333
DEB-KER10,2026-06-19,CO,463.68333333333334
DEB-KER10,2026-06-19,CO2,815.2166666666667
DEB-KER10,2026-06-19,Conductivity,3.2000000000000006
DEB-KER10,2026-06-19,Humidity,57.724999999999994
DEB-KER10,2026-06-19,NO,20.144444444444446
DEB-KER10,2026-06-19,NO2,21.208333333333332
DEB-KER10,2026-06-19,NOx,44.644444444444446
DEB-KER10,2026-06-19,O3,42.375
DEB-KER10,2026-06-19,PM10,24.09166666666667
DEB-KER10,2026-06-19,PM2.5,9.341666666666667
DEB-KER10,2026-06-19,Pressure,1008.275
DEB-KER10,2026-06-19,TVOC,2.5
DEB-KER10,2026-06-19,WaterLevel,3.9
DEB-KER10,2026-06-19,WaterTemp,15.083333333333334
DEB-KER10,2026-06-19,Wind_Direction,248.90833333333333
DEB-KER10,2026-06-19,Wind_Speed,1.866666666666667
DEB-KER11,2026-05-21,CO,373.1818181818182
DEB-KER11,2026-05-21,CO2,740.6136363636364
DEB-KER11,2026-05-21,Conductivity,1.8
DEB-KER11,2026-05-21,Humidity,45.33181818181818
DEB-KER11,2026-05-21,NO2,13.418181818181818
DEB-KER11,2026-05-21,O3,167.0909090909091
DEB-KER11,2026-05-21,PM10,22.931818181818183
DEB-KER11,2026-05-21,PM2.5,9.154545454545454
DEB-KER11,2026-05-21,Pressure,1006.6954545454545
DEB-KER11,2026-05-21,TVOC,2.5
DEB-KER11,2026-05-21,WaterLevel,3.4
DEB-KER11,2026-05-21,WaterTemp,15.6
DEB-KER11,2026-05-21,Wind_Direction,146.39545454545453
DEB-KER11,2026-05-21,Wind_Speed,5.9772727272727275
DEB-KER11,2026-05-22,CO,356.875
DEB-KER11,2026-05-22,CO2,740.1083333333332
DEB-KER11,2026-05-22,Conductivity,1.8
DEB-KER11,2026-05-22,Humidity,46.145833333333336
DEB-KER11,2026-05-22,NO2,10.983333333333334
DEB-KER11,2026-05-22,O3,163.31666666666666
DEB-KER11,2026-05-22,PM10,19.3125
DEB-KER11,2026-05-22,PM2.5,7.1875
DEB-KER11,2026-05-22,Pressure,1010.125
DEB-KER11,2026-05-22,TVOC,2.5
DEB-KER11,2026-05-22,WaterLevel,3.4
DEB-KER11,2026-05-22,WaterTemp,15.595833333333333
DEB-KER11,2026-05-22,Wind_Direction,115.00833333333333
DEB-KER11,2026-05-22,Wind_Speed,6.925
DEB-KER11,2026-05-23,CO,352.2416666666666
DEB-KER11,2026-05-23,CO2,737.6958333333333
DEB-KER11,2026-05-23,Conductivity,1.8
DEB-KER11,2026-05-23,Humidity,41.729166666666664
DEB-KER11,2026-05-23,NO2,9.541666666666666
DEB-KER11,2026-05-23,O3,170.8791666666667
DEB-KER11,2026-05-23,PM10,16.041666666666668
DEB-KER11,2026-05-23,PM2.5,6.566666666666666
DEB-KER11,2026-05-23,Pressure,1011.2416666666667
DEB-KER11,2026-05-23,TVOC,2.5
DEB-KER11,2026-05-23,WaterLevel,3.4
DEB-KER11,2026-05-23,WaterTemp,15.6
DEB-KER11,2026-05-23,Wind_Direction,95.82083333333333
DEB-KER11,2026-05-23,Wind_Speed,6.154166666666666
DEB-KER11,2026-05-24,CO,351.4666666666667
DEB-KER11,2026-05-24,CO2,735.1083333333332
DEB-KER11,2026-05-24,Conductivity,1.8
DEB-KER11,2026-05-24,Humidity,40.354166666666664
DEB-KER11,2026-05-24,NO2,7.666666666666667
DEB-KER11,2026-05-24,O3,164.29583333333332
DEB-KER11,2026-05-24,PM10,12.345833333333333
DEB-KER11,2026-05-24,PM2.5,5.4750000000000005
DEB-KER11,2026-05-24,Pressure,1011.6999999999999
DEB-KER11,2026-05-24,TVOC,2.5
DEB-KER11,2026-05-24,WaterLevel,3.4
DEB-KER11,2026-05-24,WaterTemp,15.595833333333333
DEB-KER11,2026-05-24,Wind_Direction,102.85833333333333
DEB-KER11,2026-05-24,Wind_Speed,6.416666666666667
DEB-KER11,2026-05-25,CO,362.8625
DEB-KER11,2026-05-25,CO2,740.4833333333332
DEB-KER11,2026-05-25,Conductivity,1.8
DEB-KER11,2026-05-25,Humidity,42.25
DEB-KER11,2026-05-25,NO2,5.816666666666666
DEB-KER11,2026-05-25,O3,169.0
DEB-KER11,2026-05-25,PM10,20.633333333333333
DEB-KER11,2026-05-25,PM2.5,8.737499999999999
DEB-KER11,2026-05-25,Pressure,1012.25
DEB-KER11,2026-05-25,TVOC,2.5
DEB-KER11,2026-05-25,WaterLevel,3.4
DEB-KER11,2026-05-25,WaterTemp,15.6
DEB-KER11,2026-05-25,Wind_Direction,130.01666666666668
DEB-KER11,2026-05-25,Wind_Speed,4.770833333333333
DEB-KER11,2026-05-26,CO,356.39166666666665
DEB-KER11,2026-05-26,CO2,734.1
DEB-KER11,2026-05-26,Conductivity,1.8
DEB-KER11,2026-05-26,Humidity,39.57083333333333
DEB-KER11,2026-05-26,NO2,10.116666666666667
DEB-KER11,2026-05-26,O3,178.32083333333333
DEB-KER11,2026-05-26,PM10,17.587500000000002
DEB-KER11,2026-05-26,PM2.5,5.229166666666667
DEB-KER11,2026-05-26,Pressure,1010.8874999999999
DEB-KER11,2026-05-26,TVOC,2.5
DEB-KER11,2026-05-26,WaterLevel,3.4
DEB-KER11,2026-05-26,WaterTemp,15.6
DEB-KER11,2026-05-26,Wind_Direction,138.6625
DEB-KER11,2026-05-26,Wind_Speed,6.175
DEB-KER11,2026-05-27,CO,373.54583333333335
DEB-KER11,2026-05-27,CO2,744.0500000000001
DEB-KER11,2026-05-27,Conductivity,1.8
DEB-KER11,2026-05-27,Humidity,40.145833333333336
DEB-KER11,2026-05-27,NO,1.0333333333333332
DEB-KER11,2026-05-27,NO2,16.922222222222224
DEB-KER11,2026-05-27,NOx,32.800000000000004
DEB-KER11,2026-05-27,O3,181.50833333333333
DEB-KER11,2026-05-27,PM10,55.333333333333336
DEB-KER11,2026-05-27,PM2.5,9.466666666666667
DEB-KER11,2026-05-27,Pressure,1003.8833333333333
DEB-KER11,2026-05-27,TVOC,2.5
DEB-KER11,2026-05-27,WaterLevel,3.4
DEB-KER11,2026-05-27,WaterTemp,15.6
DEB-KER11,2026-05-27,Wind_Direction,167.19583333333333
DEB-KER11,2026-05-27,Wind_Speed,6.920833333333333
DEB-KER11,2026-05-28,CO,337.1333333333333
DEB-KER11,2026-05-28,CO2,732.1833333333334
DEB-KER11,2026-05-28,Conductivity,1.8
DEB-KER11,2026-05-28,Humidity,35.420833333333334
DEB-KER11,2026-05-28,NO,0.7
DEB-KER11,2026-05-28,NO2,8.345833333333333
DEB-KER11,2026-05-28,NOx,10.822222222222223
DEB-KER11,2026-05-28,O3,154.0875
DEB-KER11,2026-05-28,PM10,18.995833333333334
DEB-KER11,2026-05-28,PM2.5,4.191666666666666
DEB-KER11,2026-05-28,Pressure,1005.1125000000001
DEB-KER11,2026-05-28,WaterLevel,3.4
DEB-KER11,2026-05-28,WaterTemp,15.595833333333333
DEB-KER11,2026-05-28,Wind_Direction,107.42083333333333
DEB-KER11,2026-05-28,Wind_Speed,7.0375000000000005
DEB-KER11,2026-05-29,CO,363.0541666666666
DEB-KER11,2026-05-29,CO2,736.7208333333333
DEB-KER11,2026-05-29,Conductivity,1.8
DEB-KER11,2026-05-29,Humidity,34.354166666666664
DEB-KER11,2026-05-29,NO,0.7
DEB-KER11,2026-05-29,NO2,12.4625
DEB-KER11,2026-05-29,NOx,15.87142857142857
DEB-KER11,2026-05-29,O3,141.79583333333332
DEB-KER11,2026-05-29,PM10,21.691666666666666
DEB-KER11,2026-05-29,PM2.5,4.754166666666666
DEB-KER11,2026-05-29,Pressure,1009.1875
DEB-KER11,2026-05-29,TVOC,2.5
DEB-KER11,2026-05-29,WaterLevel,3.4
DEB-KER11,2026-05-29,WaterTemp,15.6
DEB-KER11,2026-05-29,Wind_Direction,192.96666666666667
DEB-KER11,2026-05-29,Wind_Speed,4.395833333333333
DEB-KER11,2026-05-30,CO,379.5625
DEB-KER11,2026-05-30,CO2,751.0791666666668
DEB-KER11,2026-05-30,Conductivity,1.8
DEB-KER11,2026-05-30,Humidity,41.80416666666667
DEB-KER11,2026-05-30,NO,2.8
DEB-KER11,2026-05-30,NO2,13.608333333333334
DEB-KER11,2026-05-30,NOx,18.900000000000002
DEB-KER11,2026-05-30,O3,139.55833333333334
DEB-KER11,2026-05-30,PM10,24.525000000000002
DEB-KER11,2026-05-30,PM2.5,6.1375
DEB-KER11,2026-05-30,Pressure,1002.875
DEB-KER11,2026-05-30,WaterLevel,3.4
DEB-KER11,2026-05-30,WaterTemp,15.595833333333333
DEB-KER11,2026-05-30,Wind_Direction,183.42499999999998
DEB-KER11,2026-05-30,Wind_Speed,3.9416666666666664
DEB-KER11,2026-05-31,CO,353.97499999999997
DEB-KER11,2026-05-31,CO2,752.2333333333332
DEB-KER11,2026-05-31,Conductivity,1.8
DEB-KER11,2026-05-31,Humidity,56.03333333333333
DEB-KER11,2026-05-31,NO,6.484615384615385
DEB-KER11,2026-05-31,NO2,13.441666666666668
DEB-KER11,2026-05-31,NOx,23.807692307692307
DEB-KER11,2026-05-31,O3,136.36666666666667
DEB-KER11,2026-05-31,PM10,23.587500000000002
DEB-KER11,2026-05-31,PM2.5,8.758333333333333
DEB-KER11,2026-05-31,Pressure,999.3666666666667
DEB-KER11,2026-05-31,WaterLevel,3.4
DEB-KER11,2026-05-31,WaterTemp,15.6
DEB-KER11,2026-05-31,Wind_Direction,164.17916666666667
DEB-KER11,2026-05-31,Wind_Speed,3.6374999999999997
DEB-KER11,2026-06-01,CO,377.69166666666666
DEB-KER11,2026-06-01,CO2,770.3083333333334
DEB-KER11,2026-06-01,Conductivity,1.8
DEB-KER11,2026-06-01,Humidity,61.80833333333334
DEB-KER11,2026-06-01,NO,0.9500000000000001
DEB-KER11,2026-06-01,NO2,17.900000000000002
DEB-KER11,2026-06-01,NOx,22.321428571428573
DEB-KER11,2026-06-01,O3,122.8125
DEB-KER11,2026-06-01,PM10,29.666666666666668
DEB-KER11,2026-06-01,PM2.5,11.666666666666666
DEB-KER11,2026-06-01,Pressure,998.3625000000001
DEB-KER11,2026-06-01,WaterLevel,3.4
DEB-KER11,2026-06-01,WaterTemp,15.6
DEB-KER11,2026-06-01,Wind_Direction,151.47083333333333
DEB-KER11,2026-06-01,Wind_Speed,3.7916666666666665
DEB-KER11,2026-06-02,CO,352.6791666666666
DEB-KER11,2026-06-02,CO2,759.1416666666668
DEB-KER11,2026-06-02,Conductivity,1.8
DEB-KER11,2026-06-02,Humidity,65.72083333333333
DEB-KER11,2026-06-02,NO,4.433333333333333
DEB-KER11,2026-06-02,NO2,12.795833333333334
DEB-KER11,2026-06-02,NOx,18.658333333333335
DEB-KER11,2026-06-02,O3,122.32916666666667
DEB-KER11,2026-06-02,PM10,254.32916666666668
DEB-KER11,2026-06-02,PM2.5,22.933333333333334
DEB-KER11,2026-06-02,Pressure,999.2333333333332
DEB-KER11,2026-06-02,WaterLevel,3.4
DEB-KER11,2026-06-02,WaterTemp,15.6
DEB-KER11,2026-06-02,Wind_Direction,179.59166666666667
DEB-KER11,2026-06-02,Wind_Speed,4.066666666666666
DEB-KER11,2026-06-03,CO,352.9041666666667
DEB-KER11,2026-06-03,CO2,747.2708333333334
DEB-KER11,2026-06-03,Conductivity,1.8
DEB-KER11,2026-06-03,Humidity,55.6
DEB-KER11,2026-06-03,NO,0.6999999999999998
DEB-KER11,2026-06-03,NO2,14.408333333333333
DEB-KER11,2026-06-03,NOx,20.75
DEB-KER11,2026-06-03,O3,134.54583333333332
DEB-KER11,2026-06-03,PM10,20.041666666666668
DEB-KER11,2026-06-03,PM2.5,8.325000000000001
DEB-KER11,2026-06-03,Pressure,996.2666666666668
DEB-KER11,2026-06-03,TVOC,2.5
DEB-KER11,2026-06-03,WaterLevel,3.4
DEB-KER11,2026-06-03,WaterTemp,15.6
DEB-KER11,2026-06-03,Wind_Direction,157.77083333333334
DEB-KER11,2026-06-03,Wind_Speed,4.916666666666667
DEB-KER11,2026-06-04,CO,360.47499999999997
DEB-KER11,2026-06-04,CO2,759.7875
DEB-KER11,2026-06-04,Conductivity,1.8
DEB-KER11,2026-06-04,Humidity,61.487500000000004
DEB-KER11,2026-06-04,NO,0.8833333333333333
DEB-KER11,2026-06-04,NO2,17.229166666666668
DEB-KER11,2026-06-04,NOx,32.71666666666667
DEB-KER11,2026-06-04,O3,97.25
DEB-KER11,2026-06-04,PM10,20.770833333333332
DEB-KER11,2026-06-04,PM2.5,10.041666666666666
DEB-KER11,2026-06-04,Pressure,996.3791666666666
DEB-KER11,2026-06-04,TVOC,2.5
DEB-KER11,2026-06-04,WaterLevel,3.4
DEB-KER11,2026-06-04,WaterTemp,15.6
DEB-KER11,2026-06-04,Wind_Direction,211.26666666666665
DEB-KER11,2026-06-04,Wind_Speed,6.1375
DEB-KER11,2026-06-05,CO,352.3458333333333
DEB-KER11,2026-06-05,CO2,757.8249999999999
DEB-KER11,2026-06-05,Conductivity,1.8
DEB-KER11,2026-06-05,Humidity,61.15416666666667
DEB-KER11,2026-06-05,NO,1.1428571428571428
DEB-KER11,2026-06-05,NO2,14.804166666666667
DEB-KER11,2026-06-05,NOx,20.52857142857143
DEB-KER11,2026-06-05,O3,88.66250000000001
DEB-KER11,2026-06-05,PM10,33.42916666666667
DEB-KER11,2026-06-05,PM2.5,9.645833333333334
DEB-KER11,2026-06-05,Pressure,1000.1125000000001
DEB-KER11,2026-06-05,TVOC,2.5
DEB-KER11,2026-06-05,WaterLevel,3.4
DEB-KER11,2026-06-05,WaterTemp,15.6
DEB-KER11,2026-06-05,Wind_Direction,184.96666666666667
DEB-KER11,2026-06-05,Wind_Speed,5.216666666666667
DEB-KER11,2026-06-06,CO,360.32916666666665
DEB-KER11,2026-06-06,CO2,765.3416666666667
DEB-KER11,2026-06-06,Conductivity,1.8
DEB-KER11,2026-06-06,Humidity,65.40833333333333
DEB-KER11,2026-06-06,NO,0.7
DEB-KER11,2026-06-06,NO2,15.25
DEB-KER11,2026-06-06,NOx,29.15
DEB-KER11,2026-06-06,O3,82.21666666666667
DEB-KER11,2026-06-06,PM10,11.1875
DEB-KER11,2026-06-06,PM2.5,5.291666666666667
DEB-KER11,2026-06-06,Pressure,1004.0375
DEB-KER11,2026-06-06,WaterLevel,3.4
DEB-KER11,2026-06-06,WaterTemp,15.6
DEB-KER11,2026-06-06,Wind_Direction,157.1625
DEB-KER11,2026-06-06,Wind_Speed,4.7375
DEB-KER11,2026-06-07,CO,346.9875
DEB-KER11,2026-06-07,CO2,760.4416666666666
DEB-KER11,2026-06-07,Conductivity,1.8
DEB-KER11,2026-06-07,Humidity,55.7875
DEB-KER11,2026-06-07,NO,0.6999999999999998
DEB-KER11,2026-06-07,NO2,11.820833333333333
DEB-KER11,2026-06-07,NOx,13.0
DEB-KER11,2026-06-07,O3,95.02916666666665
DEB-KER11,2026-06-07,PM10,12.379166666666668
DEB-KER11,2026-06-07,PM2.5,6.4125000000000005
DEB-KER11,2026-06-07,Pressure,1006.0291666666667
DEB-KER11,2026-06-07,TVOC,2.5
DEB-KER11,2026-06-07,WaterLevel,3.4
DEB-KER11,2026-06-07,WaterTemp,15.6
DEB-KER11,2026-06-07,Wind_Direction,136.32083333333333
DEB-KER11,2026-06-07,Wind_Speed,4.1625000000000005
DEB-KER11,2026-06-08,CO,369.5208333333333
DEB-KER11,2026-06-08,CO2,754.2458333333334
DEB-KER11,2026-06-08,Conductivity,1.8
DEB-KER11,2026-06-08,Humidity,49.48333333333333
DEB-KER11,2026-06-08,NO,5.133333333333333
DEB-KER11,2026-06-08,NO2,12.875
DEB-KER11,2026-06-08,NOx,31.566666666666666
DEB-KER11,2026-06-08,O3,91.575
DEB-KER11,2026-06-08,PM10,17.566666666666666
DEB-KER11,2026-06-08,PM2.5,5.5
DEB-KER11,2026-06-08,Pressure,1006.225
DEB-KER11,2026-06-08,TVOC,2.5
DEB-KER11,2026-06-08,WaterLevel,3.4
DEB-KER11,2026-06-08,WaterTemp,15.6
DEB-KER11,2026-06-08,Wind_Direction,140.54999999999998
DEB-KER11,2026-06-08,Wind_Speed,3.775
DEB-KER11,2026-06-09,CO,357.825
DEB-KER11,2026-06-09,CO2,743.3958333333334
DEB-KER11,2026-06-09,Conductivity,1.8
DEB-KER11,2026-06-09,Humidity,43.34166666666667
DEB-KER11,2026-06-09,NO,0.7
DEB-KER11,2026-06-09,NO2,10.620833333333334
DEB-KER11,2026-06-09,NOx,31.2
DEB-KER11,2026-06-09,O3,106.2625
DEB-KER11,2026-06-09,PM10,21.708333333333332
DEB-KER11,2026-06-09,PM2.5,5.870833333333334
DEB-KER11,2026-06-09,Pressure,1001.9625
DEB-KER11,2026-06-09,TVOC,2.5
DEB-KER11,2026-06-09,WaterLevel,3.4
DEB-KER11,2026-06-09,WaterTemp,15.6
DEB-KER11,2026-06-09,Wind_Direction,119.175
DEB-KER11,2026-06-09,Wind_Speed,3.5708333333333333
DEB-KER11,2026-06-10,CO,374.3625
DEB-KER11,2026-06-10,CO2,733.7416666666667
DEB-KER11,2026-06-10,Conductivity,1.8
DEB-KER11,2026-06-10,Humidity,48.02916666666667
DEB-KER11,2026-06-10,NO,0.7
DEB-KER11,2026-06-10,NO2,11.695833333333333
DEB-KER11,2026-06-10,NOx,20.35
DEB-KER11,2026-06-10,O3,112.37916666666666
DEB-KER11,2026-06-10,PM10,27.1375
DEB-KER11,2026-06-10,PM2.5,8.979166666666666
DEB-KER11,2026-06-10,Pressure,999.8416666666667
DEB-KER11,2026-06-10,TVOC,2.5
DEB-KER11,2026-06-10,WaterLevel,3.4
DEB-KER11,2026-06-10,WaterTemp,15.6
DEB-KER11,2026-06-10,Wind_Direction,116.09583333333335
DEB-KER11,2026-06-10,Wind_Speed,5.191666666666666
DEB-KER11,2026-06-11,CO,364.50416666666666
DEB-KER11,2026-06-11,CO2,754.3708333333334
DEB-KER11,2026-06-11,Conductivity,1.8
DEB-KER11,2026-06-11,Humidity,61.94583333333333
DEB-KER11,2026-06-11,NO,1.6727272727272726
DEB-KER11,2026-06-11,NO2,14.683333333333332
DEB-KER11,2026-06-11,NOx,20.154545454545453
DEB-KER11,2026-06-11,O3,99.10416666666667
DEB-KER11,2026-06-11,PM10,12.1
DEB-KER11,2026-06-11,PM2.5,5.1625000000000005
DEB-KER11,2026-06-11,Pressure,1000.9458333333333
DEB-KER11,2026-06-11,WaterLevel,3.4
DEB-KER11,2026-06-11,WaterTemp,15.6
DEB-KER11,2026-06-11,Wind_Direction,177.04166666666666
DEB-KER11,2026-06-11,Wind_Speed,6.9875
DEB-KER11,2026-06-12,CO,354.39166666666665
DEB-KER11,2026-06-12,CO2,750.7125
DEB-KER11,2026-06-12,Conductivity,1.8
DEB-KER11,2026-06-12,Humidity,58.09583333333333
DEB-KER11,2026-06-12,NO,3.1999999999999997
DEB-KER11,2026-06-12,NO2,14.579166666666666
DEB-KER11,2026-06-12,NOx,30.299999999999997
DEB-KER11,2026-06-12,O3,89.11666666666667
DEB-KER11,2026-06-12,PM10,8.700000000000001
DEB-KER11,2026-06-12,PM2.5,4.808333333333334
DEB-KER11,2026-06-12,Pressure,1006.5375
DEB-KER11,2026-06-12,WaterLevel,3.4
DEB-KER11,2026-06-12,WaterTemp,15.6
DEB-KER11,2026-06-12,Wind_Direction,130.6875
DEB-KER11,2026-06-12,Wind_Speed,4.5249999999999995
DEB-KER11,2026-06-13,CO,349.67083333333335
DEB-KER11,2026-06-13,CO2,770.5291666666667
DEB-KER11,2026-06-13,Conductivity,1.8
DEB-KER11,2026-06-13,Humidity,59.53333333333333
DEB-KER11,2026-06-13,NO,6.95
DEB-KER11,2026-06-13,NO2,13.979166666666666
DEB-KER11,2026-06-13,NOx,36.05
DEB-KER11,2026-06-13,O3,82.74166666666666
DEB-KER11,2026-06-13,PM10,9.529166666666667
DEB-KER11,2026-06-13,PM2.5,4.595833333333333
DEB-KER11,2026-06-13,Pressure,1004.4958333333334
DEB-KER11,2026-06-13,WaterLevel,3.4
DEB-KER11,2026-06-13,WaterTemp,15.6
DEB-KER11,2026-06-13,Wind_Direction,194.00833333333333
DEB-KER11,2026-06-13,Wind_Speed,6.325
DEB-KER11,2026-06-14,CO,330.5375
DEB-KER11,2026-06-14,CO2,758.2708333333334
DEB-KER11,2026-06-14,Conductivity,1.8
DEB-KER11,2026-06-14,Humidity,57.74583333333334
DEB-KER11,2026-06-14,NO2,9.4375
DEB-KER11,2026-06-14,O3,98.0625
DEB-KER11,2026-06-14,PM10,14.987499999999999
DEB-KER11,2026-06-14,PM2.5,4.9750000000000005
DEB-KER11,2026-06-14,Pressure,998.5791666666668
DEB-KER11,2026-06-14,WaterLevel,3.4
DEB-KER11,2026-06-14,WaterTemp,15.6
DEB-KER11,2026-06-14,Wind_Direction,210.17499999999998
DEB-KER11,2026-06-14,Wind_Speed,8.904166666666667
DEB-KER11,2026-06-15,CO,342.2708333333333
DEB-KER11,2026-06-15,CO2,750.3125
DEB-KER11,2026-06-15,Conductivity,1.8
DEB-KER11,2026-06-15,Humidity,44.23333333333333
DEB-KER11,2026-06-15,NO,8.65
DEB-KER11,2026-06-15,NO2,12.6625
DEB-KER11,2026-06-15,NOx,51.099999999999994
DEB-KER11,2026-06-15,O3,95.83749999999999
DEB-KER11,2026-06-15,PM10,12.245833333333332
DEB-KER11,2026-06-15,PM2.5,4.054166666666666
DEB-KER11,2026-06-15,Pressure,999.9166666666666
DEB-KER11,2026-06-15,WaterLevel,3.4
DEB-KER11,2026-06-15,WaterTemp,15.6
DEB-KER11,2026-06-15,Wind_Direction,229.14166666666665
DEB-KER11,2026-06-15,Wind_Speed,8.308333333333334
DEB-KER11,2026-06-16,CO,335.3958333333333
DEB-KER11,2026-06-16,CO2,739.9125
DEB-KER11,2026-06-16,Conductivity,1.8
DEB-KER11,2026-06-16,Humidity,46.479166666666664
DEB-KER11,2026-06-16,NO2,15.095652173913043
DEB-KER11,2026-06-16,O3,114.89583333333333
DEB-KER11,2026-06-16,PM10,13.975
DEB-KER11,2026-06-16,PM2.5,4.816666666666666
DEB-KER11,2026-06-16,Pressure,1003.9625
DEB-KER11,2026-06-16,WaterLevel,3.4
DEB-KER11,2026-06-16,WaterTemp,15.6
DEB-KER11,2026-06-16,Wind_Direction,226.7458333333333
DEB-KER11,2026-06-16,Wind_Speed,8.987499999999999
DEB-KER11,2026-06-17,CO,364.8
DEB-KER11,2026-06-17,CO2,758.5625
DEB-KER11,2026-06-17,Conductivity,1.8
DEB-KER11,2026-06-17,Humidity,52.145833333333336
DEB-KER11,2026-06-17,NO2,20.095833333333335
DEB-KER11,2026-06-17,O3,92.78750000000001
DEB-KER11,2026-06-17,PM10,31.541666666666668
DEB-KER11,2026-06-17,PM2.5,7.0625
DEB-KER11,2026-06-17,Pressure,1004.5291666666667
DEB-KER11,2026-06-17,TVOC,2.5
DEB-KER11,2026-06-17,WaterLevel,3.4
DEB-KER11,2026-06-17,WaterTemp,15.6
DEB-KER11,2026-06-17,Wind_Direction,157.62916666666666
DEB-KER11,2026-06-17,Wind_Speed,4.558333333333333
DEB-KER11,2026-06-18,CO,353.17083333333335
DEB-KER11,2026-06-18,CO2,760.9666666666667
DEB-KER11,2026-06-18,Conductivity,1.8
DEB-KER11,2026-06-18,Humidity,54.74166666666667
DEB-KER11,2026-06-18,NO,4.75
DEB-KER11,2026-06-18,NO2,14.895454545454545
DEB-KER11,2026-06-18,NOx,36.8
DEB-KER11,2026-06-18,O3,83.66666666666667
DEB-KER11,2026-06-18,PM10,29.724999999999998
DEB-KER11,2026-06-18,PM2.5,8.541666666666666
DEB-KER11,2026-06-18,Pressure,1007.2624999999999
DEB-KER11,2026-06-18,TVOC,2.5
DEB-KER11,2026-06-18,WaterLevel,3.4
DEB-KER11,2026-06-18,WaterTemp,15.6
DEB-KER11,2026-06-18,Wind_Direction,122.2625
DEB-KER11,2026-06-18,Wind_Speed,3.3833333333333333
DEB-KER11,2026-06-19,CO,415.6333333333334
DEB-KER11,2026-06-19,CO2,802.0166666666668
DEB-KER11,2026-06-19,Conductivity,1.8
DEB-KER11,2026-06-19,Humidity,57.69166666666666
DEB-KER11,2026-06-19,NO,5.1
DEB-KER11,2026-06-19,NO2,25.575
DEB-KER11,2026-06-19,NOx,44.25
DEB-KER11,2026-06-19,O3,65.8
DEB-KER11,2026-06-19,PM10,39.199999999999996
DEB-KER11,2026-06-19,PM2.5,11.9
DEB-KER11,2026-06-19,Pressure,1007.9833333333335
DEB-KER11,2026-06-19,TVOC,2.5
DEB-KER11,2026-06-19,WaterLevel,3.4
DEB-KER11,2026-06-19,WaterTemp,15.6
DEB-KER11,2026-06-19,Wind_Direction,98.5
DEB-KER11,2026-06-19,Wind_Speed,2.5166666666666666
DEB-KER12,2026-05-21,CO2,738.7454545454545
DEB-KER12,2026-05-21,Conductivity,1.1
DEB-KER12,2026-05-21,Humidity,48.32272727272727
DEB-KER12,2026-05-21,NO,0.6999999999999998
DEB-KER12,2026-05-21,NO2,10.718181818181819
DEB-KER12,2026-05-21,NOx,18.833333333333332
DEB-KER12,2026-05-21,O3,145.66363636363636
DEB-KER12,2026-05-21,PM10,13.504545454545456
DEB-KER12,2026-05-21,PM2.5,7.659090909090909
DEB-KER12,2026-05-21,Pressure,1001.9136363636363
DEB-KER12,2026-05-21,TVOC,2.5
DEB-KER12,2026-05-21,WaterLevel,3.4
DEB-KER12,2026-05-21,WaterTemp,11.918181818181818
DEB-KER12,2026-05-21,Wind_Direction,171.72727272727272
DEB-KER12,2026-05-21,Wind_Speed,3.813636363636363
DEB-KER12,2026-05-22,CO2,734.74
DEB-KER12,2026-05-22,Conductivity,1.1
DEB-KER12,2026-05-22,Humidity,55.120000000000005
DEB-KER12,2026-05-22,NO2,13.35
DEB-KER12,2026-05-22,O3,129.73
DEB-KER12,2026-05-22,PM10,12.510000000000002
DEB-KER12,2026-05-22,PM2.5,7.12
DEB-KER12,2026-05-22,Pressure,1004.3299999999999
DEB-KER12,2026-05-22,TVOC,2.5
DEB-KER12,2026-05-22,WaterLevel,3.4
DEB-KER12,2026-05-22,WaterTemp,11.9
DEB-KER12,2026-05-22,Wind_Direction,159.32
DEB-KER12,2026-05-22,Wind_Speed,5.51
DEB-KER12,2026-05-23,Conductivity,1.1
DEB-KER12,2026-05-23,WaterLevel,3.4
DEB-KER12,2026-05-23,WaterTemp,11.9
DEB-KER12,2026-05-24,Conductivity,1.1
DEB-KER12,2026-05-24,WaterLevel,3.4
DEB-KER12,2026-05-24,WaterTemp,11.9
DEB-KER12,2026-05-25,Conductivity,1.1
DEB-KER12,2026-05-25,WaterLevel,3.4
DEB-KER12,2026-05-25,WaterTemp,11.9
DEB-KER12,2026-05-26,CO,117.75
DEB-KER12,2026-05-26,CO2,775.4
DEB-KER12,2026-05-26,Conductivity,1.1
DEB-KER12,2026-05-26,Humidity,36.21666666666667
DEB-KER12,2026-05-26,NO,1.5499999999999998
DEB-KER12,2026-05-26,NO2,14.566666666666665
DEB-KER12,2026-05-26,O3,215.73333333333335
DEB-KER12,2026-05-26,PM10,29.416666666666668
DEB-KER12,2026-05-26,PM2.5,6.883333333333333
DEB-KER12,2026-05-26,Pressure,1004.975
DEB-KER12,2026-05-26,TVOC,50.25
DEB-KER12,2026-05-26,WaterLevel,3.4
DEB-KER12,2026-05-26,WaterTemp,11.9
DEB-KER12,2026-05-26,Wind_Direction,211.95000000000002
DEB-KER12,2026-05-26,Wind_Speed,3.016666666666667
DEB-KER12,2026-05-27,CO,47.166666666666664
DEB-KER12,2026-05-27,CO2,816.0124999999999
DEB-KER12,2026-05-27,Conductivity,1.1
DEB-KER12,2026-05-27,Humidity,47.987500000000004
DEB-KER12,2026-05-27,NO,4.819999999999999
DEB-KER12,2026-05-27,NO2,12.41764705882353
DEB-KER12,2026-05-27,NOx,15.292307692307693
DEB-KER12,2026-05-27,O3,128.11428571428573
DEB-KER12,2026-05-27,PM10,34.15
DEB-KER12,2026-05-27,PM2.5,8.316666666666666
DEB-KER12,2026-05-27,Pressure,999.5500000000001
DEB-KER12,2026-05-27,TVOC,5.295238095238095
DEB-KER12,2026-05-27,WaterLevel,3.4
DEB-KER12,2026-05-27,WaterTemp,11.9
DEB-KER12,2026-05-27,Wind_Direction,181.4125
DEB-KER12,2026-05-27,Wind_Speed,3.1208333333333336
DEB-KER12,2026-05-28,CO,17.5
DEB-KER12,2026-05-28,CO2,765.6999999999999
DEB-KER12,2026-05-28,Conductivity,1.1
DEB-KER12,2026-05-28,Humidity,40.4125
DEB-KER12,2026-05-28,NO,2.7416666666666667
DEB-KER12,2026-05-28,NO2,5.833333333333333
DEB-KER12,2026-05-28,NOx,12.083333333333334
DEB-KER12,2026-05-28,O3,133.30833333333334
DEB-KER12,2026-05-28,PM10,12.858333333333334
DEB-KER12,2026-05-28,PM2.5,5.0874999999999995
DEB-KER12,2026-05-28,Pressure,1000.3125
DEB-KER12,2026-05-28,TVOC,2.5
DEB-KER12,2026-05-28,WaterLevel,3.4
DEB-KER12,2026-05-28,WaterTemp,11.9
DEB-KER12,2026-05-28,Wind_Direction,217.4333333333333
DEB-KER12,2026-05-28,Wind_Speed,3.9875000000000003
DEB-KER12,2026-05-29,CO,20.60909090909091
DEB-KER12,2026-05-29,CO2,789.7875
DEB-KER12,2026-05-29,Conductivity,1.1
DEB-KER12,2026-05-29,Humidity,41.112500000000004
DEB-KER12,2026-05-29,NO,1.3333333333333333
DEB-KER12,2026-05-29,NO2,9.22
DEB-KER12,2026-05-29,NOx,13.516666666666666
DEB-KER12,2026-05-29,O3,113.85416666666667
DEB-KER12,2026-05-29,PM10,18.1375
DEB-KER12,2026-05-29,PM2.5,5.05
DEB-KER12,2026-05-29,Pressure,1004.275
DEB-KER12,2026-05-29,TVOC,2.5
DEB-KER12,2026-05-29,WaterLevel,3.4
DEB-KER12,2026-05-29,WaterTemp,11.9
DEB-KER12,2026-05-29,Wind_Direction,196.85416666666666
DEB-KER12,2026-05-29,Wind_Speed,2.7458333333333336
DEB-KER12,2026-05-30,CO,17.5
DEB-KER12,2026-05-30,CO2,798.0833333333334
DEB-KER12,2026-05-30,Conductivity,1.1
DEB-KER12,2026-05-30,Humidity,49.14166666666667
DEB-KER12,2026-05-30,NO,1.56875
DEB-KER12,2026-05-30,NO2,9.045833333333333
DEB-KER12,2026-05-30,NOx,12.8125
DEB-KER12,2026-05-30,O3,107.04583333333333
DEB-KER12,2026-05-30,PM10,16.5
DEB-KER12,2026-05-30,PM2.5,5.770833333333333
DEB-KER12,2026-05-30,Pressure,997.7125
DEB-KER12,2026-05-30,TVOC,2.5
DEB-KER12,2026-05-30,WaterLevel,3.4
DEB-KER12,2026-05-30,WaterTemp,11.9
DEB-KER12,2026-05-30,Wind_Direction,169.69166666666666
DEB-KER12,2026-05-30,Wind_Speed,2.1625
DEB-KER12,2026-05-31,CO2,792.5208333333334
DEB-KER12,2026-05-31,Conductivity,1.1
DEB-KER12,2026-05-31,Humidity,54.449999999999996
DEB-KER12,2026-05-31,NO,3.5285714285714285
DEB-KER12,2026-05-31,NO2,7.55
DEB-KER12,2026-05-31,NOx,14.471428571428572
DEB-KER12,2026-05-31,O3,106.92916666666667
DEB-KER12,2026-05-31,PM10,15.674999999999999
DEB-KER12,2026-05-31,PM2.5,6.758333333333333
DEB-KER12,2026-05-31,Pressure,994.35
DEB-KER12,2026-05-31,TVOC,2.5
DEB-KER12,2026-05-31,WaterLevel,3.4
DEB-KER12,2026-05-31,WaterTemp,11.9
DEB-KER12,2026-05-31,Wind_Direction,194.02916666666667
DEB-KER12,2026-05-31,Wind_Speed,2.129166666666667
DEB-KER12,2026-06-01,CO2,795.7166666666667
DEB-KER12,2026-06-01,Conductivity,1.1
DEB-KER12,2026-06-01,Humidity,58.69583333333333
DEB-KER12,2026-06-01,NO,0.8937499999999999
DEB-KER12,2026-06-01,NO2,8.104166666666666
DEB-KER12,2026-06-01,NOx,9.20625
DEB-KER12,2026-06-01,O3,99.64583333333333
DEB-KER12,2026-06-01,PM10,16.516666666666666
DEB-KER12,2026-06-01,PM2.5,8.054166666666667
DEB-KER12,2026-06-01,Pressure,993.4958333333334
DEB-KER12,2026-06-01,TVOC,2.5
DEB-KER12,2026-06-01,WaterLevel,3.4
DEB-KER12,2026-06-01,WaterTemp,11.9
DEB-KER12,2026-06-01,Wind_Direction,166.44583333333333
DEB-KER12,2026-06-01,Wind_Speed,2.4833333333333334
DEB-KER12,2026-06-02,CO,17.5
DEB-KER12,2026-06-02,CO2,795.2416666666667
DEB-KER12,2026-06-02,Conductivity,1.1
DEB-KER12,2026-06-02,Humidity,65.575
DEB-KER12,2026-06-02,NO,2.3466666666666667
DEB-KER12,2026-06-02,NO2,8.9125
DEB-KER12,2026-06-02,NOx,13.206666666666667
DEB-KER12,2026-06-02,O3,103.38333333333333
DEB-KER12,2026-06-02,PM10,11.845833333333333
DEB-KER12,2026-06-02,PM2.5,7.133333333333333
DEB-KER12,2026-06-02,Pressure,994.0041666666666
DEB-KER12,2026-06-02,TVOC,2.5
DEB-KER12,2026-06-02,WaterLevel,3.4
DEB-KER12,2026-06-02,WaterTemp,11.9
DEB-KER12,2026-06-02,Wind_Direction,186.69583333333333
DEB-KER12,2026-06-02,Wind_Speed,2.2958333333333334
DEB-KER12,2026-06-03,CO2,803.75
DEB-KER12,2026-06-03,Conductivity,1.1
DEB-KER12,2026-06-03,Humidity,57.09583333333333
DEB-KER12,2026-06-03,NO,0.809090909090909
DEB-KER12,2026-06-03,NO2,10.270833333333334
DEB-KER12,2026-06-03,NOx,14.018181818181818
DEB-KER12,2026-06-03,O3,111.91666666666667
DEB-KER12,2026-06-03,PM10,11.995833333333332
DEB-KER12,2026-06-03,PM2.5,7.041666666666667
DEB-KER12,2026-06-03,Pressure,991.4333333333334
DEB-KER12,2026-06-03,TVOC,2.5
DEB-KER12,2026-06-03,WaterLevel,3.4
DEB-KER12,2026-06-03,WaterTemp,11.9
DEB-KER12,2026-06-03,Wind_Direction,164.3875
DEB-KER12,2026-06-03,Wind_Speed,2.3000000000000003
DEB-KER12,2026-06-04,CO2,811.9250000000001
DEB-KER12,2026-06-04,Conductivity,1.1
DEB-KER12,2026-06-04,Humidity,60.0375
DEB-KER12,2026-06-04,NO,0.7727272727272727
DEB-KER12,2026-06-04,NO2,9.629166666666666
DEB-KER12,2026-06-04,NOx,12.30909090909091
DEB-KER12,2026-06-04,O3,80.04583333333333
DEB-KER12,2026-06-04,PM10,11.483333333333334
DEB-KER12,2026-06-04,PM2.5,7.158333333333334
DEB-KER12,2026-06-04,Pressure,991.7791666666667
DEB-KER12,2026-06-04,TVOC,2.5
DEB-KER12,2026-06-04,WaterLevel,3.4
DEB-KER12,2026-06-04,WaterTemp,11.9
DEB-KER12,2026-06-04,Wind_Direction,137.12083333333334
DEB-KER12,2026-06-04,Wind_Speed,3.1374999999999997
DEB-KER12,2026-06-05,CO,133.9
DEB-KER12,2026-06-05,CO2,797.7125
DEB-KER12,2026-06-05,Conductivity,1.1
DEB-KER12,2026-06-05,Humidity,61.112500000000004
DEB-KER12,2026-06-05,NO,0.85
DEB-KER12,2026-06-05,NO2,8.683333333333334
DEB-KER12,2026-06-05,NOx,12.42
DEB-KER12,2026-06-05,O3,52.73333333333333
DEB-KER12,2026-06-05,PM10,12.566666666666668
DEB-KER12,2026-06-05,PM2.5,6.558333333333334
DEB-KER12,2026-06-05,Pressure,995.2666666666668
DEB-KER12,2026-06-05,TVOC,2.65
DEB-KER12,2026-06-05,WaterLevel,3.4
DEB-KER12,2026-06-05,WaterTemp,11.9
DEB-KER12,2026-06-05,Wind_Direction,135.66666666666666
DEB-KER12,2026-06-05,Wind_Speed,2.5625
DEB-KER12,2026-06-06,CO2,829.2333333333332
DEB-KER12,2026-06-06,Conductivity,1.1
DEB-KER12,2026-06-06,Humidity,66.52499999999999
DEB-KER12,2026-06-06,NO,0.7
DEB-KER12,2026-06-06,NO2,9.104166666666666
DEB-KER12,2026-06-06,NOx,8.73076923076923
DEB-KER12,2026-06-06,O3,39.55416666666667
DEB-KER12,2026-06-06,PM10,9.479166666666666
DEB-KER12,2026-06-06,PM2.5,5.758333333333333
DEB-KER12,2026-06-06,Pressure,998.9499999999999
DEB-KER12,2026-06-06,TVOC,2.5
DEB-KER12,2026-06-06,WaterLevel,3.4
DEB-KER12,2026-06-06,WaterTemp,11.9
DEB-KER12,2026-06-06,Wind_Direction,199.01250000000002
DEB-KER12,2026-06-06,Wind_Speed,1.425
DEB-KER12,2026-06-07,CO2,848.0833333333334
DEB-KER12,2026-06-07,Conductivity,1.1
DEB-KER12,2026-06-07,Humidity,58.06666666666666
DEB-KER12,2026-06-07,NO,2.13
DEB-KER12,2026-06-07,NO2,7.4624999999999995
DEB-KER12,2026-06-07,NOx,12.1
DEB-KER12,2026-06-07,O3,52.56666666666666
DEB-KER12,2026-06-07,PM10,11.625
DEB-KER12,2026-06-07,PM2.5,5.829166666666667
DEB-KER12,2026-06-07,Pressure,1001.2958333333332
DEB-KER12,2026-06-07,TVOC,2.5
DEB-KER12,2026-06-07,WaterLevel,3.4
DEB-KER12,2026-06-07,WaterTemp,11.9
DEB-KER12,2026-06-07,Wind_Direction,195.19583333333333
DEB-KER12,2026-06-07,Wind_Speed,1.9291666666666665
DEB-KER12,2026-06-08,CO2,837.0583333333334
DEB-KER12,2026-06-08,Conductivity,1.1
DEB-KER12,2026-06-08,Humidity,53.00416666666666
DEB-KER12,2026-06-08,NO,2.01
DEB-KER12,2026-06-08,NO2,9.952631578947368
DEB-KER12,2026-06-08,NOx,14.36
DEB-KER12,2026-06-08,O3,61.6
DEB-KER12,2026-06-08,PM10,10.991666666666667
DEB-KER12,2026-06-08,PM2.5,5.454166666666667
DEB-KER12,2026-06-08,Pressure,1001.5166666666668
DEB-KER12,2026-06-08,TVOC,2.5
DEB-KER12,2026-06-08,WaterLevel,3.4
DEB-KER12,2026-06-08,WaterTemp,11.9
DEB-KER12,2026-06-08,Wind_Direction,206.82916666666665
DEB-KER12,2026-06-08,Wind_Speed,2.0375
DEB-KER12,2026-06-09,CO,17.5
DEB-KER12,2026-06-09,CO2,818.4625
DEB-KER12,2026-06-09,Conductivity,1.1
DEB-KER12,2026-06-09,Humidity,49.67916666666667
DEB-KER12,2026-06-09,NO,1.1428571428571428
DEB-KER12,2026-06-09,NO2,11.24705882352941
DEB-KER12,2026-06-09,NOx,13.142857142857142
DEB-KER12,2026-06-09,O3,75.02083333333333
DEB-KER12,2026-06-09,PM10,14.583333333333334
DEB-KER12,2026-06-09,PM2.5,5.954166666666667
DEB-KER12,2026-06-09,Pressure,997.5833333333334
DEB-KER12,2026-06-09,TVOC,4.55
DEB-KER12,2026-06-09,WaterLevel,3.4
DEB-KER12,2026-06-09,WaterTemp,11.9
DEB-KER12,2026-06-09,Wind_Direction,178.79999999999998
DEB-KER12,2026-06-09,Wind_Speed,1.7916666666666667
DEB-KER12,2026-06-10,CO,152.9
DEB-KER12,2026-06-10,CO2,785.0541666666667
DEB-KER12,2026-06-10,Conductivity,1.1
DEB-KER12,2026-06-10,Humidity,52.737500000000004
DEB-KER12,2026-06-10,NO,0.8374999999999999
DEB-KER12,2026-06-10,NO2,9.030434782608696
DEB-KER12,2026-06-10,NOx,13.7625
DEB-KER12,2026-06-10,O3,81.34166666666667
DEB-KER12,2026-06-10,PM10,18.670833333333334
DEB-KER12,2026-06-10,PM2.5,8.291666666666666
DEB-KER12,2026-06-10,Pressure,995.4333333333334
DEB-KER12,2026-06-10,TVOC,4.291666666666667
DEB-KER12,2026-06-10,WaterLevel,3.4
DEB-KER12,2026-06-10,WaterTemp,11.916666666666666
DEB-KER12,2026-06-10,Wind_Direction,229.45416666666665
DEB-KER12,2026-06-10,Wind_Speed,2.1416666666666666
DEB-KER12,2026-06-11,CO,379.6791666666666
DEB-KER12,2026-06-11,CO2,799.7666666666668
DEB-KER12,2026-06-11,Conductivity,1.1
DEB-KER12,2026-06-11,Humidity,62.67916666666667
DEB-KER12,2026-06-11,NO,0.8857142857142856
DEB-KER12,2026-06-11,NO2,10.220833333333333
DEB-KER12,2026-06-11,NOx,12.549999999999999
DEB-KER12,2026-06-11,O3,71.80833333333334
DEB-KER12,2026-06-11,PM10,9.700000000000001
DEB-KER12,2026-06-11,PM2.5,5.708333333333333
DEB-KER12,2026-06-11,Pressure,996.1374999999999
DEB-KER12,2026-06-11,TVOC,2.5
DEB-KER12,2026-06-11,WaterLevel,3.4
DEB-KER12,2026-06-11,WaterTemp,11.960869565217392
DEB-KER12,2026-06-11,Wind_Direction,167.12083333333334
DEB-KER12,2026-06-11,Wind_Speed,3.2416666666666667
DEB-KER12,2026-06-12,CO,374.12083333333334
DEB-KER12,2026-06-12,CO2,789.5416666666666
DEB-KER12,2026-06-12,Conductivity,1.1
DEB-KER12,2026-06-12,Humidity,59.69166666666666
DEB-KER12,2026-06-12,NO,0.7
DEB-KER12,2026-06-12,NO2,9.9375
DEB-KER12,2026-06-12,NOx,12.87
DEB-KER12,2026-06-12,O3,68.85416666666667
DEB-KER12,2026-06-12,PM10,8.041666666666666
DEB-KER12,2026-06-12,PM2.5,5.429166666666667
DEB-KER12,2026-06-12,Pressure,1001.5
DEB-KER12,2026-06-12,TVOC,2.5
DEB-KER12,2026-06-12,WaterLevel,3.4
DEB-KER12,2026-06-12,WaterTemp,12.0
DEB-KER12,2026-06-12,Wind_Direction,221.875
DEB-KER12,2026-06-12,Wind_Speed,2.5166666666666666
DEB-KER12,2026-06-13,CO,374.25
DEB-KER12,2026-06-13,CO2,836.7125
DEB-KER12,2026-06-13,Conductivity,1.1
DEB-KER12,2026-06-13,Humidity,63.15
DEB-KER12,2026-06-13,NO,1.9222222222222223
DEB-KER12,2026-06-13,NO2,8.983333333333333
DEB-KER12,2026-06-13,NOx,12.722222222222221
DEB-KER12,2026-06-13,O3,55.51666666666667
DEB-KER12,2026-06-13,PM10,7.2625
DEB-KER12,2026-06-13,PM2.5,4.8625
DEB-KER12,2026-06-13,Pressure,999.5083333333333
DEB-KER12,2026-06-13,TVOC,2.5
DEB-KER12,2026-06-13,WaterLevel,3.4
DEB-KER12,2026-06-13,WaterTemp,11.982608695652175
DEB-KER12,2026-06-13,Wind_Direction,158.7125
DEB-KER12,2026-06-13,Wind_Speed,3.0
DEB-KER12,2026-06-14,CO,362.7166666666667
DEB-KER12,2026-06-14,CO2,797.525
DEB-KER12,2026-06-14,Conductivity,1.1
DEB-KER12,2026-06-14,Humidity,61.37916666666666
DEB-KER12,2026-06-14,NO,0.7
DEB-KER12,2026-06-14,NO2,8.8125
DEB-KER12,2026-06-14,NOx,12.2
DEB-KER12,2026-06-14,O3,70.15833333333333
DEB-KER12,2026-06-14,PM10,11.829166666666666
DEB-KER12,2026-06-14,PM2.5,5.616666666666667
DEB-KER12,2026-06-14,Pressure,993.475
DEB-KER12,2026-06-14,TVOC,2.5
DEB-KER12,2026-06-14,WaterLevel,3.4
DEB-KER12,2026-06-14,WaterTemp,12.0
DEB-KER12,2026-06-14,Wind_Direction,154.20416666666668
DEB-KER12,2026-06-14,Wind_Speed,3.3249999999999997
DEB-KER12,2026-06-15,CO,366.18333333333334
DEB-KER12,2026-06-15,CO2,827.8291666666668
DEB-KER12,2026-06-15,Conductivity,1.1
DEB-KER12,2026-06-15,Humidity,53.62083333333334
DEB-KER12,2026-06-15,NO,1.3545454545454545
DEB-KER12,2026-06-15,NO2,8.816666666666666
DEB-KER12,2026-06-15,NOx,13.181818181818182
DEB-KER12,2026-06-15,O3,64.52499999999999
DEB-KER12,2026-06-15,PM10,9.908333333333333
DEB-KER12,2026-06-15,PM2.5,5.216666666666667
DEB-KER12,2026-06-15,Pressure,994.6541666666667
DEB-KER12,2026-06-15,TVOC,2.5
DEB-KER12,2026-06-15,WaterLevel,3.4
DEB-KER12,2026-06-15,WaterTemp,12.0
DEB-KER12,2026-06-15,Wind_Direction,167.5875
DEB-KER12,2026-06-15,Wind_Speed,3.3375
DEB-KER12,2026-06-16,CO,360.96250000000003
DEB-KER12,2026-06-16,CO2,784.1083333333332
DEB-KER12,2026-06-16,Conductivity,1.1
DEB-KER12,2026-06-16,Humidity,49.10833333333333
DEB-KER12,2026-06-16,NO,0.7
DEB-KER12,2026-06-16,NO2,9.3125
DEB-KER12,2026-06-16,NOx,15.75
DEB-KER12,2026-06-16,O3,83.01666666666667
DEB-KER12,2026-06-16,PM10,10.154166666666667
DEB-KER12,2026-06-16,PM2.5,5.479166666666667
DEB-KER12,2026-06-16,Pressure,999.1208333333334
DEB-KER12,2026-06-16,TVOC,2.5
DEB-KER12,2026-06-16,WaterLevel,3.4
DEB-KER12,2026-06-16,WaterTemp,12.0
DEB-KER12,2026-06-16,Wind_Direction,143.25833333333335
DEB-KER12,2026-06-16,Wind_Speed,3.6374999999999997
DEB-KER12,2026-06-17,CO,390.95238095238096
DEB-KER12,2026-06-17,CO2,808.8857142857142
DEB-KER12,2026-06-17,Conductivity,1.1
DEB-KER12,2026-06-17,Humidity,58.89047619047619
DEB-KER12,2026-06-17,NO,0.7
DEB-KER12,2026-06-17,NO2,15.847619047619048
DEB-KER12,2026-06-17,NOx,18.2
DEB-KER12,2026-06-17,O3,63.2
DEB-KER12,2026-06-17,PM10,17.47142857142857
DEB-KER12,2026-06-17,PM2.5,6.642857142857143
DEB-KER12,2026-06-17,Pressure,999.647619047619
DEB-KER12,2026-06-17,TVOC,2.5
DEB-KER12,2026-06-17,WaterLevel,3.4
DEB-KER12,2026-06-17,WaterTemp,12.0
DEB-KER12,2026-06-17,Wind_Direction,170.84761904761905
DEB-KER12,2026-06-17,Wind_Speed,2.9238095238095236
DEB-KER12,2026-06-18,CO,372.69166666666666
DEB-KER12,2026-06-18,Conductivity,1.1
DEB-KER12,2026-06-18,Humidity,60.324999999999996
DEB-KER12,2026-06-18,NO,7.6125
DEB-KER12,2026-06-18,NO2,12.626086956521737
DEB-KER12,2026-06-18,NOx,21.9125
DEB-KER12,2026-06-18,O3,62.36666666666667
DEB-KER12,2026-06-18,PM10,17.2375
DEB-KER12,2026-06-18,PM2.5,6.541666666666667
DEB-KER12,2026-06-18,Pressure,1002.5916666666667
DEB-KER12,2026-06-18,TVOC,2.5
DEB-KER12,2026-06-18,WaterLevel,3.4
DEB-KER12,2026-06-18,WaterTemp,12.0
DEB-KER12,2026-06-18,Wind_Direction,204.90833333333333
DEB-KER12,2026-06-18,Wind_Speed,1.75
DEB-KER12,2026-06-19,CO,394.7416666666666
DEB-KER12,2026-06-19,Conductivity,1.1
DEB-KER12,2026-06-19,Humidity,68.69166666666668
DEB-KER12,2026-06-19,NO,2.2142857142857144
DEB-KER12,2026-06-19,NO2,18.483333333333334
DEB-KER12,2026-06-19,NOx,18.75714285714286
DEB-KER12,2026-06-19,O3,40.94166666666667
DEB-KER12,2026-06-19,PM10,16.333333333333332
DEB-KER12,2026-06-19,PM2.5,7.333333333333333
DEB-KER12,2026-06-19,Pressure,1003.125
DEB-KER12,2026-06-19,WaterLevel,3.4
DEB-KER12,2026-06-19,WaterTemp,12.0
DEB-KER12,2026-06-19,Wind_Direction,211.88333333333335
DEB-KER12,2026-06-19,Wind_Speed,1.25
DEB-KER13,2026-05-21,CO,393.5954545454546
DEB-KER13,2026-05-21,CO2,750.3181818181819
DEB-KER13,2026-05-21,Conductivity,0.9
DEB-KER13,2026-05-21,Humidity,48.38636363636363
DEB-KER13,2026-05-21,NO,1.525
DEB-KER13,2026-05-21,NO2,20.44090909090909
DEB-KER13,2026-05-21,NOx,44.025
DEB-KER13,2026-05-21,O3,139.8409090909091
DEB-KER13,2026-05-21,PM10,12.868181818181819
DEB-KER13,2026-05-21,PM2.5,6.5636363636363635
DEB-KER13,2026-05-21,Pressure,1004.5772727272728
DEB-KER13,2026-05-21,TVOC,2.5
DEB-KER13,2026-05-21,WaterLevel,7.354545454545455
DEB-KER13,2026-05-21,WaterTemp,11.863636363636363
DEB-KER13,2026-05-21,Wind_Direction,157.21363636363637
DEB-KER13,2026-05-21,Wind_Speed,3.2045454545454546
DEB-KER13,2026-05-22,CO,378.35833333333335
DEB-KER13,2026-05-22,CO2,747.1125000000001
DEB-KER13,2026-05-22,Conductivity,0.9
DEB-KER13,2026-05-22,Humidity,47.20416666666667
DEB-KER13,2026-05-22,NO,1.1714285714285713
DEB-KER13,2026-05-22,NO2,17.291666666666668
DEB-KER13,2026-05-22,NOx,26.271428571428572
DEB-KER13,2026-05-22,O3,134.375
DEB-KER13,2026-05-22,PM10,11.654166666666667
DEB-KER13,2026-05-22,PM2.5,5.3500000000000005
DEB-KER13,2026-05-22,Pressure,1008.0500000000001
DEB-KER13,2026-05-22,WaterLevel,7.3
DEB-KER13,2026-05-22,WaterTemp,11.879166666666668
DEB-KER13,2026-05-22,Wind_Direction,175.52083333333334
DEB-KER13,2026-05-22,Wind_Speed,3.158333333333333
DEB-KER13,2026-05-23,CO,379.6166666666666
DEB-KER13,2026-05-23,CO2,745.7833333333333
DEB-KER13,2026-05-23,Conductivity,0.9
DEB-KER13,2026-05-23,Humidity,43.699999999999996
DEB-KER13,2026-05-23,NO,2.6799999999999997
DEB-KER13,2026-05-23,NO2,15.304166666666667
DEB-KER13,2026-05-23,NOx,28.25
DEB-KER13,2026-05-23,O3,141.19166666666666
DEB-KER13,2026-05-23,PM10,11.195833333333333
DEB-KER13,2026-05-23,PM2.5,5.345833333333334
DEB-KER13,2026-05-23,Pressure,1009.0458333333332
DEB-KER13,2026-05-23,WaterLevel,7.3
DEB-KER13,2026-05-23,WaterTemp,11.858333333333334
DEB-KER13,2026-05-23,Wind_Direction,174.4958333333333
DEB-KER13,2026-05-23,Wind_Speed,2.2624999999999997
DEB-KER13,2026-05-24,CO,392.3625
DEB-KER13,2026-05-24,CO2,745.3583333333332
DEB-KER13,2026-05-24,Conductivity,0.9
DEB-KER13,2026-05-24,Humidity,42.325
DEB-KER13,2026-05-24,NO,4.77
DEB-KER13,2026-05-24,NO2,14.354545454545455
DEB-KER13,2026-05-24,NOx,27.6
DEB-KER13,2026-05-24,O3,136.14166666666668
DEB-KER13,2026-05-24,PM10,9.200000000000001
DEB-KER13,2026-05-24,PM2.5,5.0125
DEB-KER13,2026-05-24,Pressure,1009.5291666666667
DEB-KER13,2026-05-24,TVOC,2.5
DEB-KER13,2026-05-24,WaterLevel,7.326086956521739
DEB-KER13,2026-05-24,WaterTemp,11.834782608695651
DEB-KER13,2026-05-24,Wind_Direction,144.0625
DEB-KER13,2026-05-24,Wind_Speed,2.1708333333333334
DEB-KER13,2026-05-25,CO,404.0833333333333
DEB-KER13,2026-05-25,CO2,778.2541666666666
DEB-KER13,2026-05-25,Conductivity,0.9
DEB-KER13,2026-05-25,Humidity,47.0375
DEB-KER13,2026-05-25,NO,15.611764705882354
DEB-KER13,2026-05-25,NO2,13.016666666666666
DEB-KER13,2026-05-25,NOx,32.01176470588236
DEB-KER13,2026-05-25,O3,130.58333333333334
DEB-KER13,2026-05-25,PM10,15.1875
DEB-KER13,2026-05-25,PM2.5,6.570833333333333
DEB-KER13,2026-05-25,Pressure,1010.4125
DEB-KER13,2026-05-25,TVOC,2.5
DEB-KER13,2026-05-25,WaterLevel,7.400000000000001
DEB-KER13,2026-05-25,WaterTemp,11.833333333333334
DEB-KER13,2026-05-25,Wind_Direction,159.20416666666668
DEB-KER13,2026-05-25,Wind_Speed,1.6041666666666667
DEB-KER13,2026-05-26,CO,383.8875
DEB-KER13,2026-05-26,CO2,743.2333333333332
DEB-KER13,2026-05-26,Conductivity,0.9
DEB-KER13,2026-05-26,Humidity,41.94583333333333
DEB-KER13,2026-05-26,NO,11.661538461538461
DEB-KER13,2026-05-26,NO2,16.825
DEB-KER13,2026-05-26,NOx,32.92727272727273
DEB-KER13,2026-05-26,O3,151.78333333333333
DEB-KER13,2026-05-26,PM10,10.424999999999999
DEB-KER13,2026-05-26,PM2.5,4.641666666666667
DEB-KER13,2026-05-26,Pressure,1009.15
DEB-KER13,2026-05-26,TVOC,2.5
DEB-KER13,2026-05-26,WaterLevel,7.400000000000001
DEB-KER13,2026-05-26,WaterTemp,11.808333333333335
DEB-KER13,2026-05-26,Wind_Direction,192.475
DEB-KER13,2026-05-26,Wind_Speed,2.095833333333333
DEB-KER13,2026-05-27,CO,399.00416666666666
DEB-KER13,2026-05-27,CO2,761.5458333333332
DEB-KER13,2026-05-27,Conductivity,0.9
DEB-KER13,2026-05-27,Humidity,43.479166666666664
DEB-KER13,2026-05-27,NO,14.608333333333333
DEB-KER13,2026-05-27,NO2,15.666666666666666
DEB-KER13,2026-05-27,NOx,35.025
DEB-KER13,2026-05-27,O3,151.2125
DEB-KER13,2026-05-27,PM10,35.291666666666664
DEB-KER13,2026-05-27,PM2.5,7.554166666666667
DEB-KER13,2026-05-27,Pressure,1002.1541666666667
DEB-KER13,2026-05-27,TVOC,2.5
DEB-KER13,2026-05-27,WaterLevel,7.4750000000000005
DEB-KER13,2026-05-27,WaterTemp,11.808333333333335
DEB-KER13,2026-05-27,Wind_Direction,203.6
DEB-KER13,2026-05-27,Wind_Speed,2.441666666666667
DEB-KER13,2026-05-28,CO,370.5291666666667
DEB-KER13,2026-05-28,CO2,739.3249999999999
DEB-KER13,2026-05-28,Conductivity,0.9
DEB-KER13,2026-05-28,Humidity,39.612500000000004
DEB-KER13,2026-05-28,NO,5.4399999999999995
DEB-KER13,2026-05-28,NO2,20.133333333333333
DEB-KER13,2026-05-28,NOx,32.940000000000005
DEB-KER13,2026-05-28,O3,134.86249999999998
DEB-KER13,2026-05-28,PM10,11.275
DEB-KER13,2026-05-28,PM2.5,4.325
DEB-KER13,2026-05-28,Pressure,1002.8708333333334
DEB-KER13,2026-05-28,WaterLevel,7.5
DEB-KER13,2026-05-28,WaterTemp,11.800000000000002
DEB-KER13,2026-05-28,Wind_Direction,171.7125
DEB-KER13,2026-05-28,Wind_Speed,2.983333333333333
DEB-KER13,2026-05-29,CO,407.4681818181818
DEB-KER13,2026-05-29,CO2,760.5083333333333
DEB-KER13,2026-05-29,Conductivity,0.9
DEB-KER13,2026-05-29,Humidity,40.30833333333333
DEB-KER13,2026-05-29,NO,4.37
DEB-KER13,2026-05-29,NO2,17.67727272727273
DEB-KER13,2026-05-29,NOx,35.57
DEB-KER13,2026-05-29,O3,116.96818181818183
DEB-KER13,2026-05-29,PM10,8.479166666666666
DEB-KER13,2026-05-29,PM2.5,3.845833333333333
DEB-KER13,2026-05-29,Pressure,1006.7333333333332
DEB-KER13,2026-05-29,TVOC,2.5
DEB-KER13,2026-05-29,WaterLevel,7.4739130434782615
DEB-KER13,2026-05-29,WaterTemp,11.808695652173913
DEB-KER13,2026-05-29,Wind_Direction,191.71666666666667
DEB-KER13,2026-05-29,Wind_Speed,1.9208333333333334
DEB-KER13,2026-05-30,CO,426.1166666666666
DEB-KER13,2026-05-30,CO2,767.9
DEB-KER13,2026-05-30,Conductivity,0.9
DEB-KER13,2026-05-30,Humidity,47.0375
DEB-KER13,2026-05-30,NO,5.58125
DEB-KER13,2026-05-30,NO2,16.474999999999998
DEB-KER13,2026-05-30,NOx,26.175
DEB-KER13,2026-05-30,O3,112.1125
DEB-KER13,2026-05-30,PM10,14.095833333333333
DEB-KER13,2026-05-30,PM2.5,5.1125
DEB-KER13,2026-05-30,Pressure,1000.3000000000001
DEB-KER13,2026-05-30,TVOC,2.5
DEB-KER13,2026-05-30,WaterLevel,7.400000000000001
DEB-KER13,2026-05-30,WaterTemp,11.804166666666667
DEB-KER13,2026-05-30,Wind_Direction,176.35833333333335
DEB-KER13,2026-05-30,Wind_Speed,1.3375000000000001
DEB-KER13,2026-05-31,CO,393.41249999999997
DEB-KER13,2026-05-31,CO2,764.7291666666666
DEB-KER13,2026-05-31,Conductivity,0.9
DEB-KER13,2026-05-31,Humidity,57.9125
DEB-KER13,2026-05-31,NO,12.46
DEB-KER13,2026-05-31,NO2,19.154166666666665
DEB-KER13,2026-05-31,NOx,34.025
DEB-KER13,2026-05-31,O3,113.02499999999999
DEB-KER13,2026-05-31,PM10,16.016666666666666
DEB-KER13,2026-05-31,PM2.5,6.354166666666667
DEB-KER13,2026-05-31,Pressure,997.0
DEB-KER13,2026-05-31,WaterLevel,7.4875
DEB-KER13,2026-05-31,WaterTemp,11.804166666666667
DEB-KER13,2026-05-31,Wind_Direction,180.45416666666665
DEB-KER13,2026-05-31,Wind_Speed,1.55
DEB-KER13,2026-06-01,CO,403.48333333333335
DEB-KER13,2026-06-01,CO2,775.2166666666667
DEB-KER13,2026-06-01,Conductivity,0.9
DEB-KER13,2026-06-01,Humidity,61.37083333333334
DEB-KER13,2026-06-01,NO,4.873913043478261
DEB-KER13,2026-06-01,NO2,14.991666666666667
DEB-KER13,2026-06-01,NOx,20.278260869565216
DEB-KER13,2026-06-01,O3,109.48333333333333
DEB-KER13,2026-06-01,PM10,19.675
DEB-KER13,2026-06-01,PM2.5,7.683333333333334
DEB-KER13,2026-06-01,Pressure,995.9583333333334
DEB-KER13,2026-06-01,WaterLevel,7.5
DEB-KER13,2026-06-01,WaterTemp,11.800000000000002
DEB-KER13,2026-06-01,Wind_Direction,164.10833333333332
DEB-KER13,2026-06-01,Wind_Speed,2.004166666666667
DEB-KER13,2026-06-02,CO,378.0916666666667
DEB-KER13,2026-06-02,CO2,760.9208333333332
DEB-KER13,2026-06-02,Conductivity,0.9
DEB-KER13,2026-06-02,Humidity,64.75833333333334
DEB-KER13,2026-06-02,NO,10.105263157894736
DEB-KER13,2026-06-02,NO2,20.295833333333334
DEB-KER13,2026-06-02,NOx,33.626315789473686
DEB-KER13,2026-06-02,O3,108.89999999999999
DEB-KER13,2026-06-02,PM10,11.820833333333333
DEB-KER13,2026-06-02,PM2.5,5.716666666666666
DEB-KER13,2026-06-02,Pressure,996.9541666666668
DEB-KER13,2026-06-02,TVOC,2.5
DEB-KER13,2026-06-02,WaterLevel,7.554166666666666
DEB-KER13,2026-06-02,WaterTemp,11.800000000000002
DEB-KER13,2026-06-02,Wind_Direction,190.64166666666665
DEB-KER13,2026-06-02,Wind_Speed,2.033333333333333
DEB-KER13,2026-06-03,CO,376.72499999999997
DEB-KER13,2026-06-03,CO2,751.4708333333333
DEB-KER13,2026-06-03,Conductivity,0.9
DEB-KER13,2026-06-03,Humidity,57.49166666666667
DEB-KER13,2026-06-03,NO,6.728571428571429
DEB-KER13,2026-06-03,NO2,20.678260869565218
DEB-KER13,2026-06-03,NOx,33.15
DEB-KER13,2026-06-03,O3,133.64583333333334
DEB-KER13,2026-06-03,PM10,12.25
DEB-KER13,2026-06-03,PM2.5,5.954166666666667
DEB-KER13,2026-06-03,Pressure,994.1916666666666
DEB-KER13,2026-06-03,WaterLevel,7.554166666666666
DEB-KER13,2026-06-03,WaterTemp,11.800000000000002
DEB-KER13,2026-06-03,Wind_Direction,187.38750000000002
DEB-KER13,2026-06-03,Wind_Speed,4.283333333333333
DEB-KER13,2026-06-04,CO,381.56666666666666
DEB-KER13,2026-06-04,CO2,771.2875
DEB-KER13,2026-06-04,Conductivity,0.9
DEB-KER13,2026-06-04,Humidity,63.22083333333333
DEB-KER13,2026-06-04,NO,6.741176470588235
DEB-KER13,2026-06-04,NO2,18.370833333333334
DEB-KER13,2026-06-04,NOx,29.370588235294118
DEB-KER13,2026-06-04,O3,103.08333333333333
DEB-KER13,2026-06-04,PM10,13.508333333333333
DEB-KER13,2026-06-04,PM2.5,6.916666666666667
DEB-KER13,2026-06-04,Pressure,994.3125
DEB-KER13,2026-06-04,WaterLevel,7.5
DEB-KER13,2026-06-04,WaterTemp,11.804166666666667
DEB-KER13,2026-06-04,Wind_Direction,203.89166666666665
DEB-KER13,2026-06-04,Wind_Speed,4.516666666666667
DEB-KER13,2026-06-05,CO,378.9375
DEB-KER13,2026-06-05,CO2,762.8375
DEB-KER13,2026-06-05,Conductivity,0.9
DEB-KER13,2026-06-05,Humidity,62.675000000000004
DEB-KER13,2026-06-05,NO,3.621052631578947
DEB-KER13,2026-06-05,NO2,19.245833333333334
DEB-KER13,2026-06-05,NOx,25.794736842105266
DEB-KER13,2026-06-05,O3,100.86666666666667
DEB-KER13,2026-06-05,PM10,12.658333333333333
DEB-KER13,2026-06-05,PM2.5,5.883333333333333
DEB-KER13,2026-06-05,Pressure,997.8125
DEB-KER13,2026-06-05,TVOC,2.5
DEB-KER13,2026-06-05,WaterLevel,7.5
DEB-KER13,2026-06-05,WaterTemp,11.804166666666667
DEB-KER13,2026-06-05,Wind_Direction,198.47083333333333
DEB-KER13,2026-06-05,Wind_Speed,4.229166666666667
DEB-KER13,2026-06-06,CO,384.4458333333334
DEB-KER13,2026-06-06,CO2,773.6916666666666
DEB-KER13,2026-06-06,Conductivity,0.9
DEB-KER13,2026-06-06,Humidity,65.0625
DEB-KER13,2026-06-06,NO,2.8
DEB-KER13,2026-06-06,NO2,17.66086956521739
DEB-KER13,2026-06-06,NOx,26.285714285714285
DEB-KER13,2026-06-06,O3,80.12916666666666
DEB-KER13,2026-06-06,PM10,6.945833333333333
DEB-KER13,2026-06-06,PM2.5,4.104166666666667
DEB-KER13,2026-06-06,Pressure,1001.7875
DEB-KER13,2026-06-06,WaterLevel,7.5
DEB-KER13,2026-06-06,WaterTemp,11.804166666666667
DEB-KER13,2026-06-06,Wind_Direction,189.38333333333333
DEB-KER13,2026-06-06,Wind_Speed,1.6083333333333334
DEB-KER13,2026-06-07,CO,382.01666666666665
DEB-KER13,2026-06-07,CO2,779.4208333333332
DEB-KER13,2026-06-07,Conductivity,0.9
DEB-KER13,2026-06-07,Humidity,58.25
DEB-KER13,2026-06-07,NO,5.5249999999999995
DEB-KER13,2026-06-07,NO2,19.02608695652174
DEB-KER13,2026-06-07,NOx,29.45625
DEB-KER13,2026-06-07,O3,89.22500000000001
DEB-KER13,2026-06-07,PM10,8.825000000000001
DEB-KER13,2026-06-07,PM2.5,4.904166666666667
DEB-KER13,2026-06-07,Pressure,1003.9291666666667
DEB-KER13,2026-06-07,WaterLevel,7.45
DEB-KER13,2026-06-07,WaterTemp,11.8125
DEB-KER13,2026-06-07,Wind_Direction,168.79999999999998
DEB-KER13,2026-06-07,Wind_Speed,1.375
DEB-KER13,2026-06-08,CO,385.2916666666667
DEB-KER13,2026-06-08,CO2,786.3583333333332
DEB-KER13,2026-06-08,Conductivity,0.9
DEB-KER13,2026-06-08,Humidity,53.03333333333333
DEB-KER13,2026-06-08,NO,5.838461538461539
DEB-KER13,2026-06-08,NO2,18.391304347826086
DEB-KER13,2026-06-08,NOx,32.5076923076923
DEB-KER13,2026-06-08,O3,91.60833333333333
DEB-KER13,2026-06-08,PM10,10.420833333333333
DEB-KER13,2026-06-08,PM2.5,4.808333333333334
DEB-KER13,2026-06-08,Pressure,1004.2041666666668
DEB-KER13,2026-06-08,WaterLevel,7.400000000000001
DEB-KER13,2026-06-08,WaterTemp,11.808333333333335
DEB-KER13,2026-06-08,Wind_Direction,173.0875
DEB-KER13,2026-06-08,Wind_Speed,1.6333333333333335
DEB-KER13,2026-06-09,CO,393.5541666666666
DEB-KER13,2026-06-09,CO2,765.6708333333332
DEB-KER13,2026-06-09,Conductivity,0.9
DEB-KER13,2026-06-09,Humidity,46.708333333333336
DEB-KER13,2026-06-09,NO,6.05
DEB-KER13,2026-06-09,NO2,16.14782608695652
DEB-KER13,2026-06-09,NOx,30.258333333333336
DEB-KER13,2026-06-09,O3,112.85416666666667
DEB-KER13,2026-06-09,PM10,15.604166666666666
DEB-KER13,2026-06-09,PM2.5,5.420833333333333
DEB-KER13,2026-06-09,Pressure,1000.1750000000001
DEB-KER13,2026-06-09,TVOC,2.5
DEB-KER13,2026-06-09,WaterLevel,7.400000000000001
DEB-KER13,2026-06-09,WaterTemp,11.808333333333335
DEB-KER13,2026-06-09,Wind_Direction,168.05416666666667
DEB-KER13,2026-06-09,Wind_Speed,1.8083333333333333
DEB-KER13,2026-06-10,CO,401.3833333333334
DEB-KER13,2026-06-10,CO2,753.1083333333332
DEB-KER13,2026-06-10,Conductivity,0.9
DEB-KER13,2026-06-10,Humidity,51.875
DEB-KER13,2026-06-10,NO,12.473684210526315
DEB-KER13,2026-06-10,NO2,17.230434782608697
DEB-KER13,2026-06-10,NOx,33.422222222222224
DEB-KER13,2026-06-10,O3,112.62916666666666
DEB-KER13,2026-06-10,PM10,19.945833333333333
DEB-KER13,2026-06-10,PM2.5,7.604166666666667
DEB-KER13,2026-06-10,Pressure,998.125
DEB-KER13,2026-06-10,TVOC,2.5
DEB-KER13,2026-06-10,WaterLevel,7.400000000000001
DEB-KER13,2026-06-10,WaterTemp,11.800000000000002
DEB-KER13,2026-06-10,Wind_Direction,130.43333333333334
DEB-KER13,2026-06-10,Wind_Speed,2.3666666666666667
DEB-KER13,2026-06-11,CO,387.27500000000003
DEB-KER13,2026-06-11,CO2,762.1041666666666
DEB-KER13,2026-06-11,Conductivity,0.9
DEB-KER13,2026-06-11,Humidity,62.979166666666664
DEB-KER13,2026-06-11,NO,7.805263157894736
DEB-KER13,2026-06-11,NO2,17.55
DEB-KER13,2026-06-11,NOx,29.310526315789474
DEB-KER13,2026-06-11,O3,96.21249999999999
DEB-KER13,2026-06-11,PM10,9.404166666666667
DEB-KER13,2026-06-11,PM2.5,4.729166666666667
DEB-KER13,2026-06-11,Pressure,998.6374999999999
DEB-KER13,2026-06-11,WaterLevel,7.400000000000001
DEB-KER13,2026-06-11,WaterTemp,11.804166666666667
DEB-KER13,2026-06-11,Wind_Direction,212.70833333333334
DEB-KER13,2026-06-11,Wind_Speed,3.2624999999999997
DEB-KER13,2026-06-12,CO,379.1541666666667
DEB-KER13,2026-06-12,CO2,753.6458333333334
DEB-KER13,2026-06-12,Conductivity,0.9
DEB-KER13,2026-06-12,Humidity,59.137499999999996
DEB-KER13,2026-06-12,NO,5.526666666666667
DEB-KER13,2026-06-12,NO2,15.617391304347825
DEB-KER13,2026-06-12,NOx,27.930769230769233
DEB-KER13,2026-06-12,O3,90.95833333333333
DEB-KER13,2026-06-12,PM10,6.6625000000000005
DEB-KER13,2026-06-12,PM2.5,4.533333333333333
DEB-KER13,2026-06-12,Pressure,1004.2416666666667
DEB-KER13,2026-06-12,WaterLevel,7.4913043478260875
DEB-KER13,2026-06-12,WaterTemp,11.821739130434784
DEB-KER13,2026-06-12,Wind_Direction,209.64583333333334
DEB-KER13,2026-06-12,Wind_Speed,1.9291666666666665
DEB-KER13,2026-06-13,CO,383.1875
DEB-KER13,2026-06-13,CO2,779.6374999999999
DEB-KER13,2026-06-13,Conductivity,0.9
DEB-KER13,2026-06-13,Humidity,60.21666666666667
DEB-KER13,2026-06-13,NO,4.3125
DEB-KER13,2026-06-13,NO2,14.178260869565218
DEB-KER13,2026-06-13,NOx,21.78125
DEB-KER13,2026-06-13,O3,85.14583333333333
DEB-KER13,2026-06-13,PM10,7.4750000000000005
DEB-KER13,2026-06-13,PM2.5,4.408333333333333
DEB-KER13,2026-06-13,Pressure,1002.0791666666668
DEB-KER13,2026-06-13,WaterLevel,7.5
DEB-KER13,2026-06-13,WaterTemp,11.826086956521738
DEB-KER13,2026-06-13,Wind_Direction,209.36666666666667
DEB-KER13,2026-06-13,Wind_Speed,3.6791666666666667
DEB-KER13,2026-06-14,CO,366.37916666666666
DEB-KER13,2026-06-14,CO2,762.6916666666666
DEB-KER13,2026-06-14,Conductivity,0.9
DEB-KER13,2026-06-14,Humidity,58.49583333333334
DEB-KER13,2026-06-14,NO,6.25
DEB-KER13,2026-06-14,NO2,16.282608695652176
DEB-KER13,2026-06-14,NOx,26.62142857142857
DEB-KER13,2026-06-14,O3,96.28750000000001
DEB-KER13,2026-06-14,PM10,12.645833333333334
DEB-KER13,2026-06-14,PM2.5,5.033333333333333
DEB-KER13,2026-06-14,Pressure,996.2583333333333
DEB-KER13,2026-06-14,WaterLevel,7.5
DEB-KER13,2026-06-14,WaterTemp,11.829166666666667
DEB-KER13,2026-06-14,Wind_Direction,224.95000000000002
DEB-KER13,2026-06-14,Wind_Speed,4.204166666666667
DEB-KER13,2026-06-15,CO,369.95
DEB-KER13,2026-06-15,CO2,766.4416666666666
DEB-KER13,2026-06-15,Conductivity,0.9
DEB-KER13,2026-06-15,Humidity,48.40416666666667
DEB-KER13,2026-06-15,NO,3.55
DEB-KER13,2026-06-15,NO2,15.618181818181819
DEB-KER13,2026-06-15,NOx,31.5
DEB-KER13,2026-06-15,O3,91.09583333333335
DEB-KER13,2026-06-15,PM10,9.691666666666666
DEB-KER13,2026-06-15,PM2.5,4.208333333333333
DEB-KER13,2026-06-15,Pressure,997.3541666666666
DEB-KER13,2026-06-15,WaterLevel,7.5
DEB-KER13,2026-06-15,WaterTemp,11.845833333333333
DEB-KER13,2026-06-15,Wind_Direction,210.3375
DEB-KER13,2026-06-15,Wind_Speed,2.829166666666667
DEB-KER13,2026-06-16,CO,367.59999999999997
DEB-KER13,2026-06-16,CO2,742.6166666666667
DEB-KER13,2026-06-16,Conductivity,0.9
DEB-KER13,2026-06-16,Humidity,48.074999999999996
DEB-KER13,2026-06-16,NO,8.7
DEB-KER13,2026-06-16,NO2,16.219047619047622
DEB-KER13,2026-06-16,NOx,36.97777777777778
DEB-KER13,2026-06-16,O3,110.88333333333333
DEB-KER13,2026-06-16,PM10,11.904166666666667
DEB-KER13,2026-06-16,PM2.5,4.8625
DEB-KER13,2026-06-16,Pressure,1001.6833333333334
DEB-KER13,2026-06-16,WaterLevel,7.5
DEB-KER13,2026-06-16,WaterTemp,11.8375
DEB-KER13,2026-06-16,Wind_Direction,235.88333333333333
DEB-KER13,2026-06-16,Wind_Speed,4.529166666666667
DEB-KER13,2026-06-17,CO,395.17083333333335
DEB-KER13,2026-06-17,CO2,768.0666666666666
DEB-KER13,2026-06-17,Conductivity,0.9
DEB-KER13,2026-06-17,Humidity,55.333333333333336
DEB-KER13,2026-06-17,NO,9.576470588235296
DEB-KER13,2026-06-17,NO2,14.18695652173913
DEB-KER13,2026-06-17,NOx,26.105882352941176
DEB-KER13,2026-06-17,O3,92.25416666666666
DEB-KER13,2026-06-17,PM10,23.46666666666667
DEB-KER13,2026-06-17,PM2.5,6.341666666666666
DEB-KER13,2026-06-17,Pressure,1002.2458333333334
DEB-KER13,2026-06-17,TVOC,2.5
DEB-KER13,2026-06-17,WaterLevel,7.5
DEB-KER13,2026-06-17,WaterTemp,11.8375
DEB-KER13,2026-06-17,Wind_Direction,181.11249999999998
DEB-KER13,2026-06-17,Wind_Speed,2.829166666666667
DEB-KER13,2026-06-18,CO,380.0625
DEB-KER13,2026-06-18,CO2,789.2125
DEB-KER13,2026-06-18,Conductivity,0.9
DEB-KER13,2026-06-18,Humidity,57.69583333333333
DEB-KER13,2026-06-18,NO,16.725
DEB-KER13,2026-06-18,NO2,17.3
DEB-KER13,2026-06-18,NOx,34.055
DEB-KER13,2026-06-18,O3,85.58749999999999
DEB-KER13,2026-06-18,PM10,20.870833333333334
DEB-KER13,2026-06-18,PM2.5,6.604166666666667
DEB-KER13,2026-06-18,Pressure,1005.2083333333334
DEB-KER13,2026-06-18,TVOC,2.5
DEB-KER13,2026-06-18,WaterLevel,7.5
DEB-KER13,2026-06-18,WaterTemp,11.862499999999999
DEB-KER13,2026-06-18,Wind_Direction,170.63750000000002
DEB-KER13,2026-06-18,Wind_Speed,1.4124999999999999
DEB-KER13,2026-06-19,CO,413.43333333333334
DEB-KER13,2026-06-19,CO2,848.3249999999999
DEB-KER13,2026-06-19,Conductivity,0.9
DEB-KER13,2026-06-19,Humidity,63.64166666666666
DEB-KER13,2026-06-19,NO,20.439999999999998
DEB-KER13,2026-06-19,NO2,20.259999999999998
DEB-KER13,2026-06-19,NOx,40.89
DEB-KER13,2026-06-19,O3,65.58333333333333
DEB-KER13,2026-06-19,PM10,21.875
DEB-KER13,2026-06-19,PM2.5,7.566666666666666
DEB-KER13,2026-06-19,Pressure,1005.6333333333333
DEB-KER13,2026-06-19,WaterLevel,7.5
DEB-KER13,2026-06-19,WaterTemp,11.850000000000001
DEB-KER13,2026-06-19,Wind_Direction,180.1
DEB-KER13,2026-06-19,Wind_Speed,1.0916666666666666
DEB-KER14,2026-05-21,CO,319.8363636363636
DEB-KER14,2026-05-21,CO2,756.6181818181817
DEB-KER14,2026-05-21,Conductivity,2.1
DEB-KER14,2026-05-21,Humidity,47.99545454545455
DEB-KER14,2026-05-21,LAEQ_day,56.2
DEB-KER14,2026-05-21,LAEQ_night,50.6
DEB-KER14,2026-05-21,NO,0.7
DEB-KER14,2026-05-21,NO2,10.722727272727273
DEB-KER14,2026-05-21,NOx,14.633333333333333
DEB-KER14,2026-05-21,O3,180.50454545454545
DEB-KER14,2026-05-21,PM10,20.12727272727273
DEB-KER14,2026-05-21,PM2.5,7.368181818181818
DEB-KER14,2026-05-21,Pressure,1007.8227272727272
DEB-KER14,2026-05-21,TVOC,2.5
DEB-KER14,2026-05-21,WaterLevel,6.8
DEB-KER14,2026-05-21,WaterTemp,13.27727272727273
DEB-KER14,2026-05-21,Wind_Direction,113.61818181818181
DEB-KER14,2026-05-21,Wind_Speed,11.063636363636364
DEB-KER14,2026-05-22,CO,299.6875
DEB-KER14,2026-05-22,CO2,754.225
DEB-KER14,2026-05-22,Conductivity,2.1
DEB-KER14,2026-05-22,Humidity,48.87083333333334
DEB-KER14,2026-05-22,LAEQ_day,56.8
DEB-KER14,2026-05-22,LAEQ_night,51.0
DEB-KER14,2026-05-22,NO,0.7
DEB-KER14,2026-05-22,NO2,8.862499999999999
DEB-KER14,2026-05-22,NOx,11.944444444444445
DEB-KER14,2026-05-22,O3,184.92499999999998
DEB-KER14,2026-05-22,PM10,13.195833333333333
DEB-KER14,2026-05-22,PM2.5,5.5874999999999995
DEB-KER14,2026-05-22,Pressure,1011.1291666666666
DEB-KER14,2026-05-22,TVOC,2.5
DEB-KER14,2026-05-22,WaterLevel,6.791666666666667
DEB-KER14,2026-05-22,WaterTemp,13.279166666666667
DEB-KER14,2026-05-22,Wind_Direction,75.4375
DEB-KER14,2026-05-22,Wind_Speed,15.520833333333334
DEB-KER14,2026-05-23,CO,297.71250000000003
DEB-KER14,2026-05-23,CO2,754.2875
DEB-KER14,2026-05-23,Conductivity,2.1
DEB-KER14,2026-05-23,Humidity,44.17083333333333
DEB-KER14,2026-05-23,LAEQ_day,57.5
DEB-KER14,2026-05-23,LAEQ_night,46.4
DEB-KER14,2026-05-23,NO,0.7
DEB-KER14,2026-05-23,NO2,10.808333333333332
DEB-KER14,2026-05-23,NOx,15.0
DEB-KER14,2026-05-23,O3,183.39166666666665
DEB-KER14,2026-05-23,PM10,10.970833333333333
DEB-KER14,2026-05-23,PM2.5,5.191666666666666
DEB-KER14,2026-05-23,Pressure,1012.2833333333333
DEB-KER14,2026-05-23,TVOC,2.5
DEB-KER14,2026-05-23,WaterLevel,6.7
DEB-KER14,2026-05-23,WaterTemp,13.279166666666667
DEB-KER14,2026-05-23,Wind_Direction,66.34583333333333
DEB-KER14,2026-05-23,Wind_Speed,11.308333333333332
DEB-KER14,2026-05-24,CO,298.97499999999997
DEB-KER14,2026-05-24,CO2,753.5583333333334
DEB-KER14,2026-05-24,Conductivity,2.1
DEB-KER14,2026-05-24,Humidity,42.75833333333333
DEB-KER14,2026-05-24,LAEQ_day,53.4
DEB-KER14,2026-05-24,LAEQ_night,47.3
DEB-KER14,2026-05-24,NO,0.7
DEB-KER14,2026-05-24,NO2,9.154166666666667
DEB-KER14,2026-05-24,NOx,11.222222222222221
DEB-KER14,2026-05-24,O3,179.57500000000002
DEB-KER14,2026-05-24,PM10,9.725
DEB-KER14,2026-05-24,PM2.5,4.716666666666667
DEB-KER14,2026-05-24,Pressure,1012.7875
DEB-KER14,2026-05-24,TVOC,2.5
DEB-KER14,2026-05-24,WaterLevel,6.7
DEB-KER14,2026-05-24,WaterTemp,13.275
DEB-KER14,2026-05-24,Wind_Direction,89.10833333333333
DEB-KER14,2026-05-24,Wind_Speed,9.362499999999999
DEB-KER14,2026-05-25,CO,313.7
DEB-KER14,2026-05-25,CO2,776.4916666666667
DEB-KER14,2026-05-25,Conductivity,2.1
DEB-KER14,2026-05-25,Humidity,46.70416666666667
DEB-KER14,2026-05-25,LAEQ_day,54.4
DEB-KER14,2026-05-25,LAEQ_night,48.8
DEB-KER14,2026-05-25,NO,0.7
DEB-KER14,2026-05-25,NO2,7.3875
DEB-KER14,2026-05-25,NOx,7.109090909090909
DEB-KER14,2026-05-25,O3,190.82083333333333
DEB-KER14,2026-05-25,PM10,14.716666666666667
DEB-KER14,2026-05-25,PM2.5,6.9750000000000005
DEB-KER14,2026-05-25,Pressure,1013.5583333333334
DEB-KER14,2026-05-25,TVOC,3.8375
DEB-KER14,2026-05-25,WaterLevel,6.7
DEB-KER14,2026-05-25,WaterTemp,13.262500000000001
DEB-KER14,2026-05-25,Wind_Direction,114.72083333333335
DEB-KER14,2026-05-25,Wind_Speed,6.745833333333334
DEB-KER14,2026-05-26,CO,293.5
DEB-KER14,2026-05-26,CO2,752.1625
DEB-KER14,2026-05-26,Conductivity,2.125
DEB-KER14,2026-05-26,Humidity,42.545833333333334
DEB-KER14,2026-05-26,LAEQ_day,55.7
DEB-KER14,2026-05-26,LAEQ_night,48.1
DEB-KER14,2026-05-26,NO,0.7
DEB-KER14,2026-05-26,NO2,8.658333333333333
DEB-KER14,2026-05-26,NOx,6.618181818181818
DEB-KER14,2026-05-26,O3,213.8375
DEB-KER14,2026-05-26,PM10,11.804166666666667
DEB-KER14,2026-05-26,PM2.5,4.158333333333333
DEB-KER14,2026-05-26,Pressure,1012.1041666666666
DEB-KER14,2026-05-26,TVOC,4.607142857142857
DEB-KER14,2026-05-26,WaterLevel,6.6875
DEB-KER14,2026-05-26,WaterTemp,13.266666666666666
DEB-KER14,2026-05-26,Wind_Direction,139.625
DEB-KER14,2026-05-26,Wind_Speed,7.666666666666667
DEB-KER14,2026-05-27,CO,304.625
DEB-KER14,2026-05-27,CO2,768.2476190476191
DEB-KER14,2026-05-27,Conductivity,2.1583333333333337
DEB-KER14,2026-05-27,Humidity,42.8375
DEB-KER14,2026-05-27,LAEQ_day,54.3
DEB-KER14,2026-05-27,LAEQ_night,44.3
DEB-KER14,2026-05-27,NO,0.6999999999999998
DEB-KER14,2026-05-27,NO2,12.595833333333333
DEB-KER14,2026-05-27,NOx,8.558333333333334
DEB-KER14,2026-05-27,O3,229.95833333333334
DEB-KER14,2026-05-27,PM10,28.558333333333334
DEB-KER14,2026-05-27,PM2.5,6.320833333333333
DEB-KER14,2026-05-27,Pressure,1005.1875
DEB-KER14,2026-05-27,TVOC,2.5
DEB-KER14,2026-05-27,WaterLevel,6.625
DEB-KER14,2026-05-27,WaterTemp,13.279166666666667
DEB-KER14,2026-05-27,Wind_Direction,173.76250000000002
DEB-KER14,2026-05-27,Wind_Speed,8.0
DEB-KER14,2026-05-28,CO,286.31666666666666
DEB-KER14,2026-05-28,Conductivity,2.1208333333333336
DEB-KER14,2026-05-28,Humidity,37.80833333333333
DEB-KER14,2026-05-28,LAEQ_day,51.6
DEB-KER14,2026-05-28,LAEQ_night,44.5
DEB-KER14,2026-05-28,NO,0.7
DEB-KER14,2026-05-28,NO2,6.533333333333334
DEB-KER14,2026-05-28,NOx,6.746666666666667
DEB-KER14,2026-05-28,O3,181.27083333333334
DEB-KER14,2026-05-28,PM10,13.020833333333334
DEB-KER14,2026-05-28,PM2.5,3.6208333333333336
DEB-KER14,2026-05-28,Pressure,1006.3541666666666
DEB-KER14,2026-05-28,WaterLevel,6.599999999999999
DEB-KER14,2026-05-28,WaterTemp,13.266666666666666
DEB-KER14,2026-05-28,Wind_Direction,80.6875
DEB-KER14,2026-05-28,Wind_Speed,9.654166666666667
DEB-KER14,2026-05-29,CO,332.5541666666667
DEB-KER14,2026-05-29,CO2,1039.9166666666667
DEB-KER14,2026-05-29,Conductivity,2.1041666666666665
DEB-KER14,2026-05-29,Humidity,38.4
DEB-KER14,2026-05-29,LAEQ_day,51.9
DEB-KER14,2026-05-29,LAEQ_night,44.2
DEB-KER14,2026-05-29,NO,1.0466666666666666
DEB-KER14,2026-05-29,NO2,9.3375
DEB-KER14,2026-05-29,NOx,11.34
DEB-KER14,2026-05-29,O3,164.98749999999998
DEB-KER14,2026-05-29,PM10,15.987499999999999
DEB-KER14,2026-05-29,PM2.5,4.2875000000000005
DEB-KER14,2026-05-29,Pressure,1010.525
DEB-KER14,2026-05-29,TVOC,2.5
DEB-KER14,2026-05-29,WaterLevel,6.599999999999999
DEB-KER14,2026-05-29,WaterTemp,13.279166666666667
DEB-KER14,2026-05-29,Wind_Direction,190.3708333333333
DEB-KER14,2026-05-29,Wind_Speed,5.833333333333333
DEB-KER14,2026-05-30,CO,329.2708333333333
DEB-KER14,2026-05-30,CO2,777.4541666666668
DEB-KER14,2026-05-30,Conductivity,2.1
DEB-KER14,2026-05-30,Humidity,44.53333333333333
DEB-KER14,2026-05-30,LAEQ_day,51.2
DEB-KER14,2026-05-30,LAEQ_night,44.3
DEB-KER14,2026-05-30,NO,0.7777777777777778
DEB-KER14,2026-05-30,NO2,8.104166666666666
DEB-KER14,2026-05-30,NOx,8.850000000000001
DEB-KER14,2026-05-30,O3,168.2875
DEB-KER14,2026-05-30,PM10,12.891666666666666
DEB-KER14,2026-05-30,PM2.5,4.129166666666666
DEB-KER14,2026-05-30,Pressure,1004.0500000000001
DEB-KER14,2026-05-30,WaterLevel,6.599999999999999
DEB-KER14,2026-05-30,WaterTemp,13.287500000000001
DEB-KER14,2026-05-30,Wind_Direction,197.98749999999998
DEB-KER14,2026-05-30,Wind_Speed,4.729166666666667
DEB-KER14,2026-05-31,CO,305.6166666666667
DEB-KER14,2026-05-31,CO2,777.9166666666666
DEB-KER14,2026-05-31,Conductivity,2.1
DEB-KER14,2026-05-31,Humidity,57.37083333333334
DEB-KER14,2026-05-31,LAEQ_day,52.3
DEB-KER14,2026-05-31,LAEQ_night,43.9
DEB-KER14,2026-05-31,NO,3.6350000000000002
DEB-KER14,2026-05-31,NO2,6.2
DEB-KER14,2026-05-31,NOx,9.74
DEB-KER14,2026-05-31,O3,176.20000000000002
DEB-KER14,2026-05-31,PM10,12.4375
DEB-KER14,2026-05-31,PM2.5,5.966666666666666
DEB-KER14,2026-05-31,Pressure,1000.4333333333334
DEB-KER14,2026-05-31,TVOC,2.5
DEB-KER14,2026-05-31,WaterLevel,6.599999999999999
DEB-KER14,2026-05-31,WaterTemp,13.291666666666666
DEB-KER14,2026-05-31,Wind_Direction,193.25833333333333
DEB-KER14,2026-05-31,Wind_Speed,4.566666666666666
DEB-KER14,2026-06-01,CO,323.2416666666667
DEB-KER14,2026-06-01,CO2,790.6291666666666
DEB-KER14,2026-06-01,Conductivity,2.1
DEB-KER14,2026-06-01,Humidity,64.40833333333333
DEB-KER14,2026-06-01,LAEQ_day,52.0
DEB-KER14,2026-06-01,LAEQ_night,44.1
DEB-KER14,2026-06-01,NO,1.0875
DEB-KER14,2026-06-01,NO2,4.779166666666667
DEB-KER14,2026-06-01,NOx,5.966666666666666
DEB-KER14,2026-06-01,O3,155.15
DEB-KER14,2026-06-01,PM10,18.470833333333335
DEB-KER14,2026-06-01,PM2.5,9.6
DEB-KER14,2026-06-01,Pressure,999.4291666666667
DEB-KER14,2026-06-01,WaterLevel,6.6
DEB-KER14,2026-06-01,WaterTemp,13.295652173913044
DEB-KER14,2026-06-01,Wind_Direction,175.15416666666667
DEB-KER14,2026-06-01,Wind_Speed,3.0500000000000003
DEB-KER14,2026-06-02,CO,299.54583333333335
DEB-KER14,2026-06-02,CO2,775.4458333333333
DEB-KER14,2026-06-02,Conductivity,2.1
DEB-KER14,2026-06-02,Humidity,68.16250000000001
DEB-KER14,2026-06-02,LAEQ_day,53.7
DEB-KER14,2026-06-02,LAEQ_night,45.6
DEB-KER14,2026-06-02,NO,3.322222222222222
DEB-KER14,2026-06-02,NO2,5.458333333333333
DEB-KER14,2026-06-02,NOx,8.88888888888889
DEB-KER14,2026-06-02,O3,163.06666666666666
DEB-KER14,2026-06-02,PM10,7.754166666666666
DEB-KER14,2026-06-02,PM2.5,5.1125
DEB-KER14,2026-06-02,Pressure,1000.1999999999999
DEB-KER14,2026-06-02,TVOC,2.5
DEB-KER14,2026-06-02,WaterLevel,6.599999999999999
DEB-KER14,2026-06-02,WaterTemp,13.300000000000002
DEB-KER14,2026-06-02,Wind_Direction,231.3375
DEB-KER14,2026-06-02,Wind_Speed,5.129166666666666
DEB-KER14,2026-06-03,CO,294.22499999999997
DEB-KER14,2026-06-03,CO2,758.9583333333334
DEB-KER14,2026-06-03,Conductivity,2.1
DEB-KER14,2026-06-03,Humidity,57.55833333333334
DEB-KER14,2026-06-03,LAEQ_day,55.6
DEB-KER14,2026-06-03,LAEQ_night,47.4
DEB-KER14,2026-06-03,NO,0.7
DEB-KER14,2026-06-03,NO2,8.641666666666667
DEB-KER14,2026-06-03,NOx,7.8538461538461535
DEB-KER14,2026-06-03,O3,174.95000000000002
DEB-KER14,2026-06-03,PM10,7.041666666666667
DEB-KER14,2026-06-03,PM2.5,4.9125000000000005
DEB-KER14,2026-06-03,Pressure,997.3916666666668
DEB-KER14,2026-06-03,TVOC,2.5
DEB-KER14,2026-06-03,WaterLevel,6.599999999999999
DEB-KER14,2026-06-03,WaterTemp,13.300000000000002
DEB-KER14,2026-06-03,Wind_Direction,172.9125
DEB-KER14,2026-06-03,Wind_Speed,4.6625000000000005
DEB-KER14,2026-06-04,CO,296.8041666666667
DEB-KER14,2026-06-04,CO2,773.3208333333333
DEB-KER14,2026-06-04,Conductivity,2.1
DEB-KER14,2026-06-04,Humidity,63.11666666666667
DEB-KER14,2026-06-04,LAEQ_day,54.9
DEB-KER14,2026-06-04,LAEQ_night,47.2
DEB-KER14,2026-06-04,NO,0.7
DEB-KER14,2026-06-04,NO2,6.0249999999999995
DEB-KER14,2026-06-04,NOx,6.723529411764706
DEB-KER14,2026-06-04,O3,136.34583333333333
DEB-KER14,2026-06-04,PM10,7.733333333333333
DEB-KER14,2026-06-04,PM2.5,5.6875
DEB-KER14,2026-06-04,Pressure,997.4875000000001
DEB-KER14,2026-06-04,TVOC,2.5
DEB-KER14,2026-06-04,WaterLevel,6.565217391304348
DEB-KER14,2026-06-04,WaterTemp,13.291304347826086
DEB-KER14,2026-06-04,Wind_Direction,201.79999999999998
DEB-KER14,2026-06-04,Wind_Speed,5.3875
DEB-KER14,2026-06-05,CO,296.79583333333335
DEB-KER14,2026-06-05,CO2,769.3000000000001
DEB-KER14,2026-06-05,Conductivity,2.1
DEB-KER14,2026-06-05,Humidity,62.574999999999996
DEB-KER14,2026-06-05,LAEQ_day,55.8
DEB-KER14,2026-06-05,LAEQ_night,43.3
DEB-KER14,2026-06-05,NO,0.7
DEB-KER14,2026-06-05,NO2,5.754166666666666
DEB-KER14,2026-06-05,NOx,6.346153846153846
DEB-KER14,2026-06-05,O3,132.10833333333332
DEB-KER14,2026-06-05,PM10,6.458333333333333
DEB-KER14,2026-06-05,PM2.5,4.666666666666667
DEB-KER14,2026-06-05,Pressure,1001.0208333333334
DEB-KER14,2026-06-05,TVOC,2.5
DEB-KER14,2026-06-05,WaterLevel,6.5
DEB-KER14,2026-06-05,WaterTemp,13.300000000000002
DEB-KER14,2026-06-05,Wind_Direction,190.9333333333333
DEB-KER14,2026-06-05,Wind_Speed,4.3875
DEB-KER14,2026-06-06,CO,305.39166666666665
DEB-KER14,2026-06-06,CO2,778.6083333333332
DEB-KER14,2026-06-06,Conductivity,2.1
DEB-KER14,2026-06-06,Humidity,67.68333333333334
DEB-KER14,2026-06-06,LAEQ_day,50.6
DEB-KER14,2026-06-06,LAEQ_night,43.6
DEB-KER14,2026-06-06,NO,0.7
DEB-KER14,2026-06-06,NO2,5.895833333333333
DEB-KER14,2026-06-06,NOx,6.734999999999999
DEB-KER14,2026-06-06,O3,107.7625
DEB-KER14,2026-06-06,PM10,3.779166666666667
DEB-KER14,2026-06-06,PM2.5,3.025
DEB-KER14,2026-06-06,Pressure,1005.1374999999999
DEB-KER14,2026-06-06,TVOC,2.5
DEB-KER14,2026-06-06,WaterLevel,6.4173913043478255
DEB-KER14,2026-06-06,WaterTemp,13.3
DEB-KER14,2026-06-06,Wind_Direction,181.9375
DEB-KER14,2026-06-06,Wind_Speed,3.358333333333333
DEB-KER14,2026-06-07,CO,294.34166666666664
DEB-KER14,2026-06-07,CO2,771.2166666666667
DEB-KER14,2026-06-07,Conductivity,2.1
DEB-KER14,2026-06-07,Humidity,58.48333333333333
DEB-KER14,2026-06-07,LAEQ_day,50.5
DEB-KER14,2026-06-07,LAEQ_night,44.5
DEB-KER14,2026-06-07,NO,0.6999999999999998
DEB-KER14,2026-06-07,NO2,8.645833333333334
DEB-KER14,2026-06-07,NOx,8.15
DEB-KER14,2026-06-07,O3,129.4125
DEB-KER14,2026-06-07,PM10,5.375
DEB-KER14,2026-06-07,PM2.5,4.0874999999999995
DEB-KER14,2026-06-07,Pressure,1007.1166666666667
DEB-KER14,2026-06-07,TVOC,2.7384615384615385
DEB-KER14,2026-06-07,WaterLevel,6.400000000000001
DEB-KER14,2026-06-07,WaterTemp,13.300000000000002
DEB-KER14,2026-06-07,Wind_Direction,141.38750000000002
DEB-KER14,2026-06-07,Wind_Speed,4.9624999999999995
DEB-KER14,2026-06-08,CO,300.47083333333336
DEB-KER14,2026-06-08,CO2,801.6291666666666
DEB-KER14,2026-06-08,Conductivity,2.1
DEB-KER14,2026-06-08,Humidity,52.61666666666667
DEB-KER14,2026-06-08,LAEQ_day,51.8
DEB-KER14,2026-06-08,LAEQ_night,45.1
DEB-KER14,2026-06-08,NO,1.0833333333333333
DEB-KER14,2026-06-08,NO2,8.408333333333333
DEB-KER14,2026-06-08,NOx,9.541666666666666
DEB-KER14,2026-06-08,O3,123.30833333333334
DEB-KER14,2026-06-08,PM10,5.629166666666666
DEB-KER14,2026-06-08,PM2.5,3.358333333333333
DEB-KER14,2026-06-08,Pressure,1007.3625000000001
DEB-KER14,2026-06-08,TVOC,2.5
DEB-KER14,2026-06-08,WaterLevel,6.370833333333334
DEB-KER14,2026-06-08,WaterTemp,13.300000000000002
DEB-KER14,2026-06-08,Wind_Direction,144.1875
DEB-KER14,2026-06-08,Wind_Speed,4.391666666666667
DEB-KER14,2026-06-09,CO,298.20416666666665
DEB-KER14,2026-06-09,CO2,761.0375
DEB-KER14,2026-06-09,Conductivity,2.1
DEB-KER14,2026-06-09,Humidity,45.5625
DEB-KER14,2026-06-09,LAEQ_day,51.8
DEB-KER14,2026-06-09,LAEQ_night,45.4
DEB-KER14,2026-06-09,NO,0.7
DEB-KER14,2026-06-09,NO2,9.995833333333334
DEB-KER14,2026-06-09,NOx,10.327272727272728
DEB-KER14,2026-06-09,O3,148.83333333333334
DEB-KER14,2026-06-09,PM10,7.133333333333333
DEB-KER14,2026-06-09,PM2.5,3.8208333333333333
DEB-KER14,2026-06-09,Pressure,1003.2375000000001
DEB-KER14,2026-06-09,TVOC,4.706666666666666
DEB-KER14,2026-06-09,WaterLevel,6.3
DEB-KER14,2026-06-09,WaterTemp,13.300000000000002
DEB-KER14,2026-06-09,Wind_Direction,144.55416666666667
DEB-KER14,2026-06-09,Wind_Speed,2.9458333333333333
DEB-KER14,2026-06-10,CO,309.4916666666667
DEB-KER14,2026-06-10,CO2,752.4499999999999
DEB-KER14,2026-06-10,Conductivity,2.1
DEB-KER14,2026-06-10,Humidity,49.09583333333333
DEB-KER14,2026-06-10,LAEQ_day,55.5
DEB-KER14,2026-06-10,LAEQ_night,49.8
DEB-KER14,2026-06-10,NO,0.7
DEB-KER14,2026-06-10,NO2,8.549999999999999
DEB-KER14,2026-06-10,NOx,8.81
DEB-KER14,2026-06-10,O3,159.29166666666666
DEB-KER14,2026-06-10,PM10,13.041666666666666
DEB-KER14,2026-06-10,PM2.5,6.2625
DEB-KER14,2026-06-10,Pressure,1000.9208333333332
DEB-KER14,2026-06-10,TVOC,4.617647058823529
DEB-KER14,2026-06-10,WaterLevel,6.3
DEB-KER14,2026-06-10,WaterTemp,13.300000000000002
DEB-KER14,2026-06-10,Wind_Direction,125.125
DEB-KER14,2026-06-10,Wind_Speed,5.075
DEB-KER14,2026-06-11,CO,307.5
DEB-KER14,2026-06-11,CO2,768.3375
DEB-KER14,2026-06-11,Conductivity,2.1
DEB-KER14,2026-06-11,Humidity,64.45833333333333
DEB-KER14,2026-06-11,LAEQ_day,55.9
DEB-KER14,2026-06-11,LAEQ_night,44.7
DEB-KER14,2026-06-11,NO,1.4208333333333334
DEB-KER14,2026-06-11,NO2,7.858333333333333
DEB-KER14,2026-06-11,NOx,9.241666666666667
DEB-KER14,2026-06-11,O3,135.17916666666667
DEB-KER14,2026-06-11,PM10,5.741666666666667
DEB-KER14,2026-06-11,PM2.5,4.0
DEB-KER14,2026-06-11,Pressure,1002.0791666666668
DEB-KER14,2026-06-11,TVOC,2.5
DEB-KER14,2026-06-11,WaterLevel,6.2875000000000005
DEB-KER14,2026-06-11,WaterTemp,13.300000000000002
DEB-KER14,2026-06-11,Wind_Direction,203.00833333333333
DEB-KER14,2026-06-11,Wind_Speed,9.395833333333334
DEB-KER14,2026-06-12,CO,300.87916666666666
DEB-KER14,2026-06-12,CO2,767.9791666666666
DEB-KER14,2026-06-12,Conductivity,2.1
DEB-KER14,2026-06-12,Humidity,61.40416666666667
DEB-KER14,2026-06-12,LAEQ_day,53.2
DEB-KER14,2026-06-12,LAEQ_night,43.9
DEB-KER14,2026-06-12,NO,2.0043478260869567
DEB-KER14,2026-06-12,NO2,13.370833333333332
DEB-KER14,2026-06-12,NOx,15.639130434782608
DEB-KER14,2026-06-12,O3,110.03333333333335
DEB-KER14,2026-06-12,PM10,4.6875
DEB-KER14,2026-06-12,PM2.5,3.483333333333333
DEB-KER14,2026-06-12,Pressure,1007.6958333333333
DEB-KER14,2026-06-12,WaterLevel,6.3
DEB-KER14,2026-06-12,WaterTemp,13.300000000000002
DEB-KER14,2026-06-12,Wind_Direction,141.375
DEB-KER14,2026-06-12,Wind_Speed,6.254166666666666
DEB-KER14,2026-06-13,CO,303.89166666666665
DEB-KER14,2026-06-13,CO2,798.4416666666666
DEB-KER14,2026-06-13,Conductivity,2.1
DEB-KER14,2026-06-13,Humidity,64.575
DEB-KER14,2026-06-13,LAEQ_day,50.9
DEB-KER14,2026-06-13,LAEQ_night,42.7
DEB-KER14,2026-06-13,NO,1.5833333333333333
DEB-KER14,2026-06-13,NO2,9.691666666666666
DEB-KER14,2026-06-13,NOx,11.354166666666666
DEB-KER14,2026-06-13,O3,105.43333333333334
DEB-KER14,2026-06-13,PM10,3.8249999999999997
DEB-KER14,2026-06-13,PM2.5,3.216666666666667
DEB-KER14,2026-06-13,Pressure,1005.7166666666667
DEB-KER14,2026-06-13,WaterLevel,6.260869565217392
DEB-KER14,2026-06-13,WaterTemp,13.3
DEB-KER14,2026-06-13,Wind_Direction,200.21666666666667
DEB-KER14,2026-06-13,Wind_Speed,6.716666666666666
DEB-KER14,2026-06-14,CO,284.23333333333335
DEB-KER14,2026-06-14,CO2,772.0500000000001
DEB-KER14,2026-06-14,Conductivity,2.1
DEB-KER14,2026-06-14,Humidity,61.354166666666664
DEB-KER14,2026-06-14,LAEQ_day,50.7
DEB-KER14,2026-06-14,LAEQ_night,44.2
DEB-KER14,2026-06-14,NO,1.6222222222222222
DEB-KER14,2026-06-14,NO2,8.6875
DEB-KER14,2026-06-14,NOx,11.038888888888888
DEB-KER14,2026-06-14,O3,126.57499999999999
DEB-KER14,2026-06-14,PM10,6.75
DEB-KER14,2026-06-14,PM2.5,3.658333333333333
DEB-KER14,2026-06-14,Pressure,999.625
DEB-KER14,2026-06-14,TVOC,2.5
DEB-KER14,2026-06-14,WaterLevel,6.2
DEB-KER14,2026-06-14,WaterTemp,13.300000000000002
DEB-KER14,2026-06-14,Wind_Direction,208.32916666666665
DEB-KER14,2026-06-14,Wind_Speed,9.229166666666666
DEB-KER14,2026-06-15,CO,287.07916666666665
DEB-KER14,2026-06-15,CO2,778.5124999999999
DEB-KER14,2026-06-15,Conductivity,2.1
DEB-KER14,2026-06-15,Humidity,49.90416666666667
DEB-KER14,2026-06-15,LAEQ_day,57.8
DEB-KER14,2026-06-15,LAEQ_night,43.6
DEB-KER14,2026-06-15,NO,1.8411764705882354
DEB-KER14,2026-06-15,NO2,10.070833333333333
DEB-KER14,2026-06-15,NOx,13.58235294117647
DEB-KER14,2026-06-15,O3,120.325
DEB-KER14,2026-06-15,PM10,4.425
DEB-KER14,2026-06-15,PM2.5,2.9375
DEB-KER14,2026-06-15,Pressure,1001.0500000000001
DEB-KER14,2026-06-15,WaterLevel,6.2
DEB-KER14,2026-06-15,WaterTemp,13.300000000000002
DEB-KER14,2026-06-15,Wind_Direction,231.20000000000002
DEB-KER14,2026-06-15,Wind_Speed,8.520833333333334
DEB-KER14,2026-06-16,CO,284.6166666666667
DEB-KER14,2026-06-16,CO2,762.0875
DEB-KER14,2026-06-16,Conductivity,2.1
DEB-KER14,2026-06-16,Humidity,49.574999999999996
DEB-KER14,2026-06-16,LAEQ_day,57.1
DEB-KER14,2026-06-16,LAEQ_night,44.3
DEB-KER14,2026-06-16,NO,1.6125
DEB-KER14,2026-06-16,NO2,15.525
DEB-KER14,2026-06-16,NOx,19.58125
DEB-KER14,2026-06-16,O3,139.275
DEB-KER14,2026-06-16,PM10,5.7749999999999995
DEB-KER14,2026-06-16,PM2.5,3.579166666666667
DEB-KER14,2026-06-16,Pressure,1005.2541666666666
DEB-KER14,2026-06-16,WaterLevel,6.2
DEB-KER14,2026-06-16,WaterTemp,13.300000000000002
DEB-KER14,2026-06-16,Wind_Direction,226.32500000000002
DEB-KER14,2026-06-16,Wind_Speed,7.9125000000000005
DEB-KER14,2026-06-17,CO,306.2375
DEB-KER14,2026-06-17,CO2,777.8291666666668
DEB-KER14,2026-06-17,Conductivity,2.1
DEB-KER14,2026-06-17,Humidity,56.12916666666666
DEB-KER14,2026-06-17,LAEQ_day,51.4
DEB-KER14,2026-06-17,LAEQ_night,44.0
DEB-KER14,2026-06-17,NO,1.3666666666666667
DEB-KER14,2026-06-17,NO2,17.849999999999998
DEB-KER14,2026-06-17,NOx,19.433333333333334
DEB-KER14,2026-06-17,O3,118.02916666666665
DEB-KER14,2026-06-17,PM10,13.054166666666667
DEB-KER14,2026-06-17,PM2.5,4.754166666666666
DEB-KER14,2026-06-17,Pressure,1005.65
DEB-KER14,2026-06-17,TVOC,2.5
DEB-KER14,2026-06-17,WaterLevel,6.179166666666667
DEB-KER14,2026-06-17,WaterTemp,13.300000000000002
DEB-KER14,2026-06-17,Wind_Direction,161.07500000000002
DEB-KER14,2026-06-17,Wind_Speed,4.716666666666667
DEB-KER14,2026-06-18,CO,294.8875
DEB-KER14,2026-06-18,CO2,793.6416666666668
DEB-KER14,2026-06-18,Conductivity,2.1
DEB-KER14,2026-06-18,Humidity,57.44583333333333
DEB-KER14,2026-06-18,LAEQ_day,54.9
DEB-KER14,2026-06-18,LAEQ_night,45.1
DEB-KER14,2026-06-18,NO,3.3785714285714286
DEB-KER14,2026-06-18,NO2,8.429166666666667
DEB-KER14,2026-06-18,NOx,11.200000000000001
DEB-KER14,2026-06-18,O3,121.7375
DEB-KER14,2026-06-18,PM10,13.35
DEB-KER14,2026-06-18,PM2.5,5.229166666666667
DEB-KER14,2026-06-18,Pressure,1008.3375
DEB-KER14,2026-06-18,TVOC,2.5
DEB-KER14,2026-06-18,WaterLevel,6.1
DEB-KER14,2026-06-18,WaterTemp,13.3
DEB-KER14,2026-06-18,Wind_Direction,130.6625
DEB-KER14,2026-06-18,Wind_Speed,3.1125000000000003
DEB-KER14,2026-06-19,CO,337.23333333333335
DEB-KER14,2026-06-19,CO2,812.0333333333333
DEB-KER14,2026-06-19,Conductivity,2.1
DEB-KER14,2026-06-19,Humidity,61.791666666666664
DEB-KER14,2026-06-19,LAEQ_day,54.1
DEB-KER14,2026-06-19,LAEQ_night,45.4
DEB-KER14,2026-06-19,NO,1.9833333333333334
DEB-KER14,2026-06-19,NO2,12.891666666666666
DEB-KER14,2026-06-19,NOx,14.858333333333334
DEB-KER14,2026-06-19,O3,99.60000000000001
DEB-KER14,2026-06-19,PM10,18.016666666666666
DEB-KER14,2026-06-19,PM2.5,7.3
DEB-KER14,2026-06-19,Pressure,1009.1
DEB-KER14,2026-06-19,TVOC,2.5
DEB-KER14,2026-06-19,WaterLevel,6.099999999999999
DEB-KER14,2026-06-19,WaterTemp,13.300000000000002
DEB-KER14,2026-06-19,Wind_Direction,110.95833333333333
DEB-KER14,2026-06-19,Wind_Speed,2.5
DEB-KER15,2026-05-21,CO,388.09090909090907
DEB-KER15,2026-05-21,CO2,759.8181818181819
DEB-KER15,2026-05-21,Conductivity,1.5
DEB-KER15,2026-05-21,Humidity,49.86818181818182
DEB-KER15,2026-05-21,NO2,24.34090909090909
DEB-KER15,2026-05-21,O3,146.66363636363636
DEB-KER15,2026-05-21,PM10,11.909090909090908
DEB-KER15,2026-05-21,PM2.5,6.104545454545455
DEB-KER15,2026-05-21,Pressure,1006.2363636363636
DEB-KER15,2026-05-21,TVOC,2.5
DEB-KER15,2026-05-21,WaterLevel,3.3
DEB-KER15,2026-05-21,WaterTemp,16.7
DEB-KER15,2026-05-22,CO,371.0541666666666
DEB-KER15,2026-05-22,CO2,760.0375
DEB-KER15,2026-05-22,Conductivity,1.5
DEB-KER15,2026-05-22,Humidity,50.8125
DEB-KER15,2026-05-22,NO2,20.141666666666666
DEB-KER15,2026-05-22,O3,141.18333333333334
DEB-KER15,2026-05-22,PM10,10.225
DEB-KER15,2026-05-22,PM2.5,5.0625
DEB-KER15,2026-05-22,Pressure,1009.5375
DEB-KER15,2026-05-22,TVOC,2.5
DEB-KER15,2026-05-22,WaterLevel,3.2999999999999994
DEB-KER15,2026-05-22,WaterTemp,16.7
DEB-KER15,2026-05-23,CO,368.37916666666666
DEB-KER15,2026-05-23,CO2,757.7541666666666
DEB-KER15,2026-05-23,Conductivity,1.5
DEB-KER15,2026-05-23,Humidity,46.26666666666667
DEB-KER15,2026-05-23,NO2,18.320833333333333
DEB-KER15,2026-05-23,O3,146.22916666666666
DEB-KER15,2026-05-23,PM10,8.779166666666667
DEB-KER15,2026-05-23,PM2.5,4.9375
DEB-KER15,2026-05-23,Pressure,1010.7041666666668
DEB-KER15,2026-05-23,TVOC,2.5
DEB-KER15,2026-05-23,WaterLevel,3.2999999999999994
DEB-KER15,2026-05-23,WaterTemp,16.7
DEB-KER15,2026-05-24,CO,365.00416666666666
DEB-KER15,2026-05-24,CO2,755.7375000000001
DEB-KER15,2026-05-24,Conductivity,1.5
DEB-KER15,2026-05-24,Humidity,44.82083333333333
DEB-KER15,2026-05-24,NO2,14.445833333333333
DEB-KER15,2026-05-24,O3,141.93333333333334
DEB-KER15,2026-05-24,PM10,6.5625
DEB-KER15,2026-05-24,PM2.5,4.2375
DEB-KER15,2026-05-24,Pressure,1011.2041666666668
DEB-KER15,2026-05-24,TVOC,2.5
DEB-KER15,2026-05-24,WaterLevel,3.2999999999999994
DEB-KER15,2026-05-24,WaterTemp,16.7
DEB-KER15,2026-05-25,CO,376.80833333333334
DEB-KER15,2026-05-25,CO2,767.1374999999999
DEB-KER15,2026-05-25,Conductivity,1.5
DEB-KER15,2026-05-25,Humidity,47.15416666666667
DEB-KER15,2026-05-25,NO2,11.200000000000001
DEB-KER15,2026-05-25,O3,148.0
DEB-KER15,2026-05-25,PM10,10.104166666666666
DEB-KER15,2026-05-25,PM2.5,5.554166666666667
DEB-KER15,2026-05-25,Pressure,1011.7833333333333
DEB-KER15,2026-05-25,TVOC,2.5
DEB-KER15,2026-05-25,WaterLevel,3.266666666666667
DEB-KER15,2026-05-25,WaterTemp,16.7
DEB-KER15,2026-05-26,CO,367.5
DEB-KER15,2026-05-26,CO2,754.0625
DEB-KER15,2026-05-26,Conductivity,1.5
DEB-KER15,2026-05-26,Humidity,44.34166666666667
DEB-KER15,2026-05-26,NO2,12.0625
DEB-KER15,2026-05-26,O3,159.17499999999998
DEB-KER15,2026-05-26,PM10,8.85
DEB-KER15,2026-05-26,PM2.5,4.270833333333333
DEB-KER15,2026-05-26,Pressure,1010.5375
DEB-KER15,2026-05-26,TVOC,2.5
DEB-KER15,2026-05-26,WaterLevel,3.2000000000000006
DEB-KER15,2026-05-26,WaterTemp,16.7
DEB-KER15,2026-05-27,CO,388.4875
DEB-KER15,2026-05-27,CO2,766.6166666666667
DEB-KER15,2026-05-27,Conductivity,1.5
DEB-KER15,2026-05-27,Humidity,44.6875
DEB-KER15,2026-05-27,NO,1.16
DEB-KER15,2026-05-27,NO2,16.815
DEB-KER15,2026-05-27,NOx,39.2
DEB-KER15,2026-05-27,O3,151.84166666666667
DEB-KER15,2026-05-27,PM10,30.195833333333336
DEB-KER15,2026-05-27,PM2.5,6.8999999999999995
DEB-KER15,2026-05-27,Pressure,1003.6
DEB-KER15,2026-05-27,TVOC,2.5
DEB-KER15,2026-05-27,WaterLevel,3.2000000000000006
DEB-KER15,2026-05-27,WaterTemp,16.7
DEB-KER15,2026-05-28,CO,351.15000000000003
DEB-KER15,2026-05-28,CO2,745.7791666666667
DEB-KER15,2026-05-28,Conductivity,1.5
DEB-KER15,2026-05-28,Humidity,39.80416666666667
DEB-KER15,2026-05-28,NO,0.7
DEB-KER15,2026-05-28,NO2,14.483333333333334
DEB-KER15,2026-05-28,NOx,14.928571428571429
DEB-KER15,2026-05-28,O3,147.76666666666668
DEB-KER15,2026-05-28,PM10,11.366666666666667
DEB-KER15,2026-05-28,PM2.5,4.241666666666666
DEB-KER15,2026-05-28,Pressure,1004.5708333333333
DEB-KER15,2026-05-28,TVOC,2.5
DEB-KER15,2026-05-28,WaterLevel,3.2000000000000006
DEB-KER15,2026-05-28,WaterTemp,16.7
DEB-KER15,2026-05-29,CO,373.0416666666667
DEB-KER15,2026-05-29,CO2,759.65
DEB-KER15,2026-05-29,Conductivity,1.5
DEB-KER15,2026-05-29,Humidity,39.625
DEB-KER15,2026-05-29,NO,0.7
DEB-KER15,2026-05-29,NO2,16.6375
DEB-KER15,2026-05-29,NOx,22.46
DEB-KER15,2026-05-29,O3,132.50416666666666
DEB-KER15,2026-05-29,PM10,7.5625
DEB-KER15,2026-05-29,PM2.5,3.65
DEB-KER15,2026-05-29,Pressure,1008.6458333333334
DEB-KER15,2026-05-29,TVOC,2.5
DEB-KER15,2026-05-29,WaterLevel,3.2000000000000006
DEB-KER15,2026-05-29,WaterTemp,16.7
DEB-KER15,2026-05-30,CO,393.2583333333334
DEB-KER15,2026-05-30,CO2,771.9291666666667
DEB-KER15,2026-05-30,Conductivity,1.5
DEB-KER15,2026-05-30,Humidity,46.6625
DEB-KER15,2026-05-30,NO,1.457142857142857
DEB-KER15,2026-05-30,NO2,15.229166666666666
DEB-KER15,2026-05-30,NOx,16.614285714285714
DEB-KER15,2026-05-30,O3,128.57916666666668
DEB-KER15,2026-05-30,PM10,12.433333333333332
DEB-KER15,2026-05-30,PM2.5,4.679166666666666
DEB-KER15,2026-05-30,Pressure,1002.3333333333334
DEB-KER15,2026-05-30,TVOC,2.5
DEB-KER15,2026-05-30,WaterLevel,3.2000000000000006
DEB-KER15,2026-05-30,WaterTemp,16.7
DEB-KER15,2026-05-31,CO,374.375
DEB-KER15,2026-05-31,CO2,770.0833333333334
DEB-KER15,2026-05-31,Conductivity,1.5
DEB-KER15,2026-05-31,Humidity,59.65
DEB-KER15,2026-05-31,NO,5.658333333333334
DEB-KER15,2026-05-31,NO2,15.308333333333332
DEB-KER15,2026-05-31,NOx,24.433333333333334
DEB-KER15,2026-05-31,O3,128.70833333333334
DEB-KER15,2026-05-31,PM10,12.512500000000001
DEB-KER15,2026-05-31,PM2.5,5.7250000000000005
DEB-KER15,2026-05-31,Pressure,998.5458333333332
DEB-KER15,2026-05-31,TVOC,2.5
DEB-KER15,2026-05-31,WaterLevel,3.2000000000000006
DEB-KER15,2026-05-31,WaterTemp,16.7
DEB-KER15,2026-06-01,CO,387.66249999999997
DEB-KER15,2026-06-01,CO2,784.9
DEB-KER15,2026-06-01,Conductivity,1.5
DEB-KER15,2026-06-01,Humidity,65.24166666666666
DEB-KER15,2026-06-01,NO,0.9499999999999998
DEB-KER15,2026-06-01,NO2,18.004166666666666
DEB-KER15,2026-06-01,NOx,20.925
DEB-KER15,2026-06-01,O3,111.28750000000001
DEB-KER15,2026-06-01,PM10,14.554166666666667
DEB-KER15,2026-06-01,PM2.5,6.870833333333334
DEB-KER15,2026-06-01,Pressure,997.7833333333333
DEB-KER15,2026-06-01,TVOC,2.5
DEB-KER15,2026-06-01,WaterLevel,3.2000000000000006
DEB-KER15,2026-06-01,WaterTemp,16.7
DEB-KER15,2026-06-02,CO,365.42083333333335
DEB-KER15,2026-06-02,CO2,768.3291666666668
DEB-KER15,2026-06-02,Conductivity,1.5
DEB-KER15,2026-06-02,Humidity,68.67083333333333
DEB-KER15,2026-06-02,NO,4.058333333333334
DEB-KER15,2026-06-02,NO2,17.175
DEB-KER15,2026-06-02,NOx,23.0
DEB-KER15,2026-06-02,O3,124.80833333333334
DEB-KER15,2026-06-02,PM10,8.991666666666667
DEB-KER15,2026-06-02,PM2.5,5.3
DEB-KER15,2026-06-02,Pressure,998.4833333333332
DEB-KER15,2026-06-02,TVOC,2.5
DEB-KER15,2026-06-02,WaterLevel,3.2000000000000006
DEB-KER15,2026-06-02,WaterTemp,16.7
DEB-KER15,2026-06-03,CO,367.43333333333334
DEB-KER15,2026-06-03,CO2,762.0749999999999
DEB-KER15,2026-06-03,Conductivity,1.5
DEB-KER15,2026-06-03,Humidity,59.31666666666666
DEB-KER15,2026-06-03,NO,0.7
DEB-KER15,2026-06-03,NO2,17.533333333333335
DEB-KER15,2026-06-03,NOx,19.675
DEB-KER15,2026-06-03,O3,125.41666666666667
DEB-KER15,2026-06-03,PM10,10.458333333333334
DEB-KER15,2026-06-03,PM2.5,5.504166666666666
DEB-KER15,2026-06-03,Pressure,995.6541666666667
DEB-KER15,2026-06-03,TVOC,2.5
DEB-KER15,2026-06-03,WaterLevel,3.2000000000000006
DEB-KER15,2026-06-03,WaterTemp,16.7
DEB-KER15,2026-06-04,CO,370.52500000000003
DEB-KER15,2026-06-04,CO2,775.6125000000001
DEB-KER15,2026-06-04,Conductivity,1.5
DEB-KER15,2026-06-04,Humidity,64.92916666666666
DEB-KER15,2026-06-04,NO,0.7
DEB-KER15,2026-06-04,NO2,16.704166666666666
DEB-KER15,2026-06-04,NOx,15.6
DEB-KER15,2026-06-04,O3,90.94583333333333
DEB-KER15,2026-06-04,PM10,10.283333333333333
DEB-KER15,2026-06-04,PM2.5,5.9875
DEB-KER15,2026-06-04,Pressure,995.9375
DEB-KER15,2026-06-04,TVOC,2.5
DEB-KER15,2026-06-04,WaterLevel,3.2000000000000006
DEB-KER15,2026-06-04,WaterTemp,16.7
DEB-KER15,2026-06-05,CO,371.375
DEB-KER15,2026-06-05,CO2,774.7041666666668
DEB-KER15,2026-06-05,Conductivity,1.5
DEB-KER15,2026-06-05,Humidity,64.60000000000001
DEB-KER15,2026-06-05,NO,0.7
DEB-KER15,2026-06-05,NO2,15.958333333333334
DEB-KER15,2026-06-05,NOx,19.825
DEB-KER15,2026-06-05,O3,88.2
DEB-KER15,2026-06-05,PM10,9.066666666666666
DEB-KER15,2026-06-05,PM2.5,4.883333333333334
DEB-KER15,2026-06-05,Pressure,999.3541666666666
DEB-KER15,2026-06-05,TVOC,2.5
DEB-KER15,2026-06-05,WaterLevel,3.2000000000000006
DEB-KER15,2026-06-05,WaterTemp,16.7
DEB-KER15,2026-06-06,CO,374.57916666666665
DEB-KER15,2026-06-06,CO2,783.2666666666668
DEB-KER15,2026-06-06,Conductivity,1.5
DEB-KER15,2026-06-06,Humidity,69.28333333333333
DEB-KER15,2026-06-06,NO,0.7
DEB-KER15,2026-06-06,NO2,18.412499999999998
DEB-KER15,2026-06-06,NOx,16.7
DEB-KER15,2026-06-06,O3,78.375
DEB-KER15,2026-06-06,PM10,5.995833333333334
DEB-KER15,2026-06-06,PM2.5,3.920833333333333
DEB-KER15,2026-06-06,Pressure,1003.3000000000001
DEB-KER15,2026-06-06,TVOC,2.5
DEB-KER15,2026-06-06,WaterLevel,3.2000000000000006
DEB-KER15,2026-06-06,WaterTemp,16.7
DEB-KER15,2026-06-07,CO,368.4791666666667
DEB-KER15,2026-06-07,CO2,778.3458333333333
DEB-KER15,2026-06-07,Conductivity,1.5
DEB-KER15,2026-06-07,Humidity,60.47083333333333
DEB-KER15,2026-06-07,NO,0.7
DEB-KER15,2026-06-07,NO2,16.829166666666666
DEB-KER15,2026-06-07,NOx,16.75
DEB-KER15,2026-06-07,O3,92.17916666666667
DEB-KER15,2026-06-07,PM10,6.6875
DEB-KER15,2026-06-07,PM2.5,4.429166666666666
DEB-KER15,2026-06-07,Pressure,1005.4375
DEB-KER15,2026-06-07,TVOC,2.5
DEB-KER15,2026-06-07,WaterLevel,3.1666666666666665
DEB-KER15,2026-06-07,WaterTemp,16.7
DEB-KER15,2026-06-08,CO,379.81666666666666
DEB-KER15,2026-06-08,CO2,794.8083333333334
DEB-KER15,2026-06-08,Conductivity,1.5
DEB-KER15,2026-06-08,Humidity,54.550000000000004
DEB-KER15,2026-06-08,NO,0.7
DEB-KER15,2026-06-08,NO2,16.170833333333334
DEB-KER15,2026-06-08,NOx,21.68
DEB-KER15,2026-06-08,O3,92.89583333333333
DEB-KER15,2026-06-08,PM10,8.258333333333335
DEB-KER15,2026-06-08,PM2.5,4.333333333333333
DEB-KER15,2026-06-08,Pressure,1005.6416666666668
DEB-KER15,2026-06-08,TVOC,2.5
DEB-KER15,2026-06-08,WaterLevel,3.1
DEB-KER15,2026-06-08,WaterTemp,16.7
DEB-KER15,2026-06-09,CO,372.83750000000003
DEB-KER15,2026-06-09,CO2,762.0666666666666
DEB-KER15,2026-06-09,Conductivity,1.5
DEB-KER15,2026-06-09,Humidity,48.46666666666667
DEB-KER15,2026-06-09,NO2,12.841666666666667
DEB-KER15,2026-06-09,O3,104.875
DEB-KER15,2026-06-09,PM10,13.879166666666668
DEB-KER15,2026-06-09,PM2.5,4.766666666666667
DEB-KER15,2026-06-09,Pressure,1001.6583333333333
DEB-KER15,2026-06-09,TVOC,2.5
DEB-KER15,2026-06-09,WaterLevel,3.1
DEB-KER15,2026-06-09,WaterTemp,16.7
DEB-KER15,2026-06-10,CO,388.9041666666667
DEB-KER15,2026-06-10,CO2,754.2708333333334
DEB-KER15,2026-06-10,Conductivity,1.5
DEB-KER15,2026-06-10,Humidity,52.36666666666667
DEB-KER15,2026-06-10,NO2,13.979166666666666
DEB-KER15,2026-06-10,O3,110.4375
DEB-KER15,2026-06-10,PM10,17.14166666666667
DEB-KER15,2026-06-10,PM2.5,6.641666666666667
DEB-KER15,2026-06-10,Pressure,999.4499999999999
DEB-KER15,2026-06-10,TVOC,2.5
DEB-KER15,2026-06-10,WaterLevel,3.1
DEB-KER15,2026-06-10,WaterTemp,16.7
DEB-KER15,2026-06-11,CO,373.0208333333333
DEB-KER15,2026-06-11,CO2,768.4708333333333
DEB-KER15,2026-06-11,Conductivity,1.5
DEB-KER15,2026-06-11,Humidity,65.22916666666667
DEB-KER15,2026-06-11,NO,1.175
DEB-KER15,2026-06-11,NO2,15.987499999999999
DEB-KER15,2026-06-11,NOx,19.0375
DEB-KER15,2026-06-11,O3,92.55
DEB-KER15,2026-06-11,PM10,7.204166666666667
DEB-KER15,2026-06-11,PM2.5,4.233333333333333
DEB-KER15,2026-06-11,Pressure,1000.4541666666668
DEB-KER15,2026-06-11,TVOC,2.5
DEB-KER15,2026-06-11,WaterLevel,3.1
DEB-KER15,2026-06-11,WaterTemp,16.7
DEB-KER15,2026-06-12,CO,366.425
DEB-KER15,2026-06-12,CO2,764.3541666666666
DEB-KER15,2026-06-12,Conductivity,1.5
DEB-KER15,2026-06-12,Humidity,61.81666666666666
DEB-KER15,2026-06-12,NO,2.085714285714286
DEB-KER15,2026-06-12,NO2,16.491666666666667
DEB-KER15,2026-06-12,NOx,27.214285714285715
DEB-KER15,2026-06-12,O3,94.95
DEB-KER15,2026-06-12,PM10,4.808333333333334
DEB-KER15,2026-06-12,PM2.5,3.85
DEB-KER15,2026-06-12,Pressure,1005.8249999999999
DEB-KER15,2026-06-12,TVOC,2.5
DEB-KER15,2026-06-12,WaterLevel,3.1
DEB-KER15,2026-06-12,WaterTemp,16.7
DEB-KER15,2026-06-13,CO,374.2208333333333
DEB-KER15,2026-06-13,CO2,787.7041666666668
DEB-KER15,2026-06-13,Conductivity,1.5
DEB-KER15,2026-06-13,Humidity,62.95416666666667
DEB-KER15,2026-06-13,NO,1.125
DEB-KER15,2026-06-13,NO2,11.225
DEB-KER15,2026-06-13,NOx,17.025
DEB-KER15,2026-06-13,O3,75.575
DEB-KER15,2026-06-13,PM10,5.854166666666667
DEB-KER15,2026-06-13,PM2.5,3.85
DEB-KER15,2026-06-13,Pressure,1003.875
DEB-KER15,2026-06-13,TVOC,2.5
DEB-KER15,2026-06-13,WaterLevel,3.1
DEB-KER15,2026-06-13,WaterTemp,16.7
DEB-KER15,2026-06-14,CO,351.8666666666666
DEB-KER15,2026-06-14,CO2,772.4458333333333
DEB-KER15,2026-06-14,Conductivity,1.5
DEB-KER15,2026-06-14,Humidity,61.324999999999996
DEB-KER15,2026-06-14,NO2,10.725
DEB-KER15,2026-06-14,O3,90.08333333333333
DEB-KER15,2026-06-14,PM10,7.358333333333333
DEB-KER15,2026-06-14,PM2.5,3.9958333333333336
DEB-KER15,2026-06-14,Pressure,997.8541666666666
DEB-KER15,2026-06-14,TVOC,2.5
DEB-KER15,2026-06-14,WaterLevel,3.125
DEB-KER15,2026-06-14,WaterTemp,16.7
DEB-KER15,2026-06-15,CO,357.49583333333334
DEB-KER15,2026-06-15,CO2,773.7583333333333
DEB-KER15,2026-06-15,Conductivity,1.5
DEB-KER15,2026-06-15,Humidity,50.4
DEB-KER15,2026-06-15,NO,0.7
DEB-KER15,2026-06-15,NO2,13.391666666666666
DEB-KER15,2026-06-15,NOx,22.25
DEB-KER15,2026-06-15,O3,88.71249999999999
DEB-KER15,2026-06-15,PM10,4.2625
DEB-KER15,2026-06-15,PM2.5,3.3125
DEB-KER15,2026-06-15,Pressure,999.1458333333334
DEB-KER15,2026-06-15,TVOC,2.5
DEB-KER15,2026-06-15,WaterLevel,3.2000000000000006
DEB-KER15,2026-06-15,WaterTemp,16.7
DEB-KER15,2026-06-16,CO,352.5625
DEB-KER15,2026-06-16,CO2,755.5375
DEB-KER15,2026-06-16,Conductivity,1.5
DEB-KER15,2026-06-16,Humidity,50.97083333333333
DEB-KER15,2026-06-16,NO2,14.258333333333333
DEB-KER15,2026-06-16,O3,100.02499999999999
DEB-KER15,2026-06-16,PM10,4.466666666666667
DEB-KER15,2026-06-16,PM2.5,3.4375
DEB-KER15,2026-06-16,Pressure,1003.2833333333333
DEB-KER15,2026-06-16,TVOC,2.5
DEB-KER15,2026-06-16,WaterLevel,3.2000000000000006
DEB-KER15,2026-06-16,WaterTemp,16.7
DEB-KER15,2026-06-17,CO,376.2916666666667
DEB-KER15,2026-06-17,CO2,776.7666666666668
DEB-KER15,2026-06-17,Conductivity,1.5
DEB-KER15,2026-06-17,Humidity,56.083333333333336
DEB-KER15,2026-06-17,NO2,13.4625
DEB-KER15,2026-06-17,O3,86.05
DEB-KER15,2026-06-17,PM10,9.1
DEB-KER15,2026-06-17,PM2.5,4.25
DEB-KER15,2026-06-17,Pressure,1003.8125
DEB-KER15,2026-06-17,TVOC,2.5
DEB-KER15,2026-06-17,WaterLevel,3.2000000000000006
DEB-KER15,2026-06-17,WaterTemp,16.7
DEB-KER15,2026-06-18,CO,370.09999999999997
DEB-KER15,2026-06-18,CO2,787.4083333333333
DEB-KER15,2026-06-18,Conductivity,1.5
DEB-KER15,2026-06-18,Humidity,58.49583333333334
DEB-KER15,2026-06-18,NO,1.9
DEB-KER15,2026-06-18,NO2,10.825000000000001
DEB-KER15,2026-06-18,NOx,16.925
DEB-KER15,2026-06-18,O3,93.52499999999999
DEB-KER15,2026-06-18,PM10,8.241666666666667
DEB-KER15,2026-06-18,PM2.5,4.425
DEB-KER15,2026-06-18,Pressure,1006.6625
DEB-KER15,2026-06-18,TVOC,2.5
DEB-KER15,2026-06-18,WaterLevel,3.2000000000000006
DEB-KER15,2026-06-18,WaterTemp,16.7
DEB-KER15,2026-06-19,CO,418.6666666666667
DEB-KER15,2026-06-19,CO2,831.35
DEB-KER15,2026-06-19,Conductivity,1.5
DEB-KER15,2026-06-19,Humidity,61.69166666666666
DEB-KER15,2026-06-19,NO,2.05
DEB-KER15,2026-06-19,NO2,18.224999999999998
DEB-KER15,2026-06-19,NOx,22.95
DEB-KER15,2026-06-19,O3,77.48333333333333
DEB-KER15,2026-06-19,PM10,9.458333333333334
DEB-KER15,2026-06-19,PM2.5,5.0
DEB-KER15,2026-06-19,Pressure,1007.2666666666668
DEB-KER15,2026-06-19,TVOC,2.5
DEB-KER15,2026-06-19,WaterLevel,3.2000000000000006
DEB-KER15,2026-06-19,WaterTemp,16.7
DEB-KER18,2026-05-21,CO,376.33181818181816
DEB-KER18,2026-05-21,CO2,757.35
DEB-KER18,2026-05-21,Conductivity,1.1
DEB-KER18,2026-05-21,Humidity,50.03636363636363
DEB-KER18,2026-05-21,NO,0.7
DEB-KER18,2026-05-21,NO2,28.768181818181816
DEB-KER18,2026-05-21,NOx,34.8
DEB-KER18,2026-05-21,O3,169.5
DEB-KER18,2026-05-21,PM10,11.209090909090909
DEB-KER18,2026-05-21,PM2.5,6.05
DEB-KER18,2026-05-21,Pressure,1005.2272727272727
DEB-KER18,2026-05-21,TVOC,2.5
DEB-KER18,2026-05-21,WaterLevel,13.281818181818181
DEB-KER18,2026-05-21,WaterTemp,13.0
DEB-KER18,2026-05-21,Wind_Direction,103.30909090909091
DEB-KER18,2026-05-21,Wind_Speed,7.336363636363637
DEB-KER18,2026-05-22,CO,357.87916666666666
DEB-KER18,2026-05-22,CO2,754.8000000000001
DEB-KER18,2026-05-22,Conductivity,1.1
DEB-KER18,2026-05-22,Humidity,49.27916666666667
DEB-KER18,2026-05-22,NO2,26.462500000000002
DEB-KER18,2026-05-22,O3,167.29166666666666
DEB-KER18,2026-05-22,PM10,9.091666666666667
DEB-KER18,2026-05-22,PM2.5,4.404166666666667
DEB-KER18,2026-05-22,Pressure,1008.7166666666667
DEB-KER18,2026-05-22,WaterLevel,13.241666666666667
DEB-KER18,2026-05-22,WaterTemp,13.004166666666668
DEB-KER18,2026-05-22,Wind_Direction,117.79583333333333
DEB-KER18,2026-05-22,Wind_Speed,9.508333333333333
DEB-KER18,2026-05-23,CO,356.09999999999997
DEB-KER18,2026-05-23,CO2,753.6708333333332
DEB-KER18,2026-05-23,Conductivity,1.1
DEB-KER18,2026-05-23,Humidity,45.275
DEB-KER18,2026-05-23,NO2,24.71666666666667
DEB-KER18,2026-05-23,O3,171.86666666666667
DEB-KER18,2026-05-23,PM10,9.15
DEB-KER18,2026-05-23,PM2.5,4.2875000000000005
DEB-KER18,2026-05-23,Pressure,1009.6583333333333
DEB-KER18,2026-05-23,WaterLevel,13.229166666666666
DEB-KER18,2026-05-23,WaterTemp,13.0
DEB-KER18,2026-05-23,Wind_Direction,118.80416666666667
DEB-KER18,2026-05-23,Wind_Speed,7.441666666666666
DEB-KER18,2026-05-24,CO,356.4083333333333
DEB-KER18,2026-05-24,CO2,757.85
DEB-KER18,2026-05-24,Conductivity,1.1
DEB-KER18,2026-05-24,Humidity,44.15
DEB-KER18,2026-05-24,NO2,19.6375
DEB-KER18,2026-05-24,O3,160.13333333333333
DEB-KER18,2026-05-24,PM10,7.183333333333334
DEB-KER18,2026-05-24,PM2.5,3.6041666666666665
DEB-KER18,2026-05-24,Pressure,1010.1999999999999
DEB-KER18,2026-05-24,WaterLevel,13.199999999999998
DEB-KER18,2026-05-24,WaterTemp,13.0
DEB-KER18,2026-05-24,Wind_Direction,132.29166666666666
DEB-KER18,2026-05-24,Wind_Speed,5.175
DEB-KER18,2026-05-25,CO,373.8416666666667
DEB-KER18,2026-05-25,CO2,791.4541666666668
DEB-KER18,2026-05-25,Conductivity,1.1
DEB-KER18,2026-05-25,Humidity,49.604166666666664
DEB-KER18,2026-05-25,NO,0.7
DEB-KER18,2026-05-25,NO2,17.529166666666665
DEB-KER18,2026-05-25,NOx,24.875
DEB-KER18,2026-05-25,O3,155.54583333333332
DEB-KER18,2026-05-25,PM10,11.629166666666668
DEB-KER18,2026-05-25,PM2.5,5.470833333333334
DEB-KER18,2026-05-25,Pressure,1010.9041666666667
DEB-KER18,2026-05-25,TVOC,2.5
DEB-KER18,2026-05-25,WaterLevel,13.2
DEB-KER18,2026-05-25,WaterTemp,13.0
DEB-KER18,2026-05-25,Wind_Direction,115.41250000000001
DEB-KER18,2026-05-25,Wind_Speed,4.3
DEB-KER18,2026-05-26,CO,355.75
DEB-KER18,2026-05-26,CO2,752.8833333333333
DEB-KER18,2026-05-26,Conductivity,1.1
DEB-KER18,2026-05-26,Humidity,43.34583333333333
DEB-KER18,2026-05-26,NO2,16.866666666666667
DEB-KER18,2026-05-26,O3,177.0625
DEB-KER18,2026-05-26,PM10,8.637500000000001
DEB-KER18,2026-05-26,PM2.5,3.279166666666667
DEB-KER18,2026-05-26,Pressure,1009.6583333333333
DEB-KER18,2026-05-26,TVOC,2.5
DEB-KER18,2026-05-26,WaterLevel,13.199999999999998
DEB-KER18,2026-05-26,WaterTemp,13.0
DEB-KER18,2026-05-26,Wind_Direction,114.72916666666667
DEB-KER18,2026-05-26,Wind_Speed,4.566666666666666
DEB-KER18,2026-05-27,CO,369.6333333333334
DEB-KER18,2026-05-27,CO2,781.025
DEB-KER18,2026-05-27,Conductivity,1.1
DEB-KER18,2026-05-27,Humidity,45.487500000000004
DEB-KER18,2026-05-27,NO,0.7
DEB-KER18,2026-05-27,NO2,20.655
DEB-KER18,2026-05-27,NOx,27.200000000000003
DEB-KER18,2026-05-27,O3,167.9625
DEB-KER18,2026-05-27,PM10,27.5
DEB-KER18,2026-05-27,PM2.5,5.5375000000000005
DEB-KER18,2026-05-27,Pressure,1002.5041666666666
DEB-KER18,2026-05-27,TVOC,2.5
DEB-KER18,2026-05-27,WaterLevel,13.199999999999998
DEB-KER18,2026-05-27,WaterTemp,13.0
DEB-KER18,2026-05-27,Wind_Direction,159.09583333333333
DEB-KER18,2026-05-27,Wind_Speed,3.1458333333333335
DEB-KER18,2026-05-28,CO,350.39166666666665
DEB-KER18,2026-05-28,CO2,751.4625
DEB-KER18,2026-05-28,Conductivity,1.1
DEB-KER18,2026-05-28,Humidity,38.84583333333334
DEB-KER18,2026-05-28,NO,0.6999999999999998
DEB-KER18,2026-05-28,NO2,21.870833333333334
DEB-KER18,2026-05-28,NOx,20.133333333333333
DEB-KER18,2026-05-28,O3,165.82500000000002
DEB-KER18,2026-05-28,PM10,9.620833333333334
DEB-KER18,2026-05-28,PM2.5,2.8166666666666664
DEB-KER18,2026-05-28,Pressure,1003.625
DEB-KER18,2026-05-28,WaterLevel,13.199999999999998
DEB-KER18,2026-05-28,WaterTemp,13.0
DEB-KER18,2026-05-28,Wind_Direction,119.35833333333333
DEB-KER18,2026-05-28,Wind_Speed,5.945833333333333
DEB-KER18,2026-05-29,CO,370.0916666666667
DEB-KER18,2026-05-29,CO2,779.9208333333332
DEB-KER18,2026-05-29,Conductivity,1.1
DEB-KER18,2026-05-29,Humidity,42.15833333333333
DEB-KER18,2026-05-29,NO,3.1545454545454548
DEB-KER18,2026-05-29,NO2,21.704166666666666
DEB-KER18,2026-05-29,NOx,32.58181818181818
DEB-KER18,2026-05-29,O3,139.98749999999998
DEB-KER18,2026-05-29,PM10,8.708333333333334
DEB-KER18,2026-05-29,PM2.5,2.5749999999999997
DEB-KER18,2026-05-29,Pressure,1007.5708333333333
DEB-KER18,2026-05-29,TVOC,2.5
DEB-KER18,2026-05-29,WaterLevel,13.199999999999998
DEB-KER18,2026-05-29,WaterTemp,13.0
DEB-KER18,2026-05-29,Wind_Direction,129.96666666666667
DEB-KER18,2026-05-29,Wind_Speed,2.9916666666666667
DEB-KER18,2026-05-30,CO,388.4875
DEB-KER18,2026-05-30,CO2,795.5041666666666
DEB-KER18,2026-05-30,Conductivity,1.1
DEB-KER18,2026-05-30,Humidity,49.98333333333333
DEB-KER18,2026-05-30,NO,2.9699999999999998
DEB-KER18,2026-05-30,NO2,23.441666666666666
DEB-KER18,2026-05-30,NOx,32.71
DEB-KER18,2026-05-30,O3,126.34166666666665
DEB-KER18,2026-05-30,PM10,13.341666666666667
DEB-KER18,2026-05-30,PM2.5,3.6291666666666664
DEB-KER18,2026-05-30,Pressure,1001.1875
DEB-KER18,2026-05-30,WaterLevel,13.199999999999998
DEB-KER18,2026-05-30,WaterTemp,13.0
DEB-KER18,2026-05-30,Wind_Direction,144.15833333333333
DEB-KER18,2026-05-30,Wind_Speed,2.0083333333333333
DEB-KER18,2026-05-31,CO,364.1041666666667
DEB-KER18,2026-05-31,CO2,788.0541666666667
DEB-KER18,2026-05-31,Conductivity,1.1
DEB-KER18,2026-05-31,Humidity,58.775
DEB-KER18,2026-05-31,NO,3.3636363636363638
DEB-KER18,2026-05-31,NO2,21.9875
DEB-KER18,2026-05-31,NOx,31.518181818181816
DEB-KER18,2026-05-31,O3,130.3375
DEB-KER18,2026-05-31,PM10,11.729166666666666
DEB-KER18,2026-05-31,PM2.5,4.891666666666667
DEB-KER18,2026-05-31,Pressure,997.5916666666667
DEB-KER18,2026-05-31,WaterLevel,13.199999999999998
DEB-KER18,2026-05-31,WaterTemp,13.0
DEB-KER18,2026-05-31,Wind_Direction,164.74583333333334
DEB-KER18,2026-05-31,Wind_Speed,2.2083333333333335
DEB-KER18,2026-06-01,CO,371.97499999999997
DEB-KER18,2026-06-01,CO2,780.3291666666668
DEB-KER18,2026-06-01,Conductivity,1.1
DEB-KER18,2026-06-01,Humidity,62.824999999999996
DEB-KER18,2026-06-01,NO,0.8399999999999999
DEB-KER18,2026-06-01,NO2,22.037499999999998
DEB-KER18,2026-06-01,NOx,27.8
DEB-KER18,2026-06-01,O3,117.77499999999999
DEB-KER18,2026-06-01,PM10,13.508333333333333
DEB-KER18,2026-06-01,PM2.5,6.054166666666667
DEB-KER18,2026-06-01,Pressure,996.6791666666667
DEB-KER18,2026-06-01,WaterLevel,13.199999999999998
DEB-KER18,2026-06-01,WaterTemp,13.0
DEB-KER18,2026-06-01,Wind_Direction,196.29999999999998
DEB-KER18,2026-06-01,Wind_Speed,1.5916666666666668
DEB-KER18,2026-06-02,CO,353.2916666666667
DEB-KER18,2026-06-02,CO2,767.75
DEB-KER18,2026-06-02,Conductivity,1.1
DEB-KER18,2026-06-02,Humidity,67.81666666666666
DEB-KER18,2026-06-02,NO,1.7727272727272727
DEB-KER18,2026-06-02,NO2,24.791666666666668
DEB-KER18,2026-06-02,NOx,30.327272727272728
DEB-KER18,2026-06-02,O3,130.99166666666667
DEB-KER18,2026-06-02,PM10,8.700000000000001
DEB-KER18,2026-06-02,PM2.5,4.783333333333333
DEB-KER18,2026-06-02,Pressure,997.4041666666667
DEB-KER18,2026-06-02,WaterLevel,13.199999999999998
DEB-KER18,2026-06-02,WaterTemp,13.0
DEB-KER18,2026-06-02,Wind_Direction,147.51666666666668
DEB-KER18,2026-06-02,Wind_Speed,3.4291666666666667
DEB-KER18,2026-06-03,CO,357.76666666666665
DEB-KER18,2026-06-03,CO2,768.0458333333332
DEB-KER18,2026-06-03,Conductivity,1.1
DEB-KER18,2026-06-03,Humidity,60.625
DEB-KER18,2026-06-03,NO,0.7
DEB-KER18,2026-06-03,NO2,25.34583333333333
DEB-KER18,2026-06-03,NOx,28.875
DEB-KER18,2026-06-03,O3,121.65833333333335
DEB-KER18,2026-06-03,PM10,9.304166666666667
DEB-KER18,2026-06-03,PM2.5,4.654166666666667
DEB-KER18,2026-06-03,Pressure,994.5041666666666
DEB-KER18,2026-06-03,WaterLevel,13.2
DEB-KER18,2026-06-03,WaterTemp,13.0
DEB-KER18,2026-06-03,Wind_Direction,212.57083333333333
DEB-KER18,2026-06-03,Wind_Speed,1.5583333333333333
DEB-KER18,2026-06-04,CO,358.32916666666665
DEB-KER18,2026-06-04,CO2,784.5875
DEB-KER18,2026-06-04,Conductivity,1.1
DEB-KER18,2026-06-04,Humidity,64.07083333333334
DEB-KER18,2026-06-04,NO2,24.349999999999998
DEB-KER18,2026-06-04,O3,86.55
DEB-KER18,2026-06-04,PM10,10.283333333333333
DEB-KER18,2026-06-04,PM2.5,5.958333333333333
DEB-KER18,2026-06-04,Pressure,994.9125
DEB-KER18,2026-06-04,WaterLevel,13.199999999999998
DEB-KER18,2026-06-04,WaterTemp,13.0
DEB-KER18,2026-06-04,Wind_Direction,204.08333333333334
DEB-KER18,2026-06-04,Wind_Speed,1.5708333333333335
DEB-KER18,2026-06-05,CO,358.81666666666666
DEB-KER18,2026-06-05,CO2,770.1625
DEB-KER18,2026-06-05,Conductivity,1.1
DEB-KER18,2026-06-05,Humidity,63.13333333333333
DEB-KER18,2026-06-05,NO,0.7
DEB-KER18,2026-06-05,NO2,22.25
DEB-KER18,2026-06-05,NOx,24.6
DEB-KER18,2026-06-05,O3,85.2
DEB-KER18,2026-06-05,PM10,8.8125
DEB-KER18,2026-06-05,PM2.5,4.291666666666667
DEB-KER18,2026-06-05,Pressure,998.1833333333334
DEB-KER18,2026-06-05,WaterLevel,13.199999999999998
DEB-KER18,2026-06-05,WaterTemp,13.0
DEB-KER18,2026-06-05,Wind_Direction,186.8791666666667
DEB-KER18,2026-06-05,Wind_Speed,1.4833333333333334
DEB-KER18,2026-06-06,CO,358.33750000000003
DEB-KER18,2026-06-06,CO2,775.15
DEB-KER18,2026-06-06,Conductivity,1.1
DEB-KER18,2026-06-06,Humidity,66.55833333333334
DEB-KER18,2026-06-06,NO2,24.191666666666666
DEB-KER18,2026-06-06,O3,78.39583333333333
DEB-KER18,2026-06-06,PM10,5.308333333333334
DEB-KER18,2026-06-06,PM2.5,3.045833333333333
DEB-KER18,2026-06-06,Pressure,1002.2666666666668
DEB-KER18,2026-06-06,WaterLevel,13.2
DEB-KER18,2026-06-06,WaterTemp,13.0
DEB-KER18,2026-06-06,Wind_Direction,174.45000000000002
DEB-KER18,2026-06-06,Wind_Speed,1.7333333333333334
DEB-KER18,2026-06-07,CO,356.39166666666665
DEB-KER18,2026-06-07,CO2,803.775
DEB-KER18,2026-06-07,Conductivity,1.1
DEB-KER18,2026-06-07,Humidity,60.37083333333334
DEB-KER18,2026-06-07,NO,0.7
DEB-KER18,2026-06-07,NO2,22.583333333333332
DEB-KER18,2026-06-07,NOx,25.0
DEB-KER18,2026-06-07,O3,84.8625
DEB-KER18,2026-06-07,PM10,6.595833333333334
DEB-KER18,2026-06-07,PM2.5,3.704166666666666
DEB-KER18,2026-06-07,Pressure,1004.4791666666666
DEB-KER18,2026-06-07,WaterLevel,13.199999999999998
DEB-KER18,2026-06-07,WaterTemp,13.0
DEB-KER18,2026-06-07,Wind_Direction,218.60833333333335
DEB-KER18,2026-06-07,Wind_Speed,1.8125
DEB-KER18,2026-06-08,CO,355.79583333333335
DEB-KER18,2026-06-08,CO2,811.0875
DEB-KER18,2026-06-08,Conductivity,1.1
DEB-KER18,2026-06-08,Humidity,55.300000000000004
DEB-KER18,2026-06-08,NO,0.7
DEB-KER18,2026-06-08,NO2,22.491666666666664
DEB-KER18,2026-06-08,NOx,22.44
DEB-KER18,2026-06-08,O3,88.40416666666665
DEB-KER18,2026-06-08,PM10,7.254166666666666
DEB-KER18,2026-06-08,PM2.5,3.170833333333333
DEB-KER18,2026-06-08,Pressure,1004.6333333333333
DEB-KER18,2026-06-08,WaterLevel,13.199999999999998
DEB-KER18,2026-06-08,WaterTemp,13.0
DEB-KER18,2026-06-08,Wind_Direction,225.02916666666667
DEB-KER18,2026-06-08,Wind_Speed,2.4
DEB-KER18,2026-06-09,CO,363.12083333333334
DEB-KER18,2026-06-09,CO2,794.2875
DEB-KER18,2026-06-09,Conductivity,1.1
DEB-KER18,2026-06-09,Humidity,52.083333333333336
DEB-KER18,2026-06-09,NO,0.7
DEB-KER18,2026-06-09,NO2,19.091666666666665
DEB-KER18,2026-06-09,NOx,24.8
DEB-KER18,2026-06-09,O3,91.875
DEB-KER18,2026-06-09,PM10,9.1
DEB-KER18,2026-06-09,PM2.5,3.2416666666666667
DEB-KER18,2026-06-09,Pressure,1000.5541666666667
DEB-KER18,2026-06-09,TVOC,2.5
DEB-KER18,2026-06-09,WaterLevel,13.179166666666667
DEB-KER18,2026-06-09,WaterTemp,13.0
DEB-KER18,2026-06-09,Wind_Direction,188.475
DEB-KER18,2026-06-09,Wind_Speed,0.8208333333333333
DEB-KER18,2026-06-10,CO,369.6791666666666
DEB-KER18,2026-06-10,CO2,763.4375
DEB-KER18,2026-06-10,Conductivity,1.1
DEB-KER18,2026-06-10,Humidity,54.85833333333333
DEB-KER18,2026-06-10,NO2,20.691666666666666
DEB-KER18,2026-06-10,O3,108.33333333333333
DEB-KER18,2026-06-10,PM10,15.579166666666666
DEB-KER18,2026-06-10,PM2.5,6.070833333333333
DEB-KER18,2026-06-10,Pressure,998.5833333333334
DEB-KER18,2026-06-10,TVOC,2.5
DEB-KER18,2026-06-10,WaterLevel,13.387500000000001
DEB-KER18,2026-06-10,WaterTemp,13.0
DEB-KER18,2026-06-10,Wind_Direction,147.15833333333333
DEB-KER18,2026-06-10,Wind_Speed,2.2958333333333334
DEB-KER18,2026-06-11,CO,360.8958333333333
DEB-KER18,2026-06-11,CO2,775.6916666666666
DEB-KER18,2026-06-11,Conductivity,1.1
DEB-KER18,2026-06-11,Humidity,65.9375
DEB-KER18,2026-06-11,NO,0.7
DEB-KER18,2026-06-11,NO2,23.016666666666666
DEB-KER18,2026-06-11,NOx,24.763636363636362
DEB-KER18,2026-06-11,O3,90.05833333333334
DEB-KER18,2026-06-11,PM10,6.416666666666667
DEB-KER18,2026-06-11,PM2.5,3.225
DEB-KER18,2026-06-11,Pressure,999.1583333333333
DEB-KER18,2026-06-11,WaterLevel,13.6
DEB-KER18,2026-06-11,WaterTemp,13.0
DEB-KER18,2026-06-11,Wind_Direction,192.98749999999998
DEB-KER18,2026-06-11,Wind_Speed,2.5416666666666665
DEB-KER18,2026-06-12,CO,353.12083333333334
DEB-KER18,2026-06-12,CO2,763.625
DEB-KER18,2026-06-12,Conductivity,1.0625
DEB-KER18,2026-06-12,Humidity,62.75
DEB-KER18,2026-06-12,NO,0.7916666666666666
DEB-KER18,2026-06-12,NO2,16.02173913043478
DEB-KER18,2026-06-12,NOx,21.733333333333334
DEB-KER18,2026-06-12,O3,92.41250000000001
DEB-KER18,2026-06-12,PM10,4.545833333333333
DEB-KER18,2026-06-12,PM2.5,3.1208333333333336
DEB-KER18,2026-06-12,Pressure,1004.7333333333332
DEB-KER18,2026-06-12,WaterLevel,13.6
DEB-KER18,2026-06-12,WaterTemp,13.0
DEB-KER18,2026-06-12,Wind_Direction,226.625
DEB-KER18,2026-06-12,Wind_Speed,4.020833333333333
DEB-KER18,2026-06-13,CO,354.6541666666667
DEB-KER18,2026-06-13,CO2,806.9416666666666
DEB-KER18,2026-06-13,Conductivity,1.1
DEB-KER18,2026-06-13,Humidity,62.74583333333334
DEB-KER18,2026-06-13,NO,1.03
DEB-KER18,2026-06-13,NO2,11.570833333333333
DEB-KER18,2026-06-13,NOx,17.36
DEB-KER18,2026-06-13,O3,75.92916666666666
DEB-KER18,2026-06-13,PM10,4.354166666666667
DEB-KER18,2026-06-13,PM2.5,2.6458333333333335
DEB-KER18,2026-06-13,Pressure,1002.5916666666667
DEB-KER18,2026-06-13,WaterLevel,13.658333333333333
DEB-KER18,2026-06-13,WaterTemp,13.0
DEB-KER18,2026-06-13,Wind_Direction,175.0666666666667
DEB-KER18,2026-06-13,Wind_Speed,1.5416666666666667
DEB-KER18,2026-06-14,CO,337.2583333333333
DEB-KER18,2026-06-14,CO2,773.0166666666668
DEB-KER18,2026-06-14,Conductivity,1.0958333333333334
DEB-KER18,2026-06-14,Humidity,59.74166666666667
DEB-KER18,2026-06-14,NO,0.7
DEB-KER18,2026-06-14,NO2,12.366666666666667
DEB-KER18,2026-06-14,NOx,13.914285714285715
DEB-KER18,2026-06-14,O3,90.13333333333333
DEB-KER18,2026-06-14,PM10,8.233333333333333
DEB-KER18,2026-06-14,PM2.5,3.1875
DEB-KER18,2026-06-14,Pressure,996.6541666666667
DEB-KER18,2026-06-14,WaterLevel,13.649999999999999
DEB-KER18,2026-06-14,WaterTemp,13.0
DEB-KER18,2026-06-14,Wind_Direction,188.7541666666667
DEB-KER18,2026-06-14,Wind_Speed,2.2875
DEB-KER18,2026-06-15,CO,341.3625
DEB-KER18,2026-06-15,CO2,792.5375
DEB-KER18,2026-06-15,Conductivity,1.0416666666666667
DEB-KER18,2026-06-15,Humidity,50.699999999999996
DEB-KER18,2026-06-15,NO,1.2222222222222223
DEB-KER18,2026-06-15,NO2,13.0375
DEB-KER18,2026-06-15,NOx,16.244444444444444
DEB-KER18,2026-06-15,O3,86.99166666666667
DEB-KER18,2026-06-15,PM10,5.8374999999999995
DEB-KER18,2026-06-15,PM2.5,2.558333333333333
DEB-KER18,2026-06-15,Pressure,998.1333333333333
DEB-KER18,2026-06-15,WaterLevel,13.6
DEB-KER18,2026-06-15,WaterTemp,13.0
DEB-KER18,2026-06-15,Wind_Direction,214.98333333333335
DEB-KER18,2026-06-15,Wind_Speed,2.5833333333333335
DEB-KER18,2026-06-16,CO,333.5208333333333
DEB-KER18,2026-06-16,CO2,754.1416666666668
DEB-KER18,2026-06-16,Conductivity,1.0208333333333333
DEB-KER18,2026-06-16,Humidity,47.775
DEB-KER18,2026-06-16,NO,0.7
DEB-KER18,2026-06-16,NO2,13.966666666666667
DEB-KER18,2026-06-16,NOx,20.919999999999998
DEB-KER18,2026-06-16,O3,107.99166666666667
DEB-KER18,2026-06-16,PM10,6.929166666666667
DEB-KER18,2026-06-16,PM2.5,2.8958333333333335
DEB-KER18,2026-06-16,Pressure,1002.0333333333333
DEB-KER18,2026-06-16,WaterLevel,13.6
DEB-KER18,2026-06-16,WaterTemp,13.0
DEB-KER18,2026-06-16,Wind_Direction,199.49166666666667
DEB-KER18,2026-06-16,Wind_Speed,2.716666666666667
DEB-KER18,2026-06-17,CO,358.8125
DEB-KER18,2026-06-17,CO2,794.9166666666666
DEB-KER18,2026-06-17,Conductivity,1.0695652173913044
DEB-KER18,2026-06-17,Humidity,53.80833333333334
DEB-KER18,2026-06-17,NO,0.7
DEB-KER18,2026-06-17,NO2,13.870833333333332
DEB-KER18,2026-06-17,NOx,22.2625
DEB-KER18,2026-06-17,O3,87.70416666666667
DEB-KER18,2026-06-17,PM10,13.858333333333334
DEB-KER18,2026-06-17,PM2.5,3.9166666666666665
DEB-KER18,2026-06-17,Pressure,1002.7875
DEB-KER18,2026-06-17,WaterLevel,13.6
DEB-KER18,2026-06-17,WaterTemp,13.0
DEB-KER18,2026-06-17,Wind_Direction,186.27916666666667
DEB-KER18,2026-06-17,Wind_Speed,1.8541666666666667
DEB-KER18,2026-06-18,CO,345.2208333333333
DEB-KER18,2026-06-18,CO2,814.9625
DEB-KER18,2026-06-18,Conductivity,1.0666666666666667
DEB-KER18,2026-06-18,Humidity,57.229166666666664
DEB-KER18,2026-06-18,NO,0.8099999999999999
DEB-KER18,2026-06-18,NO2,9.895652173913044
DEB-KER18,2026-06-18,NOx,14.940000000000001
DEB-KER18,2026-06-18,O3,88.61666666666667
DEB-KER18,2026-06-18,PM10,13.737499999999999
DEB-KER18,2026-06-18,PM2.5,4.654166666666667
DEB-KER18,2026-06-18,Pressure,1005.6083333333332
DEB-KER18,2026-06-18,WaterLevel,13.6
DEB-KER18,2026-06-18,WaterTemp,13.0
DEB-KER18,2026-06-18,Wind_Direction,237.09166666666667
DEB-KER18,2026-06-18,Wind_Speed,2.4166666666666665
DEB-KER18,2026-06-19,CO,382.48333333333335
DEB-KER18,2026-06-19,CO2,893.6666666666666
DEB-KER18,2026-06-19,Conductivity,1.1
DEB-KER18,2026-06-19,Humidity,65.44166666666668
DEB-KER18,2026-06-19,NO,0.825
DEB-KER18,2026-06-19,NO2,14.891666666666666
DEB-KER18,2026-06-19,NOx,13.275
DEB-KER18,2026-06-19,O3,68.94166666666666
DEB-KER18,2026-06-19,PM10,16.76666666666667
DEB-KER18,2026-06-19,PM2.5,6.008333333333334
DEB-KER18,2026-06-19,Pressure,1006.3083333333334
DEB-KER18,2026-06-19,WaterLevel,13.6
DEB-KER18,2026-06-19,WaterTemp,13.0
DEB-KER18,2026-06-19,Wind_Direction,244.82500000000002
DEB-KER18,2026-06-19,Wind_Speed,1.4166666666666667
